event_id,event_name,posted_by_user_id,nearest_known_destination,district,province,event_date,true_latitude,true_longitude,reported_latitude,reported_longitude,submission_method,distance_error_m,location_accuracy_score,accuracy_tier,is_verified_for_display
EVT20000,Food & Craft Fair,U09276,Gal Oya Kudugala Village Eco Trek,Ampara,Eastern,2025-02-20,7.18545,81.45532,7.19144,81.44756,Manual Map Pin,1083.0,25.8,Very Low,False
EVT20001,Pop-up Local Festival,U09148,Sinhala & Tamil New Year Village Games,Anuradhapura,North Central,2023-03-07,8.30626,80.41918,8.30463,80.42179,Manual Map Pin,338.4,65.5,Medium,True
EVT20002,Private Wedding,U10451,Vesak Festival (Colombo & Island-wide),Colombo,Western,2025-12-11,6.89897,79.85709,6.90017,79.85735,GPS Auto-Tag,135.8,84.4,Medium,True
EVT20003,Temple/Kovil Special Pooja,U12819,Pasikuda Beach,Batticaloa,Eastern,2024-08-31,7.93691,81.5661,7.89962,81.62194,Typed Address,7404.4,0.0,Very Low,False
EVT20004,Temple/Kovil Special Pooja,U15036,Arugam Bay Surfing,Ampara,Eastern,2023-05-01,6.83303,81.83862,6.82719,81.84052,Typed Address,681.2,42.7,Low,False
EVT20005,Community New Year Carnival,U03580,Panama-Kudumbigala Eco Reserve,Ampara,Eastern,2023-12-22,6.88911,81.79894,6.89053,81.7998,GPS Auto-Tag,184.5,79.4,Medium,True
EVT20006,Pop-up Local Festival,U08114,Negombo Lagoon Boat Ride,Gampaha,Western,2023-08-07,7.21623,79.84384,7.22885,79.84527,Manual Map Pin,1409.5,17.2,Very Low,False
EVT20007,Pop-up Local Festival,U14754,Sinharaja Rainforest Trekking,Ratnapura/Galle,Sabaragamuwa,2025-03-18,6.40599,80.5144,6.35666,80.62119,Typed Address,12990.1,0.0,Very Low,False
EVT20008,Corporate Retreat Event,U03917,Diyasaru Wetland Park,Colombo,Western,2025-06-29,6.88242,79.90869,6.88311,79.90917,GPS Auto-Tag,93.2,89.0,High,True
EVT20009,Pop-up Local Festival,U10072,Yala National Park Safari,Hambantota,Southern,2025-09-25,6.38556,81.52864,6.3857,81.52852,GPS Auto-Tag,20.2,97.5,High,True
EVT20010,Village Perahera,U11180,Minneriya-Kaudulla Elephant Corridor,Polonnaruwa,North Central,2023-07-28,8.04173,80.94705,8.0865,80.9372,Typed Address,5085.9,0.2,Very Low,False
EVT20011,Community New Year Carnival,U11278,Bentota River Safari & Beach,Galle,Southern,2023-12-15,6.43033,79.98382,6.4302,79.98285,GPS Auto-Tag,107.5,87.4,High,True
EVT20012,Corporate Retreat Event,U05386,Rekawa Turtle Conservation,Hambantota,Southern,2023-03-08,6.04296,80.82877,6.02816,80.83093,Manual Map Pin,1660.7,12.5,Very Low,False
EVT20013,Temple/Kovil Special Pooja,U17116,Panama-Kudumbigala Eco Reserve,Ampara,Eastern,2023-03-07,6.90296,81.77646,6.90393,81.77959,GPS Auto-Tag,361.2,63.7,Medium,True
EVT20014,Private Wedding,U03273,Victoria Park Nuwara Eliya,Nuwara Eliya,Central,2024-08-28,6.97709,80.75099,6.97282,80.7511,Manual Map Pin,474.0,55.3,Low,False
EVT20015,Beach Party,U07016,Arugam Bay Surfing,Ampara,Eastern,2023-07-15,6.86385,81.84557,6.86372,81.84832,GPS Auto-Tag,303.2,68.5,Medium,True
EVT20016,Village Perahera,U11807,Tangalle Beach Escape,Hambantota,Southern,2023-06-10,6.02791,80.77594,6.03411,80.77084,Manual Map Pin,888.8,32.9,Low,False
EVT20017,Pop-up Local Festival,U16985,Beddagana Wetland Park,Colombo,Western,2024-04-28,6.90779,79.90986,6.90242,79.90776,Manual Map Pin,639.3,45.0,Low,False
EVT20018,Village Perahera,U03122,Laxapana Falls Trek,Nuwara Eliya,Central,2023-03-23,6.9469,80.49649,6.95504,80.5208,Typed Address,2827.3,2.9,Very Low,False
EVT20019,Community New Year Carnival,U04581,Unawatuna Beach,Galle,Southern,2024-11-18,6.00527,80.23571,6.00718,80.23562,GPS Auto-Tag,212.3,76.7,Medium,True
EVT20020,Food & Craft Fair,U16647,Pigeon Island Snorkeling,Trincomalee,Eastern,2024-07-19,8.71648,81.18899,8.7159,81.18758,GPS Auto-Tag,167.9,81.1,Medium,True
EVT20021,Live Music Night,U11692,Mannar Bird Migration Watching,Mannar,Northern,2025-11-01,8.97298,79.90837,8.93892,79.87612,Typed Address,5176.7,0.2,Very Low,False
EVT20022,Beach Party,U08565,Beruwala Beach Resort Leisure,Kalutara,Western,2023-04-28,6.48088,79.98109,6.47943,79.97937,GPS Auto-Tag,248.3,73.3,Medium,True
EVT20023,Village Perahera,U14815,Kandy Esala Perahera,Kandy,Central,2023-08-21,7.30435,80.65213,7.30485,80.65154,GPS Auto-Tag,85.4,89.9,High,True
EVT20024,Private Wedding,U16311,Victoria Park Nuwara Eliya,Nuwara Eliya,Central,2024-01-24,6.9476,80.77381,6.94688,80.77562,GPS Auto-Tag,214.6,76.5,Medium,True
EVT20025,Temple/Kovil Special Pooja,U02278,Ravana Caves & Ella Wala Pool,Badulla,Uva,2024-03-25,6.85254,81.03397,6.85011,81.04331,Manual Map Pin,1064.8,26.4,Very Low,False
EVT20026,Food & Craft Fair,U15469,Muhudu Maha Vihara,Hambantota,Southern,2025-10-21,6.3482,81.48229,6.33887,81.48579,Typed Address,1105.9,25.1,Very Low,False
EVT20027,Full Moon Party,U04389,Hurulu Eco Park,Polonnaruwa,North Central,2023-04-09,8.14452,80.8783,8.15071,80.89695,Manual Map Pin,2161.5,6.7,Very Low,False
EVT20028,Community New Year Carnival,U00617,Meemure Village,Kandy,Central,2023-05-19,7.45554,80.80905,7.47927,80.83628,Typed Address,3989.6,0.7,Very Low,False
EVT20029,Pop-up Local Festival,U16916,Ambalangoda Mask Museum,Galle,Southern,2024-05-02,6.22994,80.05474,6.23092,80.05264,GPS Auto-Tag,255.8,72.6,Medium,True
EVT20030,Private Wedding,U00122,Laxapana Falls Trek,Nuwara Eliya,Central,2025-11-10,6.92289,80.4901,6.91603,80.46981,Typed Address,2361.2,5.2,Very Low,False
EVT20031,Corporate Retreat Event,U12742,Negombo Lagoon Boat Ride,Gampaha,Western,2025-08-20,7.22479,79.82384,7.24548,79.78932,Typed Address,4441.5,0.4,Very Low,False
EVT20032,Live Music Night,U05614,Minneriya Elephant Gathering,Polonnaruwa,North Central,2025-01-02,8.0286,80.90841,8.02597,80.9213,Manual Map Pin,1445.9,16.4,Very Low,False
EVT20033,Full Moon Party,U13804,Nallur Festival (Nallur Kandaswamy Kovil),Jaffna,Northern,2024-07-06,9.66983,80.01902,9.77509,79.96413,Typed Address,13136.8,0.0,Very Low,False
EVT20034,Food & Craft Fair,U10246,Kanniya Hot Springs,Trincomalee,Eastern,2023-11-14,8.58956,81.17328,8.57745,81.16032,Manual Map Pin,1957.2,8.7,Very Low,False
EVT20035,Beach Party,U03546,Kanneliya Rainforest Reserve,Galle,Southern,2025-10-22,6.24913,80.33217,6.2468,80.3331,GPS Auto-Tag,278.3,70.6,Medium,True
EVT20036,Temple/Kovil Special Pooja,U16812,Kumana Bird Sanctuary,Ampara,Eastern,2025-03-09,6.56737,81.66617,6.58218,81.66512,Manual Map Pin,1647.5,12.8,Very Low,False
EVT20037,Temple/Kovil Special Pooja,U13822,Wasgamuwa National Park Safari,Matale/Polonnaruwa,Central,2025-12-29,7.77958,80.93801,7.78484,80.9347,Manual Map Pin,688.3,42.3,Low,False
EVT20038,Temple/Kovil Special Pooja,U10969,Udawalawe National Park Safari,Ratnapura/Moneragala,Sabaragamuwa,2024-03-13,6.46788,80.88404,6.46935,80.88355,GPS Auto-Tag,171.2,80.7,Medium,True
EVT20039,Live Music Night,U14944,Polonnaruwa Cycling Tour,Polonnaruwa,North Central,2023-09-10,7.9647,81.01509,7.96647,81.01402,GPS Auto-Tag,228.6,75.1,Medium,True
EVT20040,Village Perahera,U09922,Nainativu & Nagadeepa,Jaffna,Northern,2025-01-08,9.57308,79.75243,9.5741,79.75378,GPS Auto-Tag,186.8,79.2,Medium,True
EVT20041,Community New Year Carnival,U00008,Bopath Ella Falls Trek,Ratnapura,Sabaragamuwa,2023-02-09,6.74539,80.36933,6.74662,80.36882,GPS Auto-Tag,147.5,83.2,Medium,True
EVT20042,Temple/Kovil Special Pooja,U02017,Panama-Kudumbigala Eco Reserve,Ampara,Eastern,2023-06-02,6.89385,81.78506,6.8948,81.7861,GPS Auto-Tag,155.0,82.4,Medium,True
EVT20043,Food & Craft Fair,U04124,Kitulgala White Water Rafting,Kegalle,Sabaragamuwa,2023-08-18,6.98329,80.41826,6.98281,80.41565,GPS Auto-Tag,293.0,69.3,Medium,True
EVT20044,Corporate Retreat Event,U11953,Hikkaduwa Diving & Surfing,Galle,Southern,2024-03-27,6.14277,80.09254,6.14016,80.09315,GPS Auto-Tag,297.5,68.9,Medium,True
EVT20045,Village Perahera,U16868,Mulkirigala Rock Monastery,Hambantota,Southern,2024-09-22,6.15649,80.87925,6.19527,80.91337,Typed Address,5718.9,0.1,Very Low,False
EVT20046,Pop-up Local Festival,U06397,Laxapana Falls Trek,Nuwara Eliya,Central,2023-11-24,6.93416,80.50524,6.94472,80.49925,Manual Map Pin,1344.9,18.6,Very Low,False
EVT20047,Food & Craft Fair,U02113,Beddagana Wetland Park,Colombo,Western,2024-04-07,6.8951,79.9194,6.89555,79.91895,GPS Auto-Tag,70.2,91.6,High,True
EVT20048,Food & Craft Fair,U09159,Sinharaja Forest Reserve Nature Walk,Ratnapura/Galle,Sabaragamuwa,2025-06-09,6.41004,80.507,6.41138,80.50545,GPS Auto-Tag,226.2,75.4,Medium,True
EVT20049,Community New Year Carnival,U07731,Diyasaru Wetland Park,Colombo,Western,2024-04-22,6.89069,79.9031,6.89025,79.90258,GPS Auto-Tag,75.9,90.9,High,True
EVT20050,Village Perahera,U05759,Wasgamuwa National Park Safari,Matale/Polonnaruwa,Central,2024-03-25,7.77676,80.91597,7.7767,80.91644,GPS Auto-Tag,51.9,93.7,High,True
EVT20051,Pop-up Local Festival,U10727,Nuwara Eliya Tea Factory Tour,Nuwara Eliya,Central,2024-10-18,6.96887,80.76969,6.96985,80.77065,GPS Auto-Tag,151.4,82.8,Medium,True
EVT20052,Community New Year Carnival,U17537,Ravana Falls Abseiling,Badulla,Uva,2023-03-01,6.8892,81.04488,6.9076,81.07678,Typed Address,4066.7,0.6,Very Low,False
EVT20053,Pop-up Local Festival,U14481,Nuwara Eliya April Season,Nuwara Eliya,Central,2024-03-23,6.93502,80.77912,6.9165,80.75516,Manual Map Pin,3345.8,1.5,Very Low,False
EVT20054,Full Moon Party,U12206,Bentota River Safari & Beach,Galle,Southern,2023-01-12,6.42678,79.9985,6.42814,80.0008,GPS Auto-Tag,296.0,69.1,Medium,True
EVT20055,Corporate Retreat Event,U08542,"New Year's Eve Countdown, Galle Face",Colombo,Western,2023-05-08,6.92269,79.84215,6.9161,79.83363,Manual Map Pin,1189.8,22.6,Very Low,False
EVT20056,Temple/Kovil Special Pooja,U11718,Nuwara Eliya Tea Factory Tour,Nuwara Eliya,Central,2024-12-28,6.96916,80.78213,6.96863,80.79036,Manual Map Pin,908.8,32.1,Low,False
EVT20057,Live Music Night,U00534,Nainativu & Nagadeepa,Jaffna,Northern,2023-08-29,9.58185,79.75551,9.5679,79.74651,Manual Map Pin,1834.6,10.1,Very Low,False
EVT20058,Private Wedding,U11375,Mannar Bird Migration Watching,Mannar,Northern,2025-03-25,8.98489,79.89723,9.01277,79.92967,Typed Address,4713.8,0.3,Very Low,False
EVT20059,Full Moon Party,U13620,Sinhala & Tamil New Year Village Games,Anuradhapura,North Central,2025-11-21,8.30905,80.41352,8.3278,80.42085,Typed Address,2232.2,6.1,Very Low,False
EVT20060,Food & Craft Fair,U05172,Hikkaduwa Diving & Surfing,Galle,Southern,2023-11-07,6.14128,80.08754,6.14179,80.08514,GPS Auto-Tag,270.1,71.3,Medium,True
EVT20061,Temple/Kovil Special Pooja,U08765,Weligama Surf School,Matara,Southern,2024-04-18,5.97184,80.41688,5.96367,80.42161,Manual Map Pin,1046.0,27.0,Very Low,False
EVT20062,Temple/Kovil Special Pooja,U07586,Wadduwa Beach Escape,Kalutara,Western,2025-10-20,6.64747,79.92469,6.64634,79.91135,Manual Map Pin,1475.9,15.8,Very Low,False
EVT20063,Community New Year Carnival,U17808,Kanneliya Rainforest Reserve,Galle,Southern,2024-07-21,6.2332,80.34238,6.23343,80.34582,GPS Auto-Tag,380.6,62.1,Medium,True
EVT20064,Corporate Retreat Event,U11160,Laxapana Falls Trek,Nuwara Eliya,Central,2024-06-24,6.94794,80.50425,6.91195,80.52867,Typed Address,4816.4,0.2,Very Low,False
EVT20065,Temple/Kovil Special Pooja,U05898,Dowa Rock Temple,Badulla,Uva,2025-03-16,6.88351,81.06203,6.87816,81.06247,GPS Auto-Tag,595.8,47.5,Low,False
EVT20066,Corporate Retreat Event,U16830,Nallur Festival (Nallur Kandaswamy Kovil),Jaffna,Northern,2025-12-08,9.67933,80.01456,9.68041,80.0113,GPS Auto-Tag,376.6,62.5,Medium,True
EVT20067,Pop-up Local Festival,U02508,Pigeon Island Snorkeling,Trincomalee,Eastern,2025-11-13,8.71892,81.18098,8.72584,81.17763,Manual Map Pin,851.4,34.5,Low,False
EVT20068,Full Moon Party,U06209,Kalpitiya Kite Surfing,Puttalam,North Western,2025-09-03,8.23403,79.75597,8.24202,79.75367,Manual Map Pin,922.9,31.5,Low,False
EVT20069,Pop-up Local Festival,U10246,Peak Wilderness Sanctuary Trek,Ratnapura,Sabaragamuwa,2023-09-11,6.81107,80.51861,6.80223,80.53981,Manual Map Pin,2534.5,4.2,Very Low,False
EVT20070,Temple/Kovil Special Pooja,U10421,Weligama Surf School,Matara,Southern,2025-11-14,5.96592,80.43917,5.96855,80.44297,GPS Auto-Tag,511.2,52.8,Low,False
EVT20071,Village Perahera,U16489,Sinhala & Tamil New Year Village Games,Anuradhapura,North Central,2025-07-11,8.32065,80.41293,8.29503,80.44912,Typed Address,4887.2,0.2,Very Low,False
EVT20072,Full Moon Party,U08960,Bundala Wetland Birdwatching,Hambantota,Southern,2025-06-04,6.19322,81.23131,6.19173,81.23187,GPS Auto-Tag,176.3,80.2,Medium,True
EVT20073,Community New Year Carnival,U10585,Ramboda Falls Visit,Nuwara Eliya,Central,2025-12-16,7.05569,80.72034,7.06987,80.74208,Typed Address,2866.1,2.8,Very Low,False
EVT20074,Village Perahera,U06062,Bundala Wetland Birdwatching,Hambantota,Southern,2024-08-14,6.19954,81.20684,6.19774,81.20265,GPS Auto-Tag,503.7,53.3,Low,False
EVT20075,Community New Year Carnival,U09343,Sinhala & Tamil New Year Village Games,Anuradhapura,North Central,2025-09-17,8.31716,80.41865,8.30978,80.40797,Manual Map Pin,1430.7,16.7,Very Low,False
EVT20076,Full Moon Party,U00756,Victoria Park Nuwara Eliya,Nuwara Eliya,Central,2024-05-14,6.96506,80.77361,6.96718,80.77393,GPS Auto-Tag,237.2,74.3,Medium,True
EVT20077,Village Perahera,U01962,"Christmas Celebrations, Negombo",Gampaha,Western,2024-09-15,7.20567,79.83531,7.2061,79.83286,GPS Auto-Tag,274.4,71.0,Medium,True
EVT20078,Corporate Retreat Event,U02270,Bogoda Wooden Bridge,Badulla,Uva,2025-09-15,6.94669,81.02017,6.93281,81.06623,Typed Address,5303.6,0.1,Very Low,False
EVT20079,Food & Craft Fair,U16112,Tangalle Beach Escape,Hambantota,Southern,2024-10-18,6.02121,80.78975,6.02959,80.79465,Manual Map Pin,1075.8,26.1,Very Low,False
EVT20080,Food & Craft Fair,U12512,Dowa Rock Temple,Badulla,Uva,2023-10-13,6.88292,81.03547,6.89896,81.0359,Manual Map Pin,1781.4,10.8,Very Low,False
EVT20081,Full Moon Party,U16127,Tangalle Beach Escape,Hambantota,Southern,2025-10-11,6.02695,80.79223,6.04612,80.80752,Manual Map Pin,2714.7,3.4,Very Low,False
EVT20082,Private Wedding,U16792,Sinharaja Rainforest Trekking,Ratnapura/Galle,Sabaragamuwa,2023-02-22,6.39459,80.50238,6.39321,80.50246,GPS Auto-Tag,152.9,82.6,Medium,True
EVT20083,Full Moon Party,U14311,Bopath Ella Falls Trek,Ratnapura,Sabaragamuwa,2023-07-27,6.72383,80.36001,6.72362,80.35929,GPS Auto-Tag,82.6,90.2,High,True
EVT20084,Food & Craft Fair,U15399,Kalpitiya Kite Surfing,Puttalam,North Western,2024-02-23,8.23378,79.76324,8.23416,79.7642,GPS Auto-Tag,113.3,86.8,High,True
EVT20085,Live Music Night,U06363,Pigeon Island Snorkeling,Trincomalee,Eastern,2023-05-05,8.71842,81.20601,8.71747,81.20525,GPS Auto-Tag,133.6,84.6,Medium,True
EVT20086,Pop-up Local Festival,U14099,Nuwara Eliya Tea Factory Tour,Nuwara Eliya,Central,2023-05-30,6.95801,80.78843,6.95963,80.79078,GPS Auto-Tag,315.1,67.4,Medium,True
EVT20087,Food & Craft Fair,U17330,Ravana Falls Abseiling,Badulla,Uva,2025-08-26,6.89287,81.07999,6.89882,81.09461,Manual Map Pin,1740.9,11.3,Very Low,False
EVT20088,Corporate Retreat Event,U03440,"New Year's Eve Countdown, Galle Face",Colombo,Western,2024-04-20,6.92665,79.86355,6.9362,79.85944,Manual Map Pin,1152.1,23.7,Very Low,False
EVT20089,Private Wedding,U09901,"Christmas Celebrations, Negombo",Gampaha,Western,2023-09-19,7.20202,79.84197,7.20161,79.84536,GPS Auto-Tag,376.7,62.4,Medium,True
EVT20090,Live Music Night,U07192,Delft Wild Pony Eco Tour,Jaffna,Northern,2023-11-12,9.52793,79.66688,9.52157,79.65286,Manual Map Pin,1689.9,12.1,Very Low,False
EVT20091,Full Moon Party,U00549,Kalametiya Bird Sanctuary,Hambantota,Southern,2025-07-09,6.05886,80.92607,6.06067,80.92472,GPS Auto-Tag,250.3,73.1,Medium,True
EVT20092,Food & Craft Fair,U13290,Wadduwa Beach Escape,Kalutara,Western,2024-11-19,6.657,79.93512,6.68212,79.92039,Typed Address,3226.5,1.8,Very Low,False
EVT20093,Full Moon Party,U07532,Negombo Lagoon Boat Ride,Gampaha,Western,2024-05-25,7.19023,79.82872,7.21406,79.81259,Typed Address,3186.0,1.9,Very Low,False
EVT20094,Live Music Night,U17896,Kosgoda Turtle Hatchery,Galle,Southern,2023-01-22,6.0724,79.99343,6.05803,79.98339,Manual Map Pin,1942.1,8.8,Very Low,False
EVT20095,Live Music Night,U10865,Kalpitiya Kite Surfing,Puttalam,North Western,2023-05-15,8.24064,79.75652,8.23077,79.75201,Manual Map Pin,1202.1,22.3,Very Low,False
EVT20096,Full Moon Party,U12217,Hakgala Botanical Garden,Nuwara Eliya,Central,2023-07-18,6.91513,80.78974,6.91595,80.78701,GPS Auto-Tag,314.5,67.5,Medium,True
EVT20097,Beach Party,U07138,Wasgamuwa National Park Safari,Matale/Polonnaruwa,Central,2025-03-31,7.78756,80.92415,7.78849,80.92419,GPS Auto-Tag,104.1,87.8,High,True
EVT20098,Village Perahera,U17603,Ella Rock & Little Adam's Peak Hike,Badulla,Uva,2024-10-08,6.85737,81.04357,6.86158,81.04086,Manual Map Pin,554.1,50.0,Low,False
EVT20099,Temple/Kovil Special Pooja,U05789,"Christmas Celebrations, Negombo",Gampaha,Western,2025-05-27,7.21208,79.83267,7.21442,79.83424,GPS Auto-Tag,311.4,67.8,Medium,True
EVT20100,Community New Year Carnival,U09513,Udawalawe Elephant Transit Home,Ratnapura,Sabaragamuwa,2025-09-29,6.42305,80.88341,6.42766,80.89685,Manual Map Pin,1567.9,14.1,Very Low,False
EVT20101,Village Perahera,U13743,Panama Village,Ampara,Eastern,2025-11-23,6.93042,81.77472,6.92938,81.77494,GPS Auto-Tag,118.2,86.3,High,True
EVT20102,Beach Party,U15908,Horton Plains Cloud Forest Eco Walk,Nuwara Eliya,Central,2025-01-19,6.78781,80.79207,6.78572,80.79388,GPS Auto-Tag,305.9,68.2,Medium,True
EVT20103,Corporate Retreat Event,U14496,Ritigala Forest Monastery,Anuradhapura,North Central,2023-06-09,8.1178,80.64278,8.11079,80.64957,Manual Map Pin,1078.0,26.0,Very Low,False
EVT20104,Corporate Retreat Event,U12769,Ritigala Forest Monastery,Anuradhapura,North Central,2023-08-16,8.10113,80.65646,8.10753,80.65109,Manual Map Pin,923.4,31.5,Low,False
EVT20105,Corporate Retreat Event,U07478,Rekawa Turtle Conservation,Hambantota,Southern,2024-09-17,6.04284,80.84268,6.04062,80.84284,GPS Auto-Tag,247.1,73.4,Medium,True
EVT20106,Beach Party,U14631,Nallur Festival (Nallur Kandaswamy Kovil),Jaffna,Northern,2025-06-23,9.68604,80.02816,9.6865,80.02479,GPS Auto-Tag,371.8,62.8,Medium,True
EVT20107,Village Perahera,U02887,Adam's Peak (Sri Pada) Climb,Ratnapura,Sabaragamuwa,2023-05-22,6.81957,80.50123,6.81493,80.50697,Manual Map Pin,816.0,36.1,Low,False
EVT20108,Village Perahera,U03562,Kosgoda Turtle Hatchery,Galle,Southern,2023-02-26,6.07993,79.99978,6.0539,80.02775,Typed Address,4228.3,0.5,Very Low,False
EVT20109,Beach Party,U10057,Yapahuwa Rock Fortress,Kurunegala,North Western,2024-06-22,7.84166,80.19591,7.84048,80.19548,GPS Auto-Tag,138.9,84.1,Medium,True
EVT20110,Food & Craft Fair,U12635,Aluvihare Rock Monastery,Matale,Central,2023-06-23,7.49014,80.61292,7.49235,80.6137,GPS Auto-Tag,259.5,72.3,Medium,True
EVT20111,Village Perahera,U06573,Bopath Ella Falls Trek,Ratnapura,Sabaragamuwa,2023-05-12,6.75982,80.37663,6.79844,80.34029,Typed Address,5867.1,0.1,Very Low,False
EVT20112,Village Perahera,U09412,Muthurajawela Marsh Boat Safari,Gampaha,Western,2023-11-22,7.07148,79.89095,7.06181,79.88182,Manual Map Pin,1471.0,15.9,Very Low,False
EVT20113,Pop-up Local Festival,U10390,Bogoda Wooden Bridge,Badulla,Uva,2025-09-16,6.96651,81.01107,6.99361,81.0316,Typed Address,3764.3,0.9,Very Low,False
EVT20114,Corporate Retreat Event,U10525,Vidattaltivu Lagoon,Mannar,Northern,2025-10-22,8.9426,80.04145,8.94296,80.04068,GPS Auto-Tag,93.2,89.0,High,True
EVT20115,Food & Craft Fair,U01693,Minneriya Elephant Gathering,Polonnaruwa,North Central,2023-02-06,8.01867,80.91218,8.02005,80.91324,GPS Auto-Tag,192.7,78.6,Medium,True
EVT20116,Village Perahera,U17082,Horton Plains Cloud Forest Eco Walk,Nuwara Eliya,Central,2024-05-06,6.82054,80.81186,6.82155,80.81175,GPS Auto-Tag,113.1,86.8,High,True
EVT20117,Village Perahera,U01724,Madu Ganga Mangrove Boat Tour,Galle,Southern,2024-03-08,6.27155,80.04852,6.2599,80.07227,Manual Map Pin,2921.9,2.6,Very Low,False
EVT20118,Temple/Kovil Special Pooja,U01413,Kalametiya Bird Sanctuary,Hambantota,Southern,2024-06-26,6.08031,80.92402,6.09074,80.92335,Manual Map Pin,1160.8,23.4,Very Low,False
EVT20119,Village Perahera,U04347,Yala National Park Safari,Hambantota,Southern,2024-02-08,6.36816,81.53288,6.37106,81.53198,GPS Auto-Tag,336.4,65.7,Medium,True
EVT20120,Beach Party,U17519,Royal Botanical Garden Peradeniya,Kandy,Central,2025-09-10,7.25992,80.59,7.2595,80.58881,GPS Auto-Tag,139.2,84.0,Medium,True
EVT20121,Live Music Night,U08089,Yala National Park Safari,Hambantota,Southern,2025-04-25,6.37043,81.51799,6.37197,81.50805,Manual Map Pin,1110.2,25.0,Very Low,False
EVT20122,Private Wedding,U09954,Gal Oya Boat Safari,Ampara,Eastern,2024-10-03,7.16534,81.44892,7.16434,81.44796,GPS Auto-Tag,152.9,82.6,Medium,True
EVT20123,Beach Party,U00329,Minneriya-Kaudulla Elephant Corridor,Polonnaruwa,North Central,2023-11-26,8.05649,80.94083,8.05791,80.9343,Manual Map Pin,735.3,39.9,Low,False
EVT20124,Private Wedding,U16614,Negombo Lagoon Boat Ride,Gampaha,Western,2023-07-19,7.19968,79.85884,7.19931,79.86177,GPS Auto-Tag,325.9,66.5,Medium,True
EVT20125,Full Moon Party,U11691,Mannar Bird Migration Watching,Mannar,Northern,2023-09-12,8.97397,79.89913,8.9748,79.89922,GPS Auto-Tag,92.3,89.1,High,True
EVT20126,Pop-up Local Festival,U13476,Royal Botanical Garden Peradeniya,Kandy,Central,2024-08-12,7.27021,80.59772,7.2143,80.57868,Typed Address,6550.9,0.0,Very Low,False
EVT20127,Food & Craft Fair,U15971,Adam's Peak (Sri Pada) Climb,Ratnapura,Sabaragamuwa,2024-01-10,6.80804,80.4968,6.80762,80.49885,GPS Auto-Tag,230.7,74.9,Medium,True
EVT20128,Private Wedding,U06302,Udawalawe National Park Safari,Ratnapura/Moneragala,Sabaragamuwa,2025-06-16,6.45807,80.91474,6.45749,80.91429,GPS Auto-Tag,81.6,90.3,High,True
EVT20129,Temple/Kovil Special Pooja,U09166,Weligama Surf School,Matara,Southern,2024-01-05,5.97177,80.41667,5.97074,80.41662,GPS Auto-Tag,114.2,86.7,High,True
EVT20130,Community New Year Carnival,U11517,Kumana Bird Sanctuary,Ampara,Eastern,2025-01-10,6.56866,81.63776,6.57196,81.64953,Manual Map Pin,1349.2,18.5,Very Low,False
EVT20131,Private Wedding,U12695,Delft Wild Pony Eco Tour,Jaffna,Northern,2023-11-27,9.5355,79.67018,9.5345,79.67236,GPS Auto-Tag,262.9,72.0,Medium,True
EVT20132,Food & Craft Fair,U15470,Kitulgala White Water Rafting,Kegalle,Sabaragamuwa,2025-03-17,6.96399,80.41228,6.96235,80.40964,GPS Auto-Tag,343.2,65.1,Medium,True
EVT20133,Private Wedding,U10711,Hiriwadunna Village,Anuradhapura,North Central,2023-11-17,7.98065,80.76758,7.96529,80.76131,Manual Map Pin,1840.0,10.0,Very Low,False
EVT20134,Community New Year Carnival,U03318,Haputale Viewpoint & Tea Estates,Badulla,Uva,2024-11-09,6.7693,80.95433,6.7667,80.95279,Manual Map Pin,335.1,65.8,Medium,True
EVT20135,Full Moon Party,U07676,Beruwala Beach Resort Leisure,Kalutara,Western,2025-12-13,6.46375,79.99035,6.46425,79.98962,Manual Map Pin,97.4,88.5,High,True
EVT20136,Food & Craft Fair,U08354,Nuwara Eliya Tea Factory Tour,Nuwara Eliya,Central,2024-07-09,6.95997,80.76387,6.96006,80.76306,GPS Auto-Tag,90.3,89.3,High,True
EVT20137,Food & Craft Fair,U01259,Rathnapura Gem Mining Tour,Ratnapura,Sabaragamuwa,2025-08-10,6.68089,80.4055,6.67155,80.39174,Typed Address,1837.2,10.1,Very Low,False
EVT20138,Village Perahera,U11938,Wasgamuwa National Park Safari,Matale/Polonnaruwa,Central,2023-08-02,7.79678,80.92071,7.7861,80.92153,Manual Map Pin,1189.3,22.6,Very Low,False
EVT20139,Food & Craft Fair,U08749,Kumana Bird Sanctuary,Ampara,Eastern,2024-11-23,6.57294,81.67558,6.58341,81.67785,Manual Map Pin,1189.5,22.6,Very Low,False
EVT20140,Private Wedding,U06336,Horton Plains & World's End Hike,Nuwara Eliya,Central,2024-12-04,6.81157,80.79453,6.81602,80.783,Manual Map Pin,1363.7,18.2,Very Low,False
EVT20141,Temple/Kovil Special Pooja,U09000,Haputale Viewpoint & Tea Estates,Badulla,Uva,2023-03-15,6.75947,80.9465,6.75953,80.94668,GPS Auto-Tag,20.6,97.5,High,True
EVT20142,Village Perahera,U17611,Kandy Esala Perahera,Kandy,Central,2024-02-06,7.29152,80.63547,7.2893,80.63131,GPS Auto-Tag,519.1,52.3,Low,False
EVT20143,Community New Year Carnival,U11161,Muhudu Maha Vihara,Hambantota,Southern,2025-04-23,6.33816,81.48244,6.34615,81.48092,Manual Map Pin,903.1,32.3,Low,False
EVT20144,Beach Party,U01577,"Christmas Celebrations, Negombo",Gampaha,Western,2025-07-30,7.23401,79.82031,7.23722,79.81104,Manual Map Pin,1080.6,25.9,Very Low,False
EVT20145,Live Music Night,U04552,Pigeon Island Snorkeling,Trincomalee,Eastern,2023-06-28,8.7234,81.21283,8.72389,81.20865,GPS Auto-Tag,461.7,56.2,Low,False
EVT20146,Pop-up Local Festival,U06924,Nallur Festival (Nallur Kandaswamy Kovil),Jaffna,Northern,2025-09-29,9.65428,80.0331,9.6503,80.06831,Typed Address,3877.9,0.8,Very Low,False
EVT20147,Full Moon Party,U15782,Colombo Galle Face & City Tour,Colombo,Western,2025-07-04,6.91615,79.8699,6.90506,79.8779,Manual Map Pin,1514.7,15.1,Very Low,False
EVT20148,Community New Year Carnival,U14737,Negombo Lagoon Boat Ride,Gampaha,Western,2023-04-18,7.21329,79.84473,7.21413,79.84562,GPS Auto-Tag,135.6,84.4,Medium,True
EVT20149,Beach Party,U00926,Gal Oya Kudugala Village Eco Trek,Ampara,Eastern,2024-10-16,7.1505,81.45182,7.14952,81.44933,GPS Auto-Tag,294.6,69.2,Medium,True
EVT20150,Live Music Night,U05376,Delft Island,Jaffna,Northern,2025-10-01,9.54261,79.67775,9.56184,79.67487,Manual Map Pin,2157.2,6.7,Very Low,False
EVT20151,Pop-up Local Festival,U17377,Pasikuda Beach,Batticaloa,Eastern,2024-06-08,7.93482,81.567,7.85618,81.61081,Typed Address,9969.2,0.0,Very Low,False
EVT20152,Temple/Kovil Special Pooja,U13966,Kandy Lake Evening Walk,Kandy,Central,2023-10-26,7.27597,80.64231,7.28619,80.62793,Manual Map Pin,1947.6,8.8,Very Low,False
EVT20153,Full Moon Party,U09116,Ritigala Forest Monastery,Anuradhapura,North Central,2024-02-13,8.13266,80.64635,8.10791,80.65579,Manual Map Pin,2936.8,2.5,Very Low,False
EVT20154,Private Wedding,U02044,Kalpitiya Kite Surfing,Puttalam,North Western,2024-07-08,8.24946,79.76252,8.25139,79.7619,GPS Auto-Tag,224.5,75.5,Medium,True
EVT20155,Temple/Kovil Special Pooja,U08888,Mannar Bird Migration Watching,Mannar,Northern,2023-08-29,8.98815,79.89867,8.99108,79.86453,Typed Address,3756.7,0.9,Very Low,False
EVT20156,Private Wedding,U01900,Anuradhapura Cycling Tour,Anuradhapura,North Central,2023-02-15,8.32657,80.38673,8.32806,80.38601,GPS Auto-Tag,182.9,79.6,Medium,True
EVT20157,Private Wedding,U17657,Pasikuda Beach,Batticaloa,Eastern,2025-01-02,7.93066,81.5525,7.89334,81.53551,Typed Address,4544.1,0.3,Very Low,False
EVT20158,Private Wedding,U07435,Royal Botanical Garden Peradeniya,Kandy,Central,2025-01-27,7.27315,80.59627,7.32124,80.55299,Typed Address,7156.7,0.0,Very Low,False
EVT20159,Village Perahera,U10009,Bogoda Wooden Bridge,Badulla,Uva,2024-01-16,6.96801,81.00725,6.96699,81.00638,GPS Auto-Tag,148.3,83.1,Medium,True
EVT20160,Beach Party,U12818,Vesak Festival (Colombo & Island-wide),Colombo,Western,2024-01-24,6.92373,79.86564,6.92136,79.86228,Manual Map Pin,454.1,56.7,Low,False
EVT20161,Temple/Kovil Special Pooja,U15011,Bambarakanda Falls,Badulla,Uva,2023-05-29,6.78999,80.7984,6.78869,80.7975,GPS Auto-Tag,174.7,80.4,Medium,True
EVT20162,Food & Craft Fair,U07967,Delft Island,Jaffna,Northern,2024-03-12,9.53931,79.6684,9.53745,79.66729,GPS Auto-Tag,238.9,74.2,Medium,True
EVT20163,Private Wedding,U10356,Mannar Bird Migration Watching,Mannar,Northern,2025-06-10,8.97056,79.91774,8.96906,79.91684,GPS Auto-Tag,193.4,78.5,Medium,True
EVT20164,Village Perahera,U02540,"New Year's Eve Countdown, Galle Face",Colombo,Western,2024-12-13,6.925,79.85502,6.89228,79.85573,Typed Address,3632.6,1.1,Very Low,False
EVT20165,Corporate Retreat Event,U07134,Anuradhapura Cycling Tour,Anuradhapura,North Central,2025-09-10,8.30489,80.41895,8.30237,80.41814,GPS Auto-Tag,293.0,69.3,Medium,True
EVT20166,Pop-up Local Festival,U10735,Kanniya Hot Springs,Trincomalee,Eastern,2023-02-20,8.60307,81.18407,8.60037,81.18457,GPS Auto-Tag,304.0,68.4,Medium,True
EVT20167,Full Moon Party,U17198,Bambarakanda Falls,Badulla,Uva,2024-10-19,6.7889,80.79235,6.78838,80.75616,Typed Address,3989.3,0.7,Very Low,False
EVT20168,Live Music Night,U06116,Wadduwa Beach Escape,Kalutara,Western,2025-04-25,6.66074,79.92971,6.67699,79.92517,Typed Address,1872.3,9.6,Very Low,False
EVT20169,Temple/Kovil Special Pooja,U14661,Kandy Esala Perahera,Kandy,Central,2023-03-15,7.29358,80.63565,7.28809,80.64635,Manual Map Pin,1326.4,19.1,Very Low,False
EVT20170,Pop-up Local Festival,U06039,Ritigala Forest Monastery,Anuradhapura,North Central,2024-01-22,8.11572,80.65578,8.11457,80.65796,GPS Auto-Tag,271.6,71.2,Medium,True
EVT20171,Food & Craft Fair,U01175,Ritigala Forest Monastery,Anuradhapura,North Central,2024-07-26,8.10519,80.64796,8.10292,80.64952,GPS Auto-Tag,304.6,68.3,Medium,True
EVT20172,Beach Party,U08070,Kanneliya Rainforest Reserve,Galle,Southern,2024-06-26,6.23874,80.35667,6.19678,80.36452,Typed Address,4738.1,0.3,Very Low,False
EVT20173,Corporate Retreat Event,U14234,"New Year's Eve Countdown, Galle Face",Colombo,Western,2024-02-20,6.9072,79.8404,6.90818,79.84054,GPS Auto-Tag,110.2,87.1,High,True
EVT20174,Beach Party,U02540,Delft Wild Pony Eco Tour,Jaffna,Northern,2023-04-03,9.52943,79.66064,9.53059,79.66169,GPS Auto-Tag,172.8,80.6,Medium,True
EVT20175,Temple/Kovil Special Pooja,U17348,Bentota River Safari & Beach,Galle,Southern,2024-06-16,6.44335,80.0085,6.44289,80.00845,GPS Auto-Tag,51.2,93.8,High,True
EVT20176,Beach Party,U12902,Rathnapura Gem Mining Tour,Ratnapura,Sabaragamuwa,2024-03-05,6.69297,80.38633,6.73243,80.39446,Typed Address,4470.3,0.4,Very Low,False
EVT20177,Temple/Kovil Special Pooja,U17589,Kosgoda Turtle Hatchery,Galle,Southern,2025-11-24,6.09131,80.00718,6.10138,79.9971,Manual Map Pin,1576.5,13.9,Very Low,False
EVT20178,Live Music Night,U15946,Ritigala Forest Monastery,Anuradhapura,North Central,2024-04-23,8.11445,80.65671,8.12436,80.65032,Manual Map Pin,1304.7,19.6,Very Low,False
EVT20179,Beach Party,U13647,Nilaveli Beach,Trincomalee,Eastern,2023-01-13,8.71943,81.19995,8.74296,81.15472,Typed Address,5608.6,0.1,Very Low,False
EVT20180,Community New Year Carnival,U08494,Ritigala Forest Monastery,Anuradhapura,North Central,2024-06-07,8.13716,80.65348,8.06531,80.6034,Typed Address,9689.6,0.0,Very Low,False
EVT20181,Temple/Kovil Special Pooja,U08887,Ritigala Forest Monastery,Anuradhapura,North Central,2023-06-18,8.10365,80.64604,8.10398,80.64739,GPS Auto-Tag,153.3,82.6,Medium,True
EVT20182,Pop-up Local Festival,U12868,Haputale Viewpoint & Tea Estates,Badulla,Uva,2024-08-21,6.76066,80.95142,6.76195,80.95325,GPS Auto-Tag,248.1,73.3,Medium,True
EVT20183,Food & Craft Fair,U09019,Tangalle Beach Escape,Hambantota,Southern,2023-05-08,6.01848,80.78286,6.01714,80.78003,GPS Auto-Tag,346.6,64.8,Medium,True
EVT20184,Beach Party,U07817,Induruwa Turtle Conservation,Galle,Southern,2023-06-20,6.03423,80.04051,6.03147,80.03916,GPS Auto-Tag,341.2,65.3,Medium,True
EVT20185,Temple/Kovil Special Pooja,U03993,Kochchikade St. Anthony's Feast,Colombo,Western,2024-02-06,6.93555,79.8318,6.93669,79.81053,Typed Address,2346.9,5.3,Very Low,False
EVT20186,Corporate Retreat Event,U04799,Bopath Ella Falls Trek,Ratnapura,Sabaragamuwa,2023-10-18,6.72836,80.36925,6.73167,80.38233,Manual Map Pin,1488.2,15.6,Very Low,False
EVT20187,Community New Year Carnival,U07547,Kochchikade St. Anthony's Feast,Colombo,Western,2024-06-21,6.92787,79.8577,6.93586,79.85606,Manual Map Pin,904.4,32.3,Low,False
EVT20188,Beach Party,U17976,Royal Botanical Garden Peradeniya,Kandy,Central,2023-11-18,7.29147,80.58954,7.2914,80.58966,GPS Auto-Tag,14.6,98.2,High,True
EVT20189,Temple/Kovil Special Pooja,U07164,Unawatuna Beach,Galle,Southern,2024-04-18,6.00235,80.24747,6.00267,80.24745,GPS Auto-Tag,35.8,95.6,High,True
EVT20190,Beach Party,U00614,Kalpitiya Kite Surfing,Puttalam,North Western,2023-09-22,8.24078,79.76572,8.24656,79.7622,Manual Map Pin,748.6,39.2,Low,False
EVT20191,Live Music Night,U16823,Nuwara Eliya April Season,Nuwara Eliya,Central,2024-12-07,6.94398,80.78742,6.94458,80.78956,GPS Auto-Tag,244.8,73.6,Medium,True
EVT20192,Community New Year Carnival,U06703,Kosgoda Turtle Hatchery,Galle,Southern,2025-01-02,6.09259,80.00073,6.07379,80.00288,Manual Map Pin,2100.9,7.2,Very Low,False
EVT20193,Village Perahera,U11938,Nuwara Eliya Gregory Lake Boating,Nuwara Eliya,Central,2025-05-09,6.94432,80.79487,6.94401,80.79547,GPS Auto-Tag,74.7,91.1,High,True
EVT20194,Beach Party,U09657,Vesak Festival (Colombo & Island-wide),Colombo,Western,2023-09-12,6.9195,79.85422,6.91876,79.85564,GPS Auto-Tag,176.6,80.2,Medium,True
EVT20195,Community New Year Carnival,U05324,Nilaveli Beach,Trincomalee,Eastern,2024-04-13,8.72476,81.1747,8.72307,81.17684,GPS Auto-Tag,300.1,68.7,Medium,True
EVT20196,Food & Craft Fair,U10098,Mirissa Whale Watching & Beach,Matara,Southern,2023-01-01,5.94524,80.4564,5.94329,80.47386,Manual Map Pin,1940.5,8.8,Very Low,False
EVT20197,Full Moon Party,U17247,Galle Fort Walking Tour,Galle,Southern,2025-01-16,6.0472,80.20444,6.03902,80.19877,Manual Map Pin,1102.8,25.2,Very Low,False
EVT20198,Corporate Retreat Event,U10026,Mirissa Whale Watching & Beach,Matara,Southern,2024-03-13,5.94339,80.46287,5.94383,80.46109,GPS Auto-Tag,202.5,77.6,Medium,True
EVT20199,Beach Party,U01632,Colombo Galle Face & City Tour,Colombo,Western,2023-06-29,6.9034,79.85451,6.88362,79.87038,Manual Map Pin,2806.2,3.0,Very Low,False
EVT20200,Temple/Kovil Special Pooja,U00861,Galle Fort Walking Tour,Galle,Southern,2025-02-23,6.0248,80.20686,6.02497,80.20437,GPS Auto-Tag,275.3,70.9,Medium,True
EVT20201,Community New Year Carnival,U04107,Anuradhapura Cycling Tour,Anuradhapura,North Central,2023-09-07,8.3007,80.40671,8.30351,80.4065,GPS Auto-Tag,313.6,67.6,Medium,True
EVT20202,Private Wedding,U07144,Wewurukannala & Buduruwagala Carvings,Badulla/Monaragala,Uva,2024-05-07,6.71228,81.17133,6.71536,81.17627,Manual Map Pin,643.0,44.8,Low,False
EVT20203,Temple/Kovil Special Pooja,U14909,Ravana Falls Abseiling,Badulla,Uva,2023-01-04,6.89397,81.04953,6.89266,81.04547,GPS Auto-Tag,470.2,55.6,Low,False
EVT20204,Live Music Night,U08549,Ravana Caves & Ella Wala Pool,Badulla,Uva,2024-03-21,6.84464,81.03805,6.84533,81.03664,GPS Auto-Tag,173.4,80.5,Medium,True
EVT20205,Temple/Kovil Special Pooja,U00743,Hakgala Botanical Garden,Nuwara Eliya,Central,2023-03-19,6.91724,80.77609,6.9186,80.77559,GPS Auto-Tag,160.5,81.8,Medium,True
EVT20206,Food & Craft Fair,U16735,Sinharaja Rainforest Trekking,Ratnapura/Galle,Sabaragamuwa,2024-05-06,6.3856,80.50916,6.37113,80.50265,Manual Map Pin,1759.3,11.1,Very Low,False
EVT20207,Corporate Retreat Event,U14256,Diyasaru Wetland Park,Colombo,Western,2023-09-07,6.88343,79.89717,6.88056,79.89425,GPS Auto-Tag,453.1,56.8,Low,False
EVT20208,Full Moon Party,U07252,Minneriya Elephant Gathering,Polonnaruwa,North Central,2025-07-05,8.03936,80.91229,8.03809,80.91119,GPS Auto-Tag,185.3,79.3,Medium,True
EVT20209,Full Moon Party,U07487,Bogoda Wooden Bridge,Badulla,Uva,2023-06-26,6.96234,81.01435,6.96211,81.01364,GPS Auto-Tag,82.0,90.3,High,True
EVT20210,Pop-up Local Festival,U16285,Induruwa Turtle Conservation,Galle,Southern,2024-03-03,6.04324,80.03014,6.04259,80.02843,GPS Auto-Tag,202.2,77.7,Medium,True
EVT20211,Village Perahera,U01014,Galle Fort Walking Tour,Galle,Southern,2023-06-16,6.03416,80.20634,6.0255,80.19551,Typed Address,1534.2,14.7,Very Low,False
EVT20212,Corporate Retreat Event,U00682,Yapahuwa Rock Fortress,Kurunegala,North Western,2025-10-04,7.81743,80.18983,7.7816,80.16757,Typed Address,4670.4,0.3,Very Low,False
EVT20213,Temple/Kovil Special Pooja,U09190,Beddagana Wetland Park,Colombo,Western,2024-10-09,6.88224,79.91429,6.80324,79.86234,Typed Address,10471.4,0.0,Very Low,False
EVT20214,Food & Craft Fair,U09158,Meemure Village,Kandy,Central,2025-11-23,7.47392,80.79704,7.51178,80.75903,Typed Address,5929.9,0.1,Very Low,False
EVT20215,Community New Year Carnival,U07571,Kitulgala White Water Rafting,Kegalle,Sabaragamuwa,2023-02-12,6.99116,80.41914,6.99025,80.41779,GPS Auto-Tag,180.4,79.8,Medium,True
EVT20216,Full Moon Party,U11410,Udawalawe Elephant Transit Home,Ratnapura,Sabaragamuwa,2024-05-19,6.41811,80.88683,6.41779,80.88612,GPS Auto-Tag,85.3,89.9,High,True
EVT20217,Food & Craft Fair,U03412,Victoria Park Nuwara Eliya,Nuwara Eliya,Central,2024-06-24,6.9688,80.77755,6.96778,80.77674,GPS Auto-Tag,144.6,83.5,Medium,True
EVT20218,Food & Craft Fair,U00715,Colombo Galle Face & City Tour,Colombo,Western,2023-08-03,6.9297,79.87421,6.95893,79.75516,Typed Address,13512.9,0.0,Very Low,False
EVT20219,Beach Party,U16442,Trincomalee Whale Watching,Trincomalee,Eastern,2024-10-02,8.56712,81.23663,8.56838,81.23618,GPS Auto-Tag,148.1,83.1,Medium,True
EVT20220,Community New Year Carnival,U13781,Nilaveli Beach,Trincomalee,Eastern,2025-01-19,8.70904,81.17863,8.69775,81.18504,Manual Map Pin,1437.6,16.6,Very Low,False
EVT20221,Pop-up Local Festival,U10009,Muhudu Maha Vihara,Hambantota,Southern,2024-09-19,6.327,81.46203,6.3284,81.46014,GPS Auto-Tag,260.6,72.2,Medium,True
EVT20222,Temple/Kovil Special Pooja,U17033,Sinhala & Tamil New Year Village Games,Anuradhapura,North Central,2025-01-19,8.30029,80.40352,8.34667,80.40197,Typed Address,5151.5,0.2,Very Low,False
EVT20223,Community New Year Carnival,U14668,Peak Wilderness Sanctuary Trek,Ratnapura,Sabaragamuwa,2025-11-25,6.81002,80.51061,6.81273,80.51111,GPS Auto-Tag,306.2,68.2,Medium,True
EVT20224,Corporate Retreat Event,U08452,Bundala Wetland Birdwatching,Hambantota,Southern,2025-07-26,6.18184,81.21493,6.18322,81.21694,GPS Auto-Tag,270.1,71.3,Medium,True
EVT20225,Beach Party,U14292,Lipton's Seat Viewpoint,Badulla,Uva,2023-12-11,6.80993,81.06306,6.80441,81.06131,Manual Map Pin,641.5,44.8,Low,False
EVT20226,Full Moon Party,U13253,"Christmas Celebrations, Negombo",Gampaha,Western,2023-08-08,7.2101,79.83961,7.20846,79.83925,GPS Auto-Tag,185.7,79.3,Medium,True
EVT20227,Village Perahera,U05634,Yala National Park Safari,Hambantota,Southern,2024-07-12,6.37076,81.53749,6.39171,81.49568,Typed Address,5165.1,0.2,Very Low,False
EVT20228,Village Perahera,U05750,Hiriwadunna Village,Anuradhapura,North Central,2024-08-07,7.99612,80.7491,7.99609,80.7494,GPS Auto-Tag,32.7,96.0,High,True
EVT20229,Beach Party,U03368,Yapahuwa Rock Fortress,Kurunegala,North Western,2024-12-16,7.83553,80.19925,7.87037,80.26419,Typed Address,8121.1,0.0,Very Low,False
EVT20230,Live Music Night,U14373,Lipton's Seat Viewpoint,Badulla,Uva,2023-09-26,6.798,81.05697,6.79857,81.06307,Manual Map Pin,674.7,43.0,Low,False
EVT20231,Community New Year Carnival,U10644,Kandy Esala Perahera,Kandy,Central,2023-11-25,7.29015,80.63336,7.28781,80.63079,GPS Auto-Tag,384.8,61.8,Medium,True
EVT20232,Live Music Night,U08297,Kalametiya Bird Sanctuary,Hambantota,Southern,2023-06-21,6.07027,80.92917,6.07107,80.92777,GPS Auto-Tag,179.0,80.0,Medium,True
EVT20233,Private Wedding,U09712,Udawalawe Elephant Transit Home,Ratnapura,Sabaragamuwa,2023-01-17,6.43729,80.87917,6.43907,80.88071,GPS Auto-Tag,261.6,72.1,Medium,True
EVT20234,Pop-up Local Festival,U14910,St. Clair's & Devon Falls Viewpoint,Nuwara Eliya,Central,2023-01-05,7.02492,80.67363,7.05588,80.69638,Typed Address,4253.7,0.5,Very Low,False
EVT20235,Village Perahera,U09243,Kochchikade St. Anthony's Feast,Colombo,Western,2025-10-18,6.92888,79.84408,6.93002,79.84382,GPS Auto-Tag,129.1,85.1,High,True
EVT20236,Private Wedding,U13293,St. Clair's & Devon Falls Viewpoint,Nuwara Eliya,Central,2024-12-08,7.05138,80.66954,7.05224,80.67191,GPS Auto-Tag,278.1,70.6,Medium,True
EVT20237,Food & Craft Fair,U01126,Kanneliya Rainforest Reserve,Galle,Southern,2024-05-17,6.23546,80.34623,6.29164,80.34847,Typed Address,6241.3,0.0,Very Low,False
EVT20238,Temple/Kovil Special Pooja,U04794,Vidattaltivu Lagoon,Mannar,Northern,2024-07-30,8.94428,80.0395,8.84624,80.05989,Typed Address,11110.1,0.0,Very Low,False
EVT20239,Community New Year Carnival,U11768,Delft Island,Jaffna,Northern,2024-04-19,9.51971,79.66429,9.47558,79.62418,Typed Address,6578.6,0.0,Very Low,False
EVT20240,Full Moon Party,U01535,Wadduwa Beach Escape,Kalutara,Western,2025-07-18,6.6561,79.91787,6.65687,79.92027,GPS Auto-Tag,277.8,70.7,Medium,True
EVT20241,Corporate Retreat Event,U07710,Ella Rock & Little Adam's Peak Hike,Badulla,Uva,2024-11-26,6.86029,81.02408,6.8618,81.02565,GPS Auto-Tag,240.4,74.0,Medium,True
EVT20242,Beach Party,U13428,Trincomalee Whale Watching,Trincomalee,Eastern,2025-04-19,8.56434,81.2514,8.55958,81.25338,Manual Map Pin,571.2,49.0,Low,False
EVT20243,Live Music Night,U01056,Kandy Lake Evening Walk,Kandy,Central,2025-07-20,7.29374,80.61852,7.30094,80.62698,Manual Map Pin,1227.2,21.6,Very Low,False
EVT20244,Private Wedding,U05877,Anawilundawa Ramsar Wetland,Puttalam,North Western,2025-04-17,7.71371,79.81382,7.71799,79.81871,Manual Map Pin,716.9,40.8,Low,False
EVT20245,Village Perahera,U01180,St. Clair's & Devon Falls Viewpoint,Nuwara Eliya,Central,2023-02-20,7.03902,80.66968,7.03855,80.66884,GPS Auto-Tag,105.9,87.6,High,True
EVT20246,Corporate Retreat Event,U03993,Vesak Festival (Colombo & Island-wide),Colombo,Western,2024-05-02,6.91187,79.85497,6.91088,79.85511,GPS Auto-Tag,111.0,87.0,High,True
EVT20247,Private Wedding,U02298,Muthurajawela Marsh Boat Safari,Gampaha,Western,2024-09-10,7.07107,79.881,7.08989,79.90886,Typed Address,3712.5,1.0,Very Low,False
EVT20248,Corporate Retreat Event,U10527,Kochchikade St. Anthony's Feast,Colombo,Western,2023-02-18,6.93583,79.84421,6.93752,79.84243,GPS Auto-Tag,271.7,71.2,Medium,True
EVT20249,Corporate Retreat Event,U15892,Ambalangoda Mask Museum,Galle,Southern,2024-09-14,6.2333,80.05165,6.2326,80.05116,GPS Auto-Tag,94.3,88.9,High,True
EVT20250,Private Wedding,U01757,Aluvihare Rock Monastery,Matale,Central,2025-01-29,7.47392,80.61475,7.47333,80.61303,GPS Auto-Tag,201.0,77.8,Medium,True
EVT20251,Community New Year Carnival,U09390,Knuckles Conservation Forest Walk,Kandy/Matale,Central,2025-03-14,7.47054,80.78233,7.46857,80.78344,GPS Auto-Tag,250.3,73.1,Medium,True
EVT20252,Beach Party,U02976,Royal Botanical Garden Peradeniya,Kandy,Central,2025-03-27,7.2706,80.60511,7.26882,80.60135,GPS Auto-Tag,459.5,56.3,Low,False
EVT20253,Corporate Retreat Event,U16974,Muhudu Maha Vihara,Hambantota,Southern,2023-06-16,6.31503,81.44877,6.31405,81.45016,GPS Auto-Tag,188.5,79.0,Medium,True
EVT20254,Food & Craft Fair,U08696,Thalangama Wetland Birdwatching,Colombo,Western,2023-10-08,6.88077,79.90974,6.87985,79.90006,Manual Map Pin,1071.2,26.2,Very Low,False
EVT20255,Full Moon Party,U16238,Kitulgala White Water Rafting,Kegalle,Sabaragamuwa,2024-04-11,6.98184,80.42109,6.98135,80.41922,GPS Auto-Tag,213.0,76.6,Medium,True
EVT20256,Private Wedding,U04368,Bogoda Wooden Bridge,Badulla,Uva,2023-12-24,6.96698,81.01275,6.96887,81.01497,GPS Auto-Tag,322.5,66.8,Medium,True
EVT20257,Food & Craft Fair,U00383,Nainativu & Nagadeepa,Jaffna,Northern,2025-08-15,9.58445,79.77643,9.58396,79.76934,Manual Map Pin,777.7,37.8,Low,False
EVT20258,Temple/Kovil Special Pooja,U14902,Deepavali Festival (Colombo Kovils),Colombo,Western,2024-06-26,6.88953,79.84712,6.89813,79.85491,Manual Map Pin,1284.1,20.1,Very Low,False
EVT20259,Community New Year Carnival,U12504,Anuradhapura Cycling Tour,Anuradhapura,North Central,2025-07-27,8.32213,80.42603,8.32382,80.42931,GPS Auto-Tag,405.7,60.2,Medium,True
EVT20260,Community New Year Carnival,U00018,Knuckles Mountain Range Trekking,Kandy/Matale,Central,2024-08-04,7.4716,80.7836,7.47281,80.78559,GPS Auto-Tag,257.2,72.5,Medium,True
EVT20261,Beach Party,U04632,Bundala Wetland Birdwatching,Hambantota,Southern,2025-08-04,6.19318,81.22359,6.19054,81.22129,GPS Auto-Tag,387.5,61.6,Medium,True
EVT20262,Food & Craft Fair,U09989,Trincomalee Whale Watching,Trincomalee,Eastern,2024-10-27,8.57257,81.23289,8.57026,81.2396,Manual Map Pin,779.9,37.7,Low,False
EVT20263,Community New Year Carnival,U08526,Bentota River Safari & Beach,Galle,Southern,2024-11-24,6.41607,79.98575,6.41421,79.98531,GPS Auto-Tag,211.8,76.7,Medium,True
EVT20264,Village Perahera,U09032,Belihuloya River Adventures,Ratnapura,Sabaragamuwa,2023-08-21,6.68409,80.84301,6.68345,80.84315,GPS Auto-Tag,72.6,91.3,High,True
EVT20265,Pop-up Local Festival,U10758,Muhudu Maha Vihara,Hambantota,Southern,2025-04-13,6.33772,81.45555,6.32876,81.45105,Manual Map Pin,1111.2,24.9,Very Low,False
EVT20266,Food & Craft Fair,U09815,"Christmas Celebrations, Negombo",Gampaha,Western,2025-09-12,7.20607,79.83597,7.20621,79.83718,GPS Auto-Tag,134.2,84.6,Medium,True
EVT20267,Village Perahera,U15860,Arugam Bay Surfing,Ampara,Eastern,2023-07-24,6.84978,81.83918,6.84372,81.84517,Manual Map Pin,942.3,30.8,Low,False
EVT20268,Live Music Night,U06725,Bambarakanda Falls,Badulla,Uva,2024-11-09,6.79131,80.80873,6.78426,80.80624,Manual Map Pin,830.2,35.4,Low,False
EVT20269,Pop-up Local Festival,U05730,Bambarakanda Falls,Badulla,Uva,2024-08-10,6.76481,80.79975,6.7639,80.79658,GPS Auto-Tag,363.4,63.5,Medium,True
EVT20270,Village Perahera,U02653,Ramboda Falls Visit,Nuwara Eliya,Central,2025-01-03,7.03669,80.6989,7.03469,80.69751,Manual Map Pin,270.0,71.4,Medium,True
EVT20271,Private Wedding,U05389,Negombo Lagoon Boat Ride,Gampaha,Western,2023-12-12,7.20193,79.83971,7.21239,79.83631,Manual Map Pin,1219.7,21.8,Very Low,False
EVT20272,Beach Party,U16936,Negombo Lagoon Boat Ride,Gampaha,Western,2024-03-29,7.2141,79.8302,7.21585,79.83227,GPS Auto-Tag,299.3,68.8,Medium,True
EVT20273,Live Music Night,U03905,Delft Wild Pony Eco Tour,Jaffna,Northern,2023-12-05,9.5185,79.66545,9.52035,79.66598,GPS Auto-Tag,213.7,76.6,Medium,True
EVT20274,Full Moon Party,U03359,Nallur Festival (Nallur Kandaswamy Kovil),Jaffna,Northern,2024-08-19,9.67271,80.01675,9.65436,80.02991,Manual Map Pin,2494.5,4.4,Very Low,False
EVT20275,Private Wedding,U05933,Induruwa Turtle Conservation,Galle,Southern,2024-06-28,6.04106,80.03734,6.04297,80.03623,GPS Auto-Tag,244.7,73.6,Medium,True
EVT20276,Pop-up Local Festival,U02877,Kandy Esala Perahera,Kandy,Central,2023-10-07,7.29413,80.64854,7.2928,80.64799,GPS Auto-Tag,159.5,81.9,Medium,True
EVT20277,Food & Craft Fair,U03649,Ravana Falls Abseiling,Badulla,Uva,2024-06-01,6.86664,81.06953,6.86215,81.06332,Manual Map Pin,846.7,34.7,Low,False
EVT20278,Community New Year Carnival,U15267,Ella Rock & Little Adam's Peak Hike,Badulla,Uva,2023-07-21,6.86889,81.05087,6.86958,81.05054,GPS Auto-Tag,84.9,89.9,High,True
EVT20279,Temple/Kovil Special Pooja,U15110,Beruwala Beach Resort Leisure,Kalutara,Western,2023-01-05,6.50271,79.98634,6.50336,79.98885,GPS Auto-Tag,286.0,69.9,Medium,True
EVT20280,Village Perahera,U16016,Diyaluma Infinity Pools,Badulla,Uva,2024-09-17,6.73637,81.02337,6.73564,81.02261,GPS Auto-Tag,116.5,86.4,High,True
EVT20281,Private Wedding,U16718,Sera Ella Waterfall,Matale,Central,2025-11-20,7.5225,80.681,7.54023,80.66936,Typed Address,2348.4,5.3,Very Low,False
EVT20282,Corporate Retreat Event,U12205,Deepavali Festival (Colombo Kovils),Colombo,Western,2024-05-29,6.88859,79.85911,6.87037,79.85755,Typed Address,2029.1,7.9,Very Low,False
EVT20283,Community New Year Carnival,U14711,Hiriwadunna Village,Anuradhapura,North Central,2025-01-23,7.98133,80.76012,7.98208,80.75707,GPS Auto-Tag,345.6,64.9,Medium,True
EVT20284,Corporate Retreat Event,U17868,Kosgoda Turtle Hatchery,Galle,Southern,2025-03-15,6.05836,80.01019,6.00461,80.01198,Typed Address,5970.1,0.1,Very Low,False
EVT20285,Community New Year Carnival,U17444,Nuwara Eliya Tea Factory Tour,Nuwara Eliya,Central,2025-05-01,6.9725,80.77706,6.95343,80.76394,Typed Address,2563.6,4.1,Very Low,False
EVT20286,Full Moon Party,U04742,Delft Island,Jaffna,Northern,2025-10-16,9.52588,79.67241,9.52398,79.67385,GPS Auto-Tag,263.4,71.9,Medium,True
EVT20287,Beach Party,U04877,"New Year's Eve Countdown, Galle Face",Colombo,Western,2025-10-16,6.91849,79.84613,6.89714,79.85068,Typed Address,2422.4,4.8,Very Low,False
EVT20288,Village Perahera,U01183,Nilaveli Beach,Trincomalee,Eastern,2023-11-24,8.72565,81.19246,8.72771,81.20427,Manual Map Pin,1316.0,19.3,Very Low,False
EVT20289,Food & Craft Fair,U17598,Sinhala & Tamil New Year Village Games,Anuradhapura,North Central,2023-10-02,8.30721,80.41387,8.29789,80.41677,Manual Map Pin,1082.9,25.8,Very Low,False
EVT20290,Beach Party,U08272,Royal Botanical Garden Peradeniya,Kandy,Central,2025-08-06,7.26678,80.58974,7.26637,80.58777,GPS Auto-Tag,220.6,75.9,Medium,True
EVT20291,Food & Craft Fair,U02928,Nuwara Eliya Gregory Lake Boating,Nuwara Eliya,Central,2025-11-17,6.96136,80.78595,6.96711,80.77425,Manual Map Pin,1437.6,16.6,Very Low,False
EVT20292,Live Music Night,U07946,Nallur Festival (Nallur Kandaswamy Kovil),Jaffna,Northern,2025-08-03,9.67589,80.02192,9.66748,80.02628,Manual Map Pin,1048.7,27.0,Very Low,False
EVT20293,Full Moon Party,U14029,Kitulgala White Water Rafting,Kegalle,Sabaragamuwa,2024-08-10,6.98499,80.42073,6.98549,80.42986,Typed Address,1006.8,28.4,Very Low,False
EVT20294,Corporate Retreat Event,U01668,Horton Plains Cloud Forest Eco Walk,Nuwara Eliya,Central,2024-05-22,6.80661,80.7973,6.80725,80.79707,GPS Auto-Tag,74.9,91.1,High,True
EVT20295,Live Music Night,U09098,Vidattaltivu Lagoon,Mannar,Northern,2023-04-13,8.94549,80.04399,8.94527,80.04351,GPS Auto-Tag,57.7,93.0,High,True
EVT20296,Beach Party,U16574,Ella Rock & Little Adam's Peak Hike,Badulla,Uva,2025-04-19,6.88106,81.06299,6.88101,81.05919,GPS Auto-Tag,418.5,59.3,Low,False
EVT20297,Full Moon Party,U16825,Minneriya Elephant Gathering,Polonnaruwa,North Central,2024-05-13,8.03792,80.91403,8.03604,80.91428,GPS Auto-Tag,210.8,76.8,Medium,True
EVT20298,Private Wedding,U12092,Meemure Village,Kandy,Central,2024-09-11,7.46612,80.79001,7.45422,80.79157,Manual Map Pin,1331.4,18.9,Very Low,False
EVT20299,Community New Year Carnival,U06975,Hikkaduwa Diving & Surfing,Galle,Southern,2025-06-11,6.14528,80.10075,6.15267,80.10116,Typed Address,820.6,35.9,Low,False
EVT20300,Full Moon Party,U09229,Nuwara Eliya Tea Factory Tour,Nuwara Eliya,Central,2024-12-08,6.98644,80.75634,6.99602,80.75857,Manual Map Pin,1091.1,25.6,Very Low,False
EVT20301,Temple/Kovil Special Pooja,U11049,Bentota River Safari & Beach,Galle,Southern,2024-05-03,6.42868,80.02572,6.42783,80.03623,Manual Map Pin,1163.6,23.4,Very Low,False
EVT20302,Food & Craft Fair,U16805,Haputale Viewpoint & Tea Estates,Badulla,Uva,2025-04-26,6.76411,80.94658,6.77513,80.90357,Typed Address,4895.6,0.2,Very Low,False
EVT20303,Community New Year Carnival,U13304,Adam's Peak (Sri Pada) Climb,Ratnapura,Sabaragamuwa,2024-07-18,6.80351,80.51544,6.80297,80.51246,GPS Auto-Tag,333.8,65.9,Medium,True
EVT20304,Corporate Retreat Event,U04343,Pigeon Island Snorkeling,Trincomalee,Eastern,2024-01-23,8.72638,81.20379,8.73138,81.20284,Manual Map Pin,564.8,49.4,Low,False
EVT20305,Private Wedding,U12545,Wewurukannala & Buduruwagala Carvings,Badulla/Monaragala,Uva,2023-04-21,6.71789,81.14328,6.77268,81.1678,Typed Address,6655.0,0.0,Very Low,False
EVT20306,Food & Craft Fair,U09612,Kumana Bird Sanctuary,Ampara,Eastern,2023-04-17,6.56749,81.65615,6.56204,81.65689,Manual Map Pin,609.6,46.7,Low,False
EVT20307,Private Wedding,U06658,Gal Oya Kudugala Village Eco Trek,Ampara,Eastern,2025-04-22,7.16528,81.45542,7.17844,81.44955,Manual Map Pin,1597.6,13.6,Very Low,False
EVT20308,Food & Craft Fair,U09067,Bambarakanda Falls,Badulla,Uva,2025-11-29,6.80099,80.81825,6.79008,80.81813,Manual Map Pin,1210.9,22.0,Very Low,False
EVT20309,Food & Craft Fair,U11848,Kitulgala White Water Rafting,Kegalle,Sabaragamuwa,2025-06-29,6.98575,80.41273,6.98512,80.4122,GPS Auto-Tag,91.3,89.2,High,True
EVT20310,Village Perahera,U06081,Sinharaja Forest Reserve Nature Walk,Ratnapura/Galle,Sabaragamuwa,2023-06-24,6.40882,80.50275,6.37066,80.54121,Typed Address,5994.7,0.1,Very Low,False
EVT20311,Private Wedding,U13926,Sinhala & Tamil New Year Village Games,Anuradhapura,North Central,2024-09-28,8.30438,80.39133,8.30468,80.39265,GPS Auto-Tag,148.5,83.1,Medium,True
EVT20312,Beach Party,U06012,Negombo Lagoon Boat Ride,Gampaha,Western,2025-12-28,7.21192,79.83122,7.16753,79.893,Typed Address,8400.3,0.0,Very Low,False
EVT20313,Pop-up Local Festival,U03100,Kataragama Esala Perahera,Monaragala,Uva,2025-11-18,6.41707,81.3355,6.41139,81.3068,Typed Address,3227.5,1.8,Very Low,False
EVT20314,Food & Craft Fair,U07950,"Christmas Celebrations, Negombo",Gampaha,Western,2024-08-09,7.22323,79.83655,7.22444,79.84659,Manual Map Pin,1112.8,24.9,Very Low,False
EVT20315,Food & Craft Fair,U07054,Madu Ganga Mangrove Boat Tour,Galle,Southern,2025-09-15,6.25966,80.04241,6.25666,80.10127,Typed Address,6502.9,0.0,Very Low,False
EVT20316,Live Music Night,U03167,Yala National Park Safari,Hambantota,Southern,2025-08-31,6.37334,81.5249,6.37233,81.52542,GPS Auto-Tag,126.8,85.3,High,True
EVT20317,Community New Year Carnival,U16293,Peak Wilderness Sanctuary Trek,Ratnapura,Sabaragamuwa,2023-02-25,6.80581,80.5038,6.8048,80.50516,GPS Auto-Tag,186.5,79.2,Medium,True
EVT20318,Corporate Retreat Event,U11200,Laxapana Falls Trek,Nuwara Eliya,Central,2023-05-19,6.91413,80.49095,6.9134,80.49246,GPS Auto-Tag,185.5,79.3,Medium,True
EVT20319,Corporate Retreat Event,U07587,Wasgamuwa National Park Safari,Matale/Polonnaruwa,Central,2023-01-17,7.78747,80.93938,7.78719,80.93963,GPS Auto-Tag,42.0,94.9,High,True
EVT20320,Village Perahera,U08172,"New Year's Eve Countdown, Galle Face",Colombo,Western,2025-04-09,6.93638,79.8355,6.8896,79.82483,Typed Address,5323.9,0.1,Very Low,False
EVT20321,Corporate Retreat Event,U15889,Minneriya-Kaudulla Elephant Corridor,Polonnaruwa,North Central,2023-12-31,8.05789,80.96405,8.05684,80.96341,GPS Auto-Tag,136.0,84.4,Medium,True
EVT20322,Pop-up Local Festival,U16166,Hurulu Eco Park,Polonnaruwa,North Central,2023-01-21,8.17039,80.87381,8.17024,80.87097,GPS Auto-Tag,312.4,67.7,Medium,True
EVT20323,Full Moon Party,U04547,Panama-Kudumbigala Eco Reserve,Ampara,Eastern,2023-04-29,6.89242,81.77317,6.891,81.77321,GPS Auto-Tag,157.0,82.2,Medium,True
EVT20324,Full Moon Party,U01790,Kalametiya Bird Sanctuary,Hambantota,Southern,2025-07-28,6.06605,80.90731,6.06588,80.90387,GPS Auto-Tag,379.8,62.2,Medium,True
EVT20325,Village Perahera,U08036,Bogoda Wooden Bridge,Badulla,Uva,2024-06-30,6.97313,81.02974,6.96793,81.02945,Manual Map Pin,577.9,48.6,Low,False
EVT20326,Food & Craft Fair,U17498,Kalpitiya Kite Surfing,Puttalam,North Western,2024-02-27,8.24599,79.76166,8.22467,79.68371,Typed Address,8883.6,0.0,Very Low,False
EVT20327,Live Music Night,U13128,Vesak Festival (Colombo & Island-wide),Colombo,Western,2023-05-28,6.92713,79.85271,6.91228,79.89285,Typed Address,4720.4,0.3,Very Low,False
EVT20328,Food & Craft Fair,U10937,Delft Wild Pony Eco Tour,Jaffna,Northern,2023-10-21,9.54405,79.66929,9.54586,79.66995,GPS Auto-Tag,212.5,76.7,Medium,True
EVT20329,Private Wedding,U03481,Tangalle Beach Escape,Hambantota,Southern,2025-07-23,6.02161,80.78754,6.01982,80.78865,GPS Auto-Tag,234.1,74.6,Medium,True
EVT20330,Village Perahera,U17776,Kayts Island,Jaffna,Northern,2023-06-04,9.68794,79.97256,9.68767,79.9687,GPS Auto-Tag,423.4,58.9,Low,False
EVT20331,Food & Craft Fair,U05483,Knuckles Mountain Range Trekking,Kandy/Matale,Central,2024-06-04,7.45607,80.78413,7.4415,80.79531,Manual Map Pin,2030.9,7.9,Very Low,False
EVT20332,Corporate Retreat Event,U07738,Kochchikade St. Anthony's Feast,Colombo,Western,2025-02-25,6.94782,79.84123,6.94617,79.84252,GPS Auto-Tag,231.6,74.9,Medium,True
EVT20333,Full Moon Party,U11997,Hiriwadunna Village,Anuradhapura,North Central,2025-01-14,7.97939,80.74122,7.9777,80.74208,GPS Auto-Tag,211.0,76.8,Medium,True
EVT20334,Community New Year Carnival,U07476,Kalametiya Bird Sanctuary,Hambantota,Southern,2023-07-25,6.08319,80.92005,6.08383,80.9178,GPS Auto-Tag,258.6,72.4,Medium,True
EVT20335,Live Music Night,U03172,Yapahuwa Rock Fortress,Kurunegala,North Western,2025-01-30,7.84683,80.20005,7.84709,80.19846,GPS Auto-Tag,177.1,80.1,Medium,True
EVT20336,Pop-up Local Festival,U09109,Kalametiya Bird Sanctuary,Hambantota,Southern,2023-01-07,6.05139,80.93354,6.04768,80.94054,Manual Map Pin,875.4,33.5,Low,False
EVT20337,Private Wedding,U02798,Rathnapura Gem Mining Tour,Ratnapura,Sabaragamuwa,2025-07-16,6.69211,80.41259,6.69415,80.41189,GPS Auto-Tag,238.5,74.2,Medium,True
EVT20338,Pop-up Local Festival,U17364,Bambarakanda Falls,Badulla,Uva,2024-03-13,6.76845,80.80972,6.77499,80.83041,Typed Address,2393.7,5.0,Very Low,False
EVT20339,Temple/Kovil Special Pooja,U05359,Hikkaduwa Diving & Surfing,Galle,Southern,2025-03-06,6.13534,80.09786,6.13419,80.09914,GPS Auto-Tag,190.8,78.8,Medium,True
EVT20340,Food & Craft Fair,U14785,Colombo Galle Face & City Tour,Colombo,Western,2025-01-30,6.91087,79.87065,6.91148,79.8694,GPS Auto-Tag,153.9,82.5,Medium,True
EVT20341,Live Music Night,U09425,Pasikuda Beach,Batticaloa,Eastern,2023-08-18,7.91049,81.55956,7.92103,81.56922,Typed Address,1579.3,13.9,Very Low,False
EVT20342,Village Perahera,U05454,Hikkaduwa Diving & Surfing,Galle,Southern,2023-03-11,6.15097,80.103,6.15075,80.10337,GPS Auto-Tag,46.9,94.3,High,True
EVT20343,Temple/Kovil Special Pooja,U15637,Ravana Falls Abseiling,Badulla,Uva,2023-10-04,6.88024,81.08125,6.88041,81.08031,GPS Auto-Tag,105.7,87.6,High,True
EVT20344,Food & Craft Fair,U02782,Muthurajawela Marsh Boat Safari,Gampaha,Western,2024-11-08,7.06233,79.89011,7.04121,79.87183,Manual Map Pin,3089.6,2.1,Very Low,False
EVT20345,Private Wedding,U03476,Bentota River Safari & Beach,Galle,Southern,2024-01-29,6.41901,79.99377,6.41953,79.99427,GPS Auto-Tag,79.2,90.6,High,True
EVT20346,Beach Party,U17030,Royal Botanical Garden Peradeniya,Kandy,Central,2024-08-09,7.28411,80.60823,7.30843,80.65202,Typed Address,5525.9,0.1,Very Low,False
EVT20347,Village Perahera,U04353,Udawalawe Elephant Transit Home,Ratnapura,Sabaragamuwa,2025-03-23,6.42809,80.89253,6.43057,80.89272,GPS Auto-Tag,276.8,70.8,Medium,True
EVT20348,Food & Craft Fair,U10462,Panama Village,Ampara,Eastern,2023-10-05,6.93513,81.78618,6.93447,81.7863,GPS Auto-Tag,74.6,91.1,High,True
EVT20349,Corporate Retreat Event,U12358,Pigeon Island Snorkeling,Trincomalee,Eastern,2024-07-05,8.70083,81.20665,8.70048,81.20626,GPS Auto-Tag,57.5,93.1,High,True
EVT20350,Corporate Retreat Event,U13868,Kandy Esala Perahera,Kandy,Central,2024-12-19,7.2975,80.63749,7.26497,80.61449,Typed Address,4410.3,0.4,Very Low,False
EVT20351,Full Moon Party,U12247,Hurulu Eco Park,Polonnaruwa,North Central,2025-08-29,8.15822,80.88976,8.15767,80.89103,GPS Auto-Tag,152.2,82.7,Medium,True
EVT20352,Village Perahera,U09297,Nallur Festival (Nallur Kandaswamy Kovil),Jaffna,Northern,2024-02-04,9.67897,80.03036,9.6826,80.03601,Manual Map Pin,738.8,39.7,Low,False
EVT20353,Private Wedding,U03204,Hikkaduwa Diving & Surfing,Galle,Southern,2024-02-07,6.13161,80.08778,6.11196,80.09275,Manual Map Pin,2248.6,6.0,Very Low,False
EVT20354,Temple/Kovil Special Pooja,U09825,Negombo Lagoon Boat Ride,Gampaha,Western,2025-12-12,7.23228,79.83653,7.23154,79.83415,GPS Auto-Tag,274.5,71.0,Medium,True
EVT20355,Beach Party,U11199,Wasgamuwa National Park Safari,Matale/Polonnaruwa,Central,2025-08-29,7.78601,80.92317,7.78541,80.92333,GPS Auto-Tag,67.8,91.9,High,True
EVT20356,Beach Party,U08448,Thalangama Wetland Birdwatching,Colombo,Western,2024-12-19,6.88307,79.93311,6.88297,79.93428,GPS Auto-Tag,129.3,85.1,High,True
EVT20357,Temple/Kovil Special Pooja,U16919,Bopath Ella Falls Trek,Ratnapura,Sabaragamuwa,2023-08-28,6.74246,80.35685,6.73935,80.3561,GPS Auto-Tag,355.3,64.1,Medium,True
EVT20358,Beach Party,U15582,Mirissa Whale Watching & Beach,Matara,Southern,2025-05-12,5.95918,80.46407,5.9611,80.46742,GPS Auto-Tag,426.1,58.7,Low,False
EVT20359,Food & Craft Fair,U01153,Anawilundawa Ramsar Wetland,Puttalam,North Western,2023-07-25,7.73011,79.80998,7.72935,79.80967,GPS Auto-Tag,91.9,89.1,High,True
EVT20360,Private Wedding,U02600,Polonnaruwa Cycling Tour,Polonnaruwa,North Central,2023-04-06,7.96026,81.00637,7.95764,81.00602,GPS Auto-Tag,293.5,69.3,Medium,True
EVT20361,Temple/Kovil Special Pooja,U03874,Madu Ganga Mangrove Boat Tour,Galle,Southern,2025-01-10,6.26958,80.05294,6.27166,80.05139,GPS Auto-Tag,287.4,69.8,Medium,True
EVT20362,Live Music Night,U17390,Gal Oya Kudugala Village Eco Trek,Ampara,Eastern,2023-12-26,7.15698,81.47455,7.14335,81.47752,Manual Map Pin,1547.6,14.4,Very Low,False
EVT20363,Full Moon Party,U12403,Nuwara Eliya April Season,Nuwara Eliya,Central,2023-08-18,6.9392,80.78356,6.97763,80.79523,Typed Address,4455.9,0.4,Very Low,False
EVT20364,Food & Craft Fair,U11065,Belihuloya River Adventures,Ratnapura,Sabaragamuwa,2023-01-06,6.67942,80.83109,6.67985,80.83153,Manual Map Pin,67.9,91.9,High,True
EVT20365,Community New Year Carnival,U01285,Kayts Island,Jaffna,Northern,2023-09-26,9.67628,79.99402,9.6181,80.02011,Typed Address,7060.6,0.0,Very Low,False
EVT20366,Temple/Kovil Special Pooja,U11286,"Christmas Celebrations, Negombo",Gampaha,Western,2025-02-09,7.22708,79.8218,7.22697,79.82198,GPS Auto-Tag,24.2,97.0,High,True
EVT20367,Private Wedding,U00635,Nuwara Eliya April Season,Nuwara Eliya,Central,2025-06-22,6.95826,80.79454,6.95709,80.79338,GPS Auto-Tag,181.7,79.7,Medium,True
EVT20368,Corporate Retreat Event,U10376,Sinhala & Tamil New Year Village Games,Anuradhapura,North Central,2024-03-31,8.31416,80.40704,8.31691,80.41301,Manual Map Pin,723.3,40.5,Low,False
EVT20369,Beach Party,U16063,Rekawa Turtle Conservation,Hambantota,Southern,2024-12-08,6.05459,80.84525,6.05281,80.84517,GPS Auto-Tag,198.3,78.0,Medium,True
EVT20370,Corporate Retreat Event,U14733,Kochchikade St. Anthony's Feast,Colombo,Western,2024-06-11,6.93075,79.85959,6.91945,79.94175,Typed Address,9139.2,0.0,Very Low,False
EVT20371,Temple/Kovil Special Pooja,U14502,Pigeon Island Snorkeling,Trincomalee,Eastern,2023-12-11,8.7104,81.20892,8.7125,81.20908,GPS Auto-Tag,233.1,74.7,Medium,True
EVT20372,Village Perahera,U10483,Wilpattu National Park Safari,Puttalam,North Western,2024-05-23,8.45574,80.03702,8.45417,80.03626,GPS Auto-Tag,194.1,78.5,Medium,True
EVT20373,Full Moon Party,U06866,Panama-Kudumbigala Eco Reserve,Ampara,Eastern,2025-09-22,6.88549,81.76635,6.88692,81.75372,Manual Map Pin,1399.9,17.4,Very Low,False
EVT20374,Beach Party,U06369,"Christmas Celebrations, Negombo",Gampaha,Western,2023-05-31,7.20916,79.83219,7.20691,79.83181,GPS Auto-Tag,253.5,72.8,Medium,True
EVT20375,Corporate Retreat Event,U15065,Meemure Village,Kandy,Central,2023-06-26,7.46919,80.81406,7.47273,80.83513,Typed Address,2351.9,5.3,Very Low,False
EVT20376,Corporate Retreat Event,U15417,Hiriwadunna Village,Anuradhapura,North Central,2023-01-02,7.98389,80.74072,7.98313,80.74066,GPS Auto-Tag,84.6,90.0,High,True
EVT20377,Live Music Night,U16497,Ambalangoda Mask Museum,Galle,Southern,2025-06-04,6.23083,80.06894,6.23272,80.06768,GPS Auto-Tag,251.9,73.0,Medium,True
EVT20378,Beach Party,U16963,Ravana Caves & Ella Wala Pool,Badulla,Uva,2024-09-09,6.85047,81.03712,6.83635,81.03071,Manual Map Pin,1718.8,11.7,Very Low,False
EVT20379,Temple/Kovil Special Pooja,U16280,Victoria Park Nuwara Eliya,Nuwara Eliya,Central,2025-10-15,6.96025,80.77421,6.96215,80.77426,GPS Auto-Tag,211.1,76.8,Medium,True
EVT20380,Temple/Kovil Special Pooja,U09453,Bentota River Safari & Beach,Galle,Southern,2023-06-15,6.43479,79.9885,6.43726,79.98683,GPS Auto-Tag,330.0,66.2,Medium,True
EVT20381,Pop-up Local Festival,U02994,Sinharaja Forest Reserve Nature Walk,Ratnapura/Galle,Sabaragamuwa,2025-02-23,6.38413,80.49797,6.38478,80.49755,GPS Auto-Tag,85.2,89.9,High,True
EVT20382,Private Wedding,U01824,Nainativu & Nagadeepa,Jaffna,Northern,2025-05-28,9.57509,79.78169,9.58355,79.77053,Manual Map Pin,1540.7,14.6,Very Low,False
EVT20383,Food & Craft Fair,U11954,Vesak Festival (Colombo & Island-wide),Colombo,Western,2023-12-19,6.90475,79.8564,6.90619,79.85517,GPS Auto-Tag,209.6,77.0,Medium,True
EVT20384,Corporate Retreat Event,U00628,Sinharaja Rainforest Trekking,Ratnapura/Galle,Sabaragamuwa,2024-07-07,6.4017,80.50889,6.47767,80.488,Typed Address,8741.8,0.0,Very Low,False
EVT20385,Beach Party,U01388,Hakgala Botanical Garden,Nuwara Eliya,Central,2024-08-07,6.91989,80.78384,6.91979,80.78284,GPS Auto-Tag,111.5,87.0,High,True
EVT20386,Community New Year Carnival,U08773,Lipton's Seat Viewpoint,Badulla,Uva,2023-06-22,6.82519,81.06776,6.85225,81.04664,Typed Address,3800.5,0.9,Very Low,False
EVT20387,Food & Craft Fair,U02897,Polonnaruwa Cycling Tour,Polonnaruwa,North Central,2023-10-18,7.95689,81.00307,7.95889,81.00372,GPS Auto-Tag,233.2,74.7,Medium,True
EVT20388,Corporate Retreat Event,U16889,Bopath Ella Falls Trek,Ratnapura,Sabaragamuwa,2023-06-16,6.71262,80.3706,6.71309,80.38079,Manual Map Pin,1125.3,24.5,Very Low,False
EVT20389,Private Wedding,U16015,Yapahuwa Rock Fortress,Kurunegala,North Western,2025-02-13,7.84965,80.2063,7.8474,80.19902,Manual Map Pin,838.9,35.0,Low,False
EVT20390,Pop-up Local Festival,U03152,Bopath Ella Falls Trek,Ratnapura,Sabaragamuwa,2024-12-10,6.75234,80.34979,6.74958,80.34816,GPS Auto-Tag,354.6,64.2,Medium,True
EVT20391,Corporate Retreat Event,U09944,Pasikuda Beach,Batticaloa,Eastern,2023-02-19,7.94218,81.55561,7.90804,81.53406,Typed Address,4468.5,0.4,Very Low,False
EVT20392,Temple/Kovil Special Pooja,U10685,Kumana National Park Birding & Safari,Ampara,Eastern,2025-10-28,6.57681,81.65899,6.57701,81.65775,GPS Auto-Tag,138.1,84.1,Medium,True
EVT20393,Pop-up Local Festival,U15969,Laxapana Falls Trek,Nuwara Eliya,Central,2023-06-30,6.93456,80.50262,6.93149,80.50303,GPS Auto-Tag,343.1,65.1,Medium,True
EVT20394,Beach Party,U01260,Knuckles Conservation Forest Walk,Kandy/Matale,Central,2023-10-22,7.45405,80.78503,7.4515,80.7844,GPS Auto-Tag,292.5,69.4,Medium,True
EVT20395,Live Music Night,U11994,Mannar Bird Migration Watching,Mannar,Northern,2024-11-09,8.96505,79.90488,8.96635,79.90245,GPS Auto-Tag,302.9,68.5,Medium,True
EVT20396,Food & Craft Fair,U02394,Deepavali Festival (Colombo Kovils),Colombo,Western,2023-01-21,6.89116,79.84252,6.95047,79.87798,Typed Address,7655.6,0.0,Very Low,False
EVT20397,Food & Craft Fair,U00824,Kumana National Park Birding & Safari,Ampara,Eastern,2023-12-20,6.57389,81.67325,6.5728,81.6728,GPS Auto-Tag,129.7,85.0,High,True
EVT20398,Beach Party,U01754,Mirissa Whale Watching & Beach,Matara,Southern,2024-03-19,5.95957,80.43854,5.95519,80.43444,Manual Map Pin,664.6,43.6,Low,False
EVT20399,Village Perahera,U01163,Minneriya-Kaudulla Elephant Corridor,Polonnaruwa,North Central,2023-03-14,8.06556,80.95248,8.06791,80.95234,GPS Auto-Tag,261.8,72.1,Medium,True
EVT20400,Full Moon Party,U09366,Bentota River Safari & Beach,Galle,Southern,2025-07-22,6.42567,79.99454,6.4253,79.99218,GPS Auto-Tag,263.0,72.0,Medium,True
EVT20401,Community New Year Carnival,U04246,Dowa Rock Temple,Badulla,Uva,2024-09-20,6.86854,81.04179,6.82902,80.99274,Typed Address,6961.3,0.0,Very Low,False
EVT20402,Corporate Retreat Event,U11020,Aluvihare Rock Monastery,Matale,Central,2023-04-29,7.4777,80.61818,7.47807,80.61759,GPS Auto-Tag,76.4,90.9,High,True
EVT20403,Corporate Retreat Event,U04952,Ritigala Forest Monastery,Anuradhapura,North Central,2023-03-18,8.10755,80.66746,8.09383,80.65919,Manual Map Pin,1773.1,10.9,Very Low,False
EVT20404,Private Wedding,U10902,Kandy Lake Evening Walk,Kandy,Central,2025-03-31,7.28662,80.64169,7.29227,80.60564,Manual Map Pin,4018.6,0.7,Very Low,False
EVT20405,Private Wedding,U11612,Nilaveli Beach,Trincomalee,Eastern,2025-10-24,8.7178,81.19315,8.73875,81.18658,Manual Map Pin,2434.3,4.8,Very Low,False
EVT20406,Full Moon Party,U04087,Bundala Wetland Birdwatching,Hambantota,Southern,2025-03-18,6.18838,81.20175,6.1968,81.19627,Manual Map Pin,1113.4,24.9,Very Low,False
EVT20407,Temple/Kovil Special Pooja,U07873,Bopath Ella Falls Trek,Ratnapura,Sabaragamuwa,2025-03-25,6.73395,80.38715,6.73653,80.38744,GPS Auto-Tag,287.1,69.8,Medium,True
EVT20408,Full Moon Party,U16948,Pasikuda Beach,Batticaloa,Eastern,2024-12-16,7.9165,81.58122,7.91955,81.55257,Typed Address,3168.1,1.9,Very Low,False
EVT20409,Corporate Retreat Event,U15138,Knuckles Conservation Forest Walk,Kandy/Matale,Central,2024-07-28,7.47314,80.79291,7.47571,80.79302,GPS Auto-Tag,286.1,69.9,Medium,True
EVT20410,Pop-up Local Festival,U17580,Bundala Wetland Birdwatching,Hambantota,Southern,2025-12-09,6.20791,81.21001,6.19629,81.23188,Typed Address,2735.8,3.3,Very Low,False
EVT20411,Corporate Retreat Event,U03952,Anawilundawa Ramsar Wetland,Puttalam,North Western,2023-01-08,7.74433,79.81473,7.7344,79.80412,Manual Map Pin,1606.0,13.4,Very Low,False
EVT20412,Pop-up Local Festival,U12497,Wewurukannala & Buduruwagala Carvings,Badulla/Monaragala,Uva,2023-04-02,6.72076,81.17573,6.71839,81.17524,GPS Auto-Tag,268.2,71.5,Medium,True
EVT20413,Temple/Kovil Special Pooja,U11172,Ritigala Forest Monastery,Anuradhapura,North Central,2024-11-20,8.09995,80.63846,8.10112,80.63964,GPS Auto-Tag,184.0,79.5,Medium,True
EVT20414,Beach Party,U05357,Kandy Lake Evening Walk,Kandy,Central,2024-05-16,7.28929,80.61587,7.28888,80.61246,GPS Auto-Tag,378.4,62.3,Medium,True
EVT20415,Beach Party,U05558,Nainativu & Nagadeepa,Jaffna,Northern,2024-07-21,9.58229,79.76133,9.58278,79.75787,GPS Auto-Tag,382.5,62.0,Medium,True
EVT20416,Pop-up Local Festival,U03531,Wilpattu National Park Safari,Puttalam,North Western,2023-10-16,8.44516,80.06194,8.3565,80.0477,Typed Address,9965.2,0.0,Very Low,False
EVT20417,Live Music Night,U12499,Nainativu & Nagadeepa,Jaffna,Northern,2025-04-06,9.58168,79.76669,9.5854,79.78174,Manual Map Pin,1698.2,12.0,Very Low,False
EVT20418,Beach Party,U01766,Minneriya-Kaudulla Elephant Corridor,Polonnaruwa,North Central,2025-01-16,8.04998,80.96001,8.04821,80.98203,Typed Address,2428.3,4.8,Very Low,False
EVT20419,Beach Party,U16107,Vidattaltivu Lagoon,Mannar,Northern,2025-09-04,8.93652,80.02667,8.91662,80.02353,Manual Map Pin,2234.7,6.1,Very Low,False
EVT20420,Live Music Night,U10841,Minneriya Elephant Gathering,Polonnaruwa,North Central,2023-10-10,8.04778,80.90113,8.03874,80.89433,Manual Map Pin,1250.7,20.9,Very Low,False
EVT20421,Food & Craft Fair,U01973,Thalangama Wetland Birdwatching,Colombo,Western,2024-11-10,6.9054,79.9148,6.90708,79.91535,GPS Auto-Tag,197.0,78.2,Medium,True
EVT20422,Village Perahera,U14171,Knuckles Mountain Range Trekking,Kandy/Matale,Central,2023-04-15,7.47965,80.78138,7.49652,80.7724,Manual Map Pin,2117.6,7.1,Very Low,False
EVT20423,Corporate Retreat Event,U06165,Rathnapura Gem Mining Tour,Ratnapura,Sabaragamuwa,2024-06-17,6.68356,80.40865,6.68614,80.40629,Manual Map Pin,386.8,61.7,Medium,True
EVT20424,Full Moon Party,U03503,Kitulgala White Water Rafting,Kegalle,Sabaragamuwa,2025-12-07,6.98337,80.41786,6.98335,80.4162,GPS Auto-Tag,183.6,79.5,Medium,True
EVT20425,Corporate Retreat Event,U10064,Galle Fort Walking Tour,Galle,Southern,2023-10-06,6.03145,80.20848,6.04253,80.20911,Manual Map Pin,1231.7,21.4,Very Low,False
EVT20426,Private Wedding,U15545,Kandy Lake Evening Walk,Kandy,Central,2024-01-22,7.28755,80.63096,7.28785,80.68871,Typed Address,6358.5,0.0,Very Low,False
EVT20427,Private Wedding,U17832,Sinharaja Rainforest Trekking,Ratnapura/Galle,Sabaragamuwa,2024-01-29,6.39505,80.49274,6.41903,80.53865,Typed Address,5721.1,0.1,Very Low,False
EVT20428,Food & Craft Fair,U03590,Knuckles Mountain Range Trekking,Kandy/Matale,Central,2023-08-25,7.44163,80.78843,7.442,80.78716,GPS Auto-Tag,145.4,83.4,Medium,True
EVT20429,Village Perahera,U10302,Nuwara Eliya April Season,Nuwara Eliya,Central,2024-03-01,6.9677,80.80116,6.98334,80.82987,Typed Address,3607.3,1.1,Very Low,False
EVT20430,Pop-up Local Festival,U17149,Nuwara Eliya April Season,Nuwara Eliya,Central,2023-10-07,6.93523,80.78816,6.93101,80.73601,Typed Address,5766.3,0.1,Very Low,False
EVT20431,Pop-up Local Festival,U04337,Kalpitiya Kite Surfing,Puttalam,North Western,2023-02-16,8.25334,79.76185,8.26524,79.76887,Typed Address,1530.2,14.8,Very Low,False
EVT20432,Corporate Retreat Event,U13472,Mannar Bird Migration Watching,Mannar,Northern,2025-12-09,8.98908,79.89532,8.98946,79.89488,GPS Auto-Tag,64.5,92.3,High,True
EVT20433,Village Perahera,U00865,Lipton's Seat Viewpoint,Badulla,Uva,2024-10-20,6.79768,81.07701,6.79755,81.07648,GPS Auto-Tag,60.5,92.7,High,True
EVT20434,Food & Craft Fair,U11251,Haputale Viewpoint & Tea Estates,Badulla,Uva,2025-09-15,6.75622,80.96446,6.75842,80.96367,GPS Auto-Tag,259.3,72.3,Medium,True
EVT20435,Beach Party,U12963,Victoria Park Nuwara Eliya,Nuwara Eliya,Central,2023-07-29,6.96219,80.76172,6.96088,80.75888,GPS Auto-Tag,345.9,64.9,Medium,True
EVT20436,Village Perahera,U06120,Galle Fort Walking Tour,Galle,Southern,2023-05-20,6.02197,80.23635,6.00885,80.22132,Manual Map Pin,2208.5,6.3,Very Low,False
EVT20437,Corporate Retreat Event,U06940,Negombo Lagoon Boat Ride,Gampaha,Western,2025-11-18,7.20784,79.83129,7.19228,79.75608,Typed Address,8460.1,0.0,Very Low,False
EVT20438,Pop-up Local Festival,U02085,Delft Wild Pony Eco Tour,Jaffna,Northern,2025-05-31,9.51357,79.66159,9.49775,79.6684,Manual Map Pin,1907.2,9.2,Very Low,False
EVT20439,Village Perahera,U03689,Vesak Festival (Colombo & Island-wide),Colombo,Western,2025-09-21,6.91459,79.85872,6.91603,79.86011,GPS Auto-Tag,221.1,75.9,Medium,True
EVT20440,Live Music Night,U15015,Unawatuna Beach,Galle,Southern,2023-03-04,5.99005,80.25311,5.99978,80.24527,Manual Map Pin,1383.6,17.7,Very Low,False
EVT20441,Temple/Kovil Special Pooja,U16615,Deepavali Festival (Colombo Kovils),Colombo,Western,2024-12-05,6.88991,79.87565,6.86553,79.8018,Typed Address,8576.9,0.0,Very Low,False
EVT20442,Private Wedding,U01889,Gal Oya Boat Safari,Ampara,Eastern,2023-02-03,7.16942,81.47803,7.14581,81.48082,Manual Map Pin,2638.5,3.7,Very Low,False
EVT20443,Community New Year Carnival,U12745,Hikkaduwa Diving & Surfing,Galle,Southern,2025-02-11,6.12701,80.10091,6.09181,80.04561,Typed Address,7246.1,0.0,Very Low,False
EVT20444,Live Music Night,U05358,Kumana Bird Sanctuary,Ampara,Eastern,2025-05-01,6.57708,81.66513,6.64791,81.71887,Typed Address,9845.3,0.0,Very Low,False
EVT20445,Community New Year Carnival,U02970,Aluvihare Rock Monastery,Matale,Central,2025-07-22,7.49822,80.61844,7.49882,80.6169,GPS Auto-Tag,182.2,79.6,Medium,True
EVT20446,Corporate Retreat Event,U16090,Haputale Viewpoint & Tea Estates,Badulla,Uva,2024-05-13,6.77358,80.95472,6.76701,80.93135,Manual Map Pin,2677.7,3.5,Very Low,False
EVT20447,Community New Year Carnival,U17001,Beruwala Beach Resort Leisure,Kalutara,Western,2024-02-25,6.48375,79.99966,6.48653,80.00084,GPS Auto-Tag,334.5,65.8,Medium,True
EVT20448,Live Music Night,U09816,Pigeon Island Snorkeling,Trincomalee,Eastern,2025-12-19,8.72424,81.18414,8.72395,81.18297,GPS Auto-Tag,131.9,84.8,Medium,True
EVT20449,Corporate Retreat Event,U08928,Wilpattu National Park Safari,Puttalam,North Western,2024-01-28,8.44937,80.05371,8.44897,80.05684,GPS Auto-Tag,346.7,64.8,Medium,True
EVT20450,Private Wedding,U14968,Tangalle Beach Escape,Hambantota,Southern,2025-07-02,6.04346,80.77376,6.04252,80.77635,GPS Auto-Tag,304.1,68.4,Medium,True
EVT20451,Temple/Kovil Special Pooja,U12431,Peak Wilderness Sanctuary Trek,Ratnapura,Sabaragamuwa,2025-08-30,6.80751,80.50536,6.80862,80.50661,GPS Auto-Tag,183.6,79.5,Medium,True
EVT20452,Live Music Night,U06178,Kandy Lake Evening Walk,Kandy,Central,2025-08-13,7.30679,80.63785,7.30998,80.64051,GPS Auto-Tag,459.3,56.3,Low,False
EVT20453,Temple/Kovil Special Pooja,U08762,Kandy Esala Perahera,Kandy,Central,2025-09-06,7.26797,80.63615,7.26945,80.63632,GPS Auto-Tag,165.3,81.3,Medium,True
EVT20454,Temple/Kovil Special Pooja,U12952,Gal Oya Boat Safari,Ampara,Eastern,2025-11-24,7.15299,81.4759,7.15085,81.47332,GPS Auto-Tag,370.7,62.9,Medium,True
EVT20455,Village Perahera,U03057,Beddagana Wetland Park,Colombo,Western,2025-06-06,6.89981,79.90374,6.91893,79.90464,Manual Map Pin,2124.1,7.0,Very Low,False
EVT20456,Pop-up Local Festival,U06349,Gal Oya Kudugala Village Eco Trek,Ampara,Eastern,2024-10-26,7.1713,81.45266,7.16902,81.45304,GPS Auto-Tag,256.7,72.6,Medium,True
EVT20457,Live Music Night,U06617,Horton Plains & World's End Hike,Nuwara Eliya,Central,2023-07-01,6.79749,80.80332,6.7915,80.80864,Manual Map Pin,887.2,33.0,Low,False
EVT20458,Community New Year Carnival,U01459,Kandy Lake Evening Walk,Kandy,Central,2023-06-15,7.28731,80.62542,7.28633,80.626,GPS Auto-Tag,126.2,85.4,High,True
EVT20459,Pop-up Local Festival,U06873,Sinharaja Rainforest Trekking,Ratnapura/Galle,Sabaragamuwa,2024-03-11,6.39484,80.49338,6.39867,80.4896,Manual Map Pin,595.8,47.5,Low,False
EVT20460,Private Wedding,U15683,Diyaluma Infinity Pools,Badulla,Uva,2024-06-18,6.72604,81.05613,6.72878,81.09647,Typed Address,4456.7,0.4,Very Low,False
EVT20461,Food & Craft Fair,U13328,Muhudu Maha Vihara,Hambantota,Southern,2024-08-21,6.34936,81.45357,6.35033,81.45268,GPS Auto-Tag,146.1,83.3,Medium,True
EVT20462,Private Wedding,U01846,Kumana Bird Sanctuary,Ampara,Eastern,2023-06-07,6.5507,81.66854,6.56204,81.67296,Manual Map Pin,1350.0,18.5,Very Low,False
EVT20463,Temple/Kovil Special Pooja,U17096,Nainativu & Nagadeepa,Jaffna,Northern,2024-08-29,9.59138,79.76823,9.5846,79.77936,Manual Map Pin,1432.4,16.7,Very Low,False
EVT20464,Full Moon Party,U11872,Minneriya Elephant Gathering,Polonnaruwa,North Central,2023-03-03,8.0265,80.90284,8.02297,80.90386,GPS Auto-Tag,407.6,60.1,Medium,True
EVT20465,Corporate Retreat Event,U14381,Bopath Ella Falls Trek,Ratnapura,Sabaragamuwa,2025-09-04,6.72026,80.37342,6.67523,80.35002,Typed Address,5624.7,0.1,Very Low,False
EVT20466,Food & Craft Fair,U06141,Adam's Peak (Sri Pada) Climb,Ratnapura,Sabaragamuwa,2023-02-23,6.80808,80.51128,6.80899,80.51318,GPS Auto-Tag,232.5,74.8,Medium,True
EVT20467,Live Music Night,U13819,Nilaveli Beach,Trincomalee,Eastern,2023-09-09,8.70985,81.17478,8.71288,81.17473,GPS Auto-Tag,336.4,65.7,Medium,True
EVT20468,Temple/Kovil Special Pooja,U14562,Ambalangoda Mask Museum,Galle,Southern,2023-12-06,6.22718,80.05579,6.22731,80.05471,GPS Auto-Tag,120.1,86.1,High,True
EVT20469,Pop-up Local Festival,U04656,Vidattaltivu Lagoon,Mannar,Northern,2025-10-17,8.96643,80.05438,9.0626,80.12792,Typed Address,13378.7,0.0,Very Low,False
EVT20470,Private Wedding,U14792,Laxapana Falls Trek,Nuwara Eliya,Central,2025-07-19,6.93604,80.50055,6.93703,80.49842,GPS Auto-Tag,259.5,72.3,Medium,True
EVT20471,Private Wedding,U03180,Gal Oya Boat Safari,Ampara,Eastern,2025-03-25,7.16976,81.43415,7.19214,81.4291,Manual Map Pin,2545.9,4.1,Very Low,False
EVT20472,Pop-up Local Festival,U02768,Muthurajawela Marsh Boat Safari,Gampaha,Western,2025-07-24,7.08023,79.8865,7.08173,79.8866,GPS Auto-Tag,166.8,81.2,Medium,True
EVT20473,Community New Year Carnival,U13335,Kayts Island,Jaffna,Northern,2024-03-07,9.69413,79.9719,9.69259,79.98187,Manual Map Pin,1104.2,25.2,Very Low,False
EVT20474,Full Moon Party,U04129,Kumana Bird Sanctuary,Ampara,Eastern,2024-05-29,6.57506,81.66755,6.58038,81.66712,GPS Auto-Tag,591.8,47.7,Low,False
EVT20475,Community New Year Carnival,U02048,Mirissa Whale Watching & Beach,Matara,Southern,2023-10-22,5.91866,80.46003,5.91822,80.46065,GPS Auto-Tag,83.5,90.1,High,True
EVT20476,Community New Year Carnival,U06338,Yapahuwa Rock Fortress,Kurunegala,North Western,2024-10-11,7.83659,80.1919,7.78584,80.23321,Typed Address,7236.6,0.0,Very Low,False
EVT20477,Pop-up Local Festival,U04129,Panama-Kudumbigala Eco Reserve,Ampara,Eastern,2023-05-21,6.91154,81.79459,6.91233,81.79441,GPS Auto-Tag,89.9,89.4,High,True
EVT20478,Village Perahera,U02274,Ritigala Forest Monastery,Anuradhapura,North Central,2025-08-25,8.11834,80.641,8.11691,80.64041,GPS Auto-Tag,171.7,80.7,Medium,True
EVT20479,Temple/Kovil Special Pooja,U04720,Diyasaru Wetland Park,Colombo,Western,2025-03-16,6.88775,79.90521,6.87495,79.89787,Manual Map Pin,1634.5,13.0,Very Low,False
EVT20480,Full Moon Party,U11903,Horton Plains & World's End Hike,Nuwara Eliya,Central,2025-09-26,6.80407,80.79167,6.80668,80.79235,GPS Auto-Tag,299.2,68.8,Medium,True
EVT20481,Pop-up Local Festival,U17728,Hiriwadunna Village,Anuradhapura,North Central,2025-02-21,7.98391,80.75813,7.98349,80.75533,GPS Auto-Tag,310.8,67.8,Medium,True
EVT20482,Beach Party,U16378,Beddagana Wetland Park,Colombo,Western,2024-10-05,6.89752,79.90713,6.89964,79.90957,GPS Auto-Tag,356.7,64.0,Medium,True
EVT20483,Corporate Retreat Event,U13258,Induruwa Turtle Conservation,Galle,Southern,2025-04-07,6.05,80.03362,6.05272,80.03232,GPS Auto-Tag,334.9,65.8,Medium,True
EVT20484,Village Perahera,U15260,Hakgala Botanical Garden,Nuwara Eliya,Central,2023-07-09,6.917,80.79632,6.91658,80.79325,GPS Auto-Tag,342.4,65.2,Medium,True
EVT20485,Temple/Kovil Special Pooja,U16966,Peak Wilderness Sanctuary Trek,Ratnapura,Sabaragamuwa,2025-06-02,6.80523,80.49517,6.79934,80.49354,Manual Map Pin,678.1,42.8,Low,False
EVT20486,Beach Party,U00126,Kalametiya Bird Sanctuary,Hambantota,Southern,2023-12-24,6.07546,80.92368,6.07648,80.92477,GPS Auto-Tag,165.5,81.3,Medium,True
EVT20487,Beach Party,U12374,Diyaluma Infinity Pools,Badulla,Uva,2023-11-04,6.72874,81.02663,6.76528,80.95099,Typed Address,9272.6,0.0,Very Low,False
EVT20488,Live Music Night,U13745,Ramboda Falls Visit,Nuwara Eliya,Central,2023-09-09,7.03535,80.69268,7.03707,80.69424,Manual Map Pin,257.7,72.5,Medium,True
EVT20489,Temple/Kovil Special Pooja,U16679,Kanneliya Rainforest Reserve,Galle,Southern,2024-11-28,6.24381,80.33455,6.26107,80.36337,Typed Address,3712.5,1.0,Very Low,False
EVT20490,Beach Party,U00408,Kandy Esala Perahera,Kandy,Central,2025-10-12,7.30925,80.6377,7.3095,80.62948,Manual Map Pin,905.1,32.3,Low,False
EVT20491,Beach Party,U09436,Kandy Esala Perahera,Kandy,Central,2024-06-02,7.31455,80.63986,7.33076,80.60655,Typed Address,4084.9,0.6,Very Low,False
EVT20492,Pop-up Local Festival,U11008,Beruwala Beach Resort Leisure,Kalutara,Western,2023-06-29,6.46855,79.97768,6.46732,79.97815,GPS Auto-Tag,145.8,83.3,Medium,True
EVT20493,Beach Party,U12605,Madunagala Hot Springs,Hambantota,Southern,2024-03-05,6.24811,81.23697,6.24653,81.22808,Manual Map Pin,997.3,28.7,Very Low,False
EVT20494,Live Music Night,U07615,Bopath Ella Falls Trek,Ratnapura,Sabaragamuwa,2025-03-27,6.73972,80.35637,6.73914,80.35448,GPS Auto-Tag,218.5,76.1,Medium,True
EVT20495,Community New Year Carnival,U03537,Arugam Bay Surfing,Ampara,Eastern,2024-10-04,6.84791,81.82662,6.83828,81.83999,Manual Map Pin,1819.7,10.3,Very Low,False
EVT20496,Full Moon Party,U15358,Rathnapura Gem Mining Tour,Ratnapura,Sabaragamuwa,2024-09-19,6.69212,80.40284,6.69059,80.4012,GPS Auto-Tag,248.4,73.3,Medium,True
EVT20497,Village Perahera,U06818,Minneriya Elephant Gathering,Polonnaruwa,North Central,2024-06-29,8.04355,80.90866,8.08204,80.92482,Typed Address,4627.1,0.3,Very Low,False
EVT20498,Corporate Retreat Event,U03394,Diyaluma Infinity Pools,Badulla,Uva,2025-08-12,6.72669,81.05408,6.72514,81.05414,GPS Auto-Tag,172.1,80.6,Medium,True
EVT20499,Temple/Kovil Special Pooja,U08928,Trincomalee Whale Watching,Trincomalee,Eastern,2025-06-04,8.58035,81.2449,8.58163,81.24364,Manual Map Pin,197.9,78.1,Medium,True
EVT20500,Full Moon Party,U00631,Negombo Lagoon Boat Ride,Gampaha,Western,2025-12-03,7.21371,79.84062,7.22014,79.83998,Manual Map Pin,717.9,40.8,Low,False
EVT20501,Live Music Night,U14124,Beddagana Wetland Park,Colombo,Western,2025-06-20,6.89669,79.90212,6.893,79.8942,Manual Map Pin,964.4,30.0,Low,False
EVT20502,Temple/Kovil Special Pooja,U11449,Dowa Rock Temple,Badulla,Uva,2024-02-05,6.89062,81.06753,6.87774,81.05352,Manual Map Pin,2103.9,7.2,Very Low,False
EVT20503,Pop-up Local Festival,U07296,Kochchikade St. Anthony's Feast,Colombo,Western,2023-10-14,6.94525,79.86361,6.94497,79.86305,GPS Auto-Tag,68.5,91.8,High,True
EVT20504,Pop-up Local Festival,U08173,Knuckles Mountain Range Trekking,Kandy/Matale,Central,2024-04-14,7.48208,80.78071,7.47082,80.78572,Manual Map Pin,1366.1,18.1,Very Low,False
EVT20505,Village Perahera,U14205,Kataragama Esala Perahera,Monaragala,Uva,2023-06-15,6.42333,81.34108,6.38762,81.34043,Typed Address,3964.2,0.7,Very Low,False
EVT20506,Pop-up Local Festival,U16737,Wadduwa Beach Escape,Kalutara,Western,2023-11-06,6.6448,79.93097,6.62999,79.98785,Typed Address,6483.0,0.0,Very Low,False
EVT20507,Private Wedding,U00432,Kanneliya Rainforest Reserve,Galle,Southern,2024-06-06,6.2365,80.34316,6.23678,80.34436,GPS Auto-Tag,136.3,84.3,Medium,True
EVT20508,Temple/Kovil Special Pooja,U09446,Lipton's Seat Viewpoint,Badulla,Uva,2024-06-11,6.80941,81.0465,6.81046,81.04479,GPS Auto-Tag,221.2,75.8,Medium,True
EVT20509,Live Music Night,U06241,Mirissa Whale Watching & Beach,Matara,Southern,2024-06-18,5.96921,80.43861,5.96815,80.43698,GPS Auto-Tag,215.3,76.4,Medium,True
EVT20510,Live Music Night,U14160,Kalpitiya Dolphin Watching Eco Tour,Puttalam,North Western,2025-01-06,8.22805,79.77657,8.2277,79.77672,GPS Auto-Tag,42.2,94.9,High,True
EVT20511,Live Music Night,U00293,Yala National Park Safari,Hambantota,Southern,2023-03-19,6.36475,81.52619,6.36293,81.52225,Manual Map Pin,478.9,55.0,Low,False
EVT20512,Beach Party,U02995,Hurulu Eco Park,Polonnaruwa,North Central,2023-07-22,8.16062,80.89398,8.16088,80.89316,GPS Auto-Tag,94.1,88.9,High,True
EVT20513,Community New Year Carnival,U01888,Bellanwila-Attidiya Sanctuary,Colombo,Western,2025-11-26,6.83648,79.89318,6.83604,79.89404,GPS Auto-Tag,106.8,87.5,High,True
EVT20514,Temple/Kovil Special Pooja,U00740,Kochchikade St. Anthony's Feast,Colombo,Western,2023-03-01,6.94687,79.86077,6.95414,79.92698,Typed Address,7339.5,0.0,Very Low,False
EVT20515,Community New Year Carnival,U13463,Rathnapura Gem Mining Tour,Ratnapura,Sabaragamuwa,2025-09-18,6.66928,80.41099,6.66342,80.40092,Typed Address,1286.1,20.0,Very Low,False
EVT20516,Temple/Kovil Special Pooja,U05650,Nainativu & Nagadeepa,Jaffna,Northern,2025-10-31,9.59373,79.77652,9.59576,79.77776,GPS Auto-Tag,263.8,71.9,Medium,True
EVT20517,Live Music Night,U14868,Aluvihare Rock Monastery,Matale,Central,2024-12-09,7.48292,80.61226,7.4841,80.61216,GPS Auto-Tag,131.4,84.9,Medium,True
EVT20518,Corporate Retreat Event,U00547,Ravana Caves & Ella Wala Pool,Badulla,Uva,2024-03-13,6.86107,81.03992,6.78153,81.03916,Typed Address,8829.0,0.0,Very Low,False
EVT20519,Corporate Retreat Event,U06562,Kanneliya Rainforest Reserve,Galle,Southern,2025-12-17,6.22355,80.34207,6.22001,80.31837,Typed Address,2644.0,3.7,Very Low,False
EVT20520,Beach Party,U10442,Weligama Surf School,Matara,Southern,2024-08-07,5.98755,80.42999,6.00347,80.43487,Manual Map Pin,1847.6,9.9,Very Low,False
EVT20521,Community New Year Carnival,U10481,Sinharaja Rainforest Trekking,Ratnapura/Galle,Sabaragamuwa,2023-03-04,6.40765,80.49679,6.40369,80.50292,Manual Map Pin,806.7,36.5,Low,False
EVT20522,Village Perahera,U14255,Diyasaru Wetland Park,Colombo,Western,2024-04-13,6.89986,79.90545,6.89733,79.90629,GPS Auto-Tag,295.0,69.2,Medium,True
EVT20523,Village Perahera,U01409,Kochchikade St. Anthony's Feast,Colombo,Western,2023-02-09,6.94697,79.84643,6.94527,79.8483,GPS Auto-Tag,279.3,70.5,Medium,True
EVT20524,Temple/Kovil Special Pooja,U07029,Tangalle Beach Escape,Hambantota,Southern,2025-09-11,6.02442,80.79535,6.01255,80.78534,Manual Map Pin,1719.4,11.7,Very Low,False
EVT20525,Temple/Kovil Special Pooja,U02403,Dowa Rock Temple,Badulla,Uva,2025-01-13,6.87671,81.05245,6.87364,81.05167,GPS Auto-Tag,352.2,64.4,Medium,True
EVT20526,Live Music Night,U05272,Kandy Lake Evening Walk,Kandy,Central,2023-03-17,7.29052,80.63774,7.2771,80.63998,Manual Map Pin,1510.1,15.1,Very Low,False
EVT20527,Corporate Retreat Event,U17314,"Christmas Celebrations, Negombo",Gampaha,Western,2025-05-17,7.20793,79.81402,7.20889,79.81583,GPS Auto-Tag,226.1,75.4,Medium,True
EVT20528,Beach Party,U02542,Mulkirigala Rock Monastery,Hambantota,Southern,2024-03-04,6.17161,80.87055,6.17137,80.86991,GPS Auto-Tag,74.8,91.1,High,True
EVT20529,Community New Year Carnival,U10364,Udawalawe National Park Safari,Ratnapura/Moneragala,Sabaragamuwa,2024-03-27,6.46761,80.87825,6.46855,80.87699,GPS Auto-Tag,173.3,80.5,Medium,True
EVT20530,Private Wedding,U04846,Nainativu & Nagadeepa,Jaffna,Northern,2023-06-03,9.59474,79.76481,9.59635,79.76349,GPS Auto-Tag,230.7,74.9,Medium,True
EVT20531,Private Wedding,U09443,Kitulgala White Water Rafting,Kegalle,Sabaragamuwa,2025-10-23,6.97256,80.41105,6.97404,80.41074,GPS Auto-Tag,168.3,81.0,Medium,True
EVT20532,Temple/Kovil Special Pooja,U10259,Galle Fort Walking Tour,Galle,Southern,2023-12-28,6.03582,80.20216,6.03606,80.20107,GPS Auto-Tag,123.2,85.7,High,True
EVT20533,Private Wedding,U14809,Peak Wilderness Sanctuary Trek,Ratnapura,Sabaragamuwa,2024-12-24,6.78896,80.50466,6.79001,80.50734,GPS Auto-Tag,317.6,67.2,Medium,True
EVT20534,Live Music Night,U16999,Kandy Lake Evening Walk,Kandy,Central,2025-04-03,7.28866,80.63149,7.25538,80.65747,Typed Address,4672.6,0.3,Very Low,False
EVT20535,Live Music Night,U05972,Minneriya Elephant Gathering,Polonnaruwa,North Central,2025-09-30,8.04028,80.90492,8.04142,80.905,GPS Auto-Tag,127.2,85.3,High,True
EVT20536,Pop-up Local Festival,U01697,Hiriwadunna Village,Anuradhapura,North Central,2024-05-18,7.9803,80.75588,7.99426,80.74355,Manual Map Pin,2058.2,7.6,Very Low,False
EVT20537,Food & Craft Fair,U04196,Mannar Bird Migration Watching,Mannar,Northern,2025-01-02,8.98091,79.89765,8.98304,79.89937,GPS Auto-Tag,301.8,68.6,Medium,True
EVT20538,Pop-up Local Festival,U01735,Yapahuwa Rock Fortress,Kurunegala,North Western,2024-08-17,7.81157,80.19663,7.81144,80.19659,GPS Auto-Tag,14.5,98.2,High,True
EVT20539,Temple/Kovil Special Pooja,U12177,Nainativu & Nagadeepa,Jaffna,Northern,2025-01-07,9.59425,79.74857,9.58861,79.7412,Manual Map Pin,1020.9,27.9,Very Low,False
EVT20540,Pop-up Local Festival,U12028,Induruwa Turtle Conservation,Galle,Southern,2025-11-09,6.04919,80.04746,6.04982,80.04555,GPS Auto-Tag,222.2,75.7,Medium,True
EVT20541,Full Moon Party,U13492,Bopath Ella Falls Trek,Ratnapura,Sabaragamuwa,2024-01-07,6.74732,80.37376,6.74649,80.37419,GPS Auto-Tag,104.5,87.8,High,True
EVT20542,Corporate Retreat Event,U15649,Pigeon Island Snorkeling,Trincomalee,Eastern,2023-06-08,8.72143,81.19513,8.72562,81.19609,GPS Auto-Tag,477.0,55.1,Low,False
EVT20543,Pop-up Local Festival,U00006,Negombo Lagoon Boat Ride,Gampaha,Western,2024-11-01,7.20951,79.84961,7.20968,79.84895,GPS Auto-Tag,74.4,91.1,High,True
EVT20544,Live Music Night,U07313,Kalpitiya Kite Surfing,Puttalam,North Western,2025-08-14,8.22348,79.77098,8.2304,79.77813,Manual Map Pin,1098.5,25.3,Very Low,False
EVT20545,Temple/Kovil Special Pooja,U06281,Vesak Festival (Colombo & Island-wide),Colombo,Western,2025-07-28,6.91409,79.84216,6.91454,79.84281,GPS Auto-Tag,87.1,89.7,High,True
EVT20546,Food & Craft Fair,U17957,Delft Island,Jaffna,Northern,2025-11-12,9.51904,79.66481,9.5173,79.66561,GPS Auto-Tag,211.9,76.7,Medium,True
EVT20547,Community New Year Carnival,U05487,Victoria Park Nuwara Eliya,Nuwara Eliya,Central,2024-03-30,6.97433,80.77092,6.97686,80.76854,GPS Auto-Tag,384.9,61.8,Medium,True
EVT20548,Food & Craft Fair,U16686,Panama-Kudumbigala Eco Reserve,Ampara,Eastern,2024-03-16,6.90469,81.7852,6.9036,81.78755,GPS Auto-Tag,286.0,69.9,Medium,True
EVT20549,Community New Year Carnival,U06356,Nuwara Eliya Tea Factory Tour,Nuwara Eliya,Central,2023-03-04,6.95071,80.76751,6.95023,80.76976,GPS Auto-Tag,253.5,72.8,Medium,True
EVT20550,Temple/Kovil Special Pooja,U03289,Sinhala & Tamil New Year Village Games,Anuradhapura,North Central,2024-08-10,8.31684,80.43133,8.31696,80.43104,GPS Auto-Tag,34.6,95.8,High,True
EVT20551,Pop-up Local Festival,U08792,Sinharaja Forest Reserve Nature Walk,Ratnapura/Galle,Sabaragamuwa,2025-12-21,6.40862,80.49499,6.40048,80.50251,Manual Map Pin,1226.8,21.6,Very Low,False
EVT20552,Live Music Night,U06234,Kumana National Park Birding & Safari,Ampara,Eastern,2024-06-21,6.58066,81.66791,6.58863,81.66073,Manual Map Pin,1187.8,22.7,Very Low,False
EVT20553,Food & Craft Fair,U11960,Kalametiya Bird Sanctuary,Hambantota,Southern,2024-06-30,6.06791,80.91753,6.09063,80.922,Manual Map Pin,2569.3,4.0,Very Low,False
EVT20554,Community New Year Carnival,U09252,Colombo Galle Face & City Tour,Colombo,Western,2024-09-24,6.93486,79.84133,6.93752,79.85812,Manual Map Pin,1873.4,9.6,Very Low,False
EVT20555,Corporate Retreat Event,U05067,Bogoda Wooden Bridge,Badulla,Uva,2024-12-19,6.97095,81.00599,6.97081,81.00531,GPS Auto-Tag,76.3,90.9,High,True
EVT20556,Private Wedding,U08340,Hikkaduwa Diving & Surfing,Galle,Southern,2023-03-20,6.15216,80.09757,6.1449,80.10422,Manual Map Pin,1089.9,25.6,Very Low,False
EVT20557,Corporate Retreat Event,U07290,Negombo Lagoon Boat Ride,Gampaha,Western,2024-08-14,7.20365,79.83336,7.17602,79.79329,Typed Address,5373.9,0.1,Very Low,False
EVT20558,Community New Year Carnival,U13356,Beruwala Beach Resort Leisure,Kalutara,Western,2023-10-21,6.47562,79.99829,6.47359,79.99881,GPS Auto-Tag,232.3,74.8,Medium,True
EVT20559,Private Wedding,U03323,Nilaveli Beach,Trincomalee,Eastern,2025-07-15,8.72065,81.191,8.73192,81.19205,Manual Map Pin,1255.8,20.8,Very Low,False
EVT20560,Private Wedding,U17280,Nainativu & Nagadeepa,Jaffna,Northern,2024-06-21,9.6021,79.77453,9.60047,79.774,GPS Auto-Tag,190.1,78.8,Medium,True
EVT20561,Private Wedding,U15280,Muthurajawela Marsh Boat Safari,Gampaha,Western,2023-08-21,7.06625,79.87213,7.06766,79.87242,GPS Auto-Tag,160.3,81.8,Medium,True
EVT20562,Live Music Night,U11381,Vidattaltivu Lagoon,Mannar,Northern,2023-11-26,8.94421,80.02122,8.94721,80.02677,Manual Map Pin,694.4,42.0,Low,False
EVT20563,Pop-up Local Festival,U12390,Delft Island,Jaffna,Northern,2025-02-23,9.52765,79.68667,9.54557,79.73417,Typed Address,5568.1,0.1,Very Low,False
EVT20564,Private Wedding,U11013,Ritigala Forest Monastery,Anuradhapura,North Central,2023-03-12,8.11962,80.64817,8.10625,80.62665,Manual Map Pin,2792.0,3.1,Very Low,False
EVT20565,Beach Party,U01622,Thalangama Wetland Birdwatching,Colombo,Western,2024-09-23,6.87523,79.90708,6.87385,79.90834,GPS Auto-Tag,207.6,77.1,Medium,True
EVT20566,Corporate Retreat Event,U00010,Kalpitiya Dolphin Watching Eco Tour,Puttalam,North Western,2025-03-11,8.23277,79.75932,8.23182,79.75986,GPS Auto-Tag,120.9,86.0,High,True
EVT20567,Food & Craft Fair,U12372,Sinharaja Rainforest Trekking,Ratnapura/Galle,Sabaragamuwa,2025-04-25,6.40986,80.51001,6.35993,80.42421,Typed Address,10967.0,0.0,Very Low,False
EVT20568,Full Moon Party,U09835,Negombo Lagoon Boat Ride,Gampaha,Western,2025-04-10,7.20557,79.83459,7.21119,79.81387,Manual Map Pin,2366.1,5.2,Very Low,False
EVT20569,Pop-up Local Festival,U13877,Nuwara Eliya Gregory Lake Boating,Nuwara Eliya,Central,2023-04-21,6.94854,80.77917,6.89342,80.74889,Typed Address,6968.3,0.0,Very Low,False
EVT20570,Private Wedding,U05283,Vidattaltivu Lagoon,Mannar,Northern,2025-08-11,8.9435,80.02797,8.93848,80.05223,Manual Map Pin,2718.5,3.3,Very Low,False
EVT20571,Beach Party,U11992,Panama-Kudumbigala Eco Reserve,Ampara,Eastern,2024-06-08,6.88491,81.78883,6.8838,81.78832,GPS Auto-Tag,135.5,84.4,Medium,True
EVT20572,Full Moon Party,U14039,Udawalawe Elephant Transit Home,Ratnapura,Sabaragamuwa,2023-06-03,6.44827,80.87622,6.43846,80.87859,Manual Map Pin,1120.1,24.7,Very Low,False
EVT20573,Full Moon Party,U00634,Kandy Lake Evening Walk,Kandy,Central,2023-06-20,7.28114,80.63896,7.27783,80.63911,GPS Auto-Tag,367.7,63.2,Medium,True
EVT20574,Pop-up Local Festival,U06881,Vidattaltivu Lagoon,Mannar,Northern,2024-03-25,8.95891,80.03587,8.95757,80.03664,GPS Auto-Tag,170.9,80.8,Medium,True
EVT20575,Food & Craft Fair,U04241,Deepavali Festival (Colombo Kovils),Colombo,Western,2023-12-20,6.87885,79.84652,6.87954,79.8459,GPS Auto-Tag,102.1,88.0,High,True
EVT20576,Corporate Retreat Event,U08295,Madu Ganga Mangrove Boat Tour,Galle,Southern,2025-09-08,6.27816,80.05033,6.27508,80.04972,GPS Auto-Tag,348.2,64.7,Medium,True
EVT20577,Pop-up Local Festival,U06879,Bopath Ella Falls Trek,Ratnapura,Sabaragamuwa,2024-09-29,6.72033,80.36139,6.72132,80.3611,GPS Auto-Tag,114.9,86.6,High,True
EVT20578,Community New Year Carnival,U13486,Kitulgala White Water Rafting,Kegalle,Sabaragamuwa,2025-11-05,6.98545,80.43326,6.98604,80.43494,GPS Auto-Tag,196.6,78.2,Medium,True
EVT20579,Food & Craft Fair,U02723,Minneriya-Kaudulla Elephant Corridor,Polonnaruwa,North Central,2024-03-18,8.05165,80.96746,8.02531,80.92311,Typed Address,5684.2,0.1,Very Low,False
EVT20580,Temple/Kovil Special Pooja,U09858,Rathnapura Gem Mining Tour,Ratnapura,Sabaragamuwa,2025-03-15,6.68504,80.40745,6.67872,80.40575,Manual Map Pin,726.6,40.3,Low,False
EVT20581,Live Music Night,U02102,Kandy Lake Evening Walk,Kandy,Central,2023-03-20,7.2784,80.63766,7.31666,80.6417,Typed Address,4269.7,0.5,Very Low,False
EVT20582,Private Wedding,U02614,Negombo Lagoon Boat Ride,Gampaha,Western,2025-05-15,7.19423,79.8351,7.19371,79.83502,GPS Auto-Tag,58.9,92.9,High,True
EVT20583,Temple/Kovil Special Pooja,U03755,Anuradhapura Cycling Tour,Anuradhapura,North Central,2024-01-01,8.31281,80.40987,8.31019,80.39883,Manual Map Pin,1247.6,21.0,Very Low,False
EVT20584,Community New Year Carnival,U10427,Sinharaja Rainforest Trekking,Ratnapura/Galle,Sabaragamuwa,2025-06-17,6.40742,80.47424,6.40726,80.47483,GPS Auto-Tag,68.3,91.8,High,True
EVT20585,Full Moon Party,U13466,Hiriwadunna Village,Anuradhapura,North Central,2023-12-15,7.99086,80.75525,7.97903,80.78847,Manual Map Pin,3880.6,0.8,Very Low,False
EVT20586,Temple/Kovil Special Pooja,U09538,Ambalangoda Mask Museum,Galle,Southern,2024-08-05,6.22974,80.05446,6.23089,80.12004,Typed Address,7237.7,0.0,Very Low,False
EVT20587,Live Music Night,U09095,Hiriwadunna Village,Anuradhapura,North Central,2025-12-13,7.98196,80.7581,7.97027,80.76504,Manual Map Pin,1505.1,15.2,Very Low,False
EVT20588,Full Moon Party,U01169,Kochchikade St. Anthony's Feast,Colombo,Western,2023-01-27,6.93363,79.83819,6.9321,79.84011,GPS Auto-Tag,271.6,71.2,Medium,True
EVT20589,Pop-up Local Festival,U11239,Dowa Rock Temple,Badulla,Uva,2025-06-24,6.87483,81.06598,6.87495,81.06755,GPS Auto-Tag,173.9,80.5,Medium,True
EVT20590,Corporate Retreat Event,U11793,Nuwara Eliya Gregory Lake Boating,Nuwara Eliya,Central,2025-12-10,6.94889,80.78434,6.90579,80.71351,Typed Address,9153.0,0.0,Very Low,False
EVT20591,Community New Year Carnival,U14100,Trincomalee Whale Watching,Trincomalee,Eastern,2025-06-17,8.56436,81.2447,8.55414,81.27156,Typed Address,3159.2,1.9,Very Low,False
EVT20592,Community New Year Carnival,U12397,Kalametiya Bird Sanctuary,Hambantota,Southern,2025-03-06,6.07763,80.93531,6.07877,80.93524,GPS Auto-Tag,127.0,85.3,High,True
EVT20593,Food & Craft Fair,U06936,Laxapana Falls Trek,Nuwara Eliya,Central,2024-06-01,6.92237,80.48026,6.94345,80.5185,Typed Address,4819.8,0.2,Very Low,False
EVT20594,Community New Year Carnival,U06039,Nilaveli Beach,Trincomalee,Eastern,2023-04-25,8.71693,81.19737,8.72125,81.19228,Manual Map Pin,736.7,39.8,Low,False
EVT20595,Temple/Kovil Special Pooja,U05328,Udawalawe Elephant Transit Home,Ratnapura,Sabaragamuwa,2024-06-24,6.42632,80.90273,6.42595,80.90433,GPS Auto-Tag,181.0,79.8,Medium,True
EVT20596,Full Moon Party,U05919,Polonnaruwa Cycling Tour,Polonnaruwa,North Central,2025-01-27,7.94647,81.02936,7.93866,81.03429,Manual Map Pin,1022.8,27.8,Very Low,False
EVT20597,Full Moon Party,U10949,Thalangama Wetland Birdwatching,Colombo,Western,2025-05-10,6.88279,79.9366,6.88194,79.93791,GPS Auto-Tag,172.5,80.6,Medium,True
EVT20598,Full Moon Party,U08562,Rekawa Turtle Conservation,Hambantota,Southern,2024-04-27,6.03744,80.8697,6.07671,80.83381,Typed Address,5890.0,0.1,Very Low,False
EVT20599,Food & Craft Fair,U11848,Weligama Surf School,Matara,Southern,2025-12-08,5.97161,80.41603,5.97048,80.41577,GPS Auto-Tag,128.3,85.2,High,True
EVT20600,Private Wedding,U13068,Kalpitiya Kite Surfing,Puttalam,North Western,2024-10-16,8.21486,79.76558,8.21359,79.76614,GPS Auto-Tag,154.0,82.5,Medium,True
EVT20601,Village Perahera,U12305,Bellanwila-Attidiya Sanctuary,Colombo,Western,2024-01-22,6.83461,79.86914,6.89927,79.87141,Typed Address,7182.5,0.0,Very Low,False
EVT20602,Beach Party,U14868,Ambalangoda Mask Museum,Galle,Southern,2023-11-24,6.23094,80.05025,6.22866,80.05063,GPS Auto-Tag,255.9,72.6,Medium,True
EVT20603,Beach Party,U04222,Beddagana Wetland Park,Colombo,Western,2024-08-29,6.89875,79.90412,6.89368,79.89954,Manual Map Pin,755.8,38.9,Low,False
EVT20604,Private Wedding,U06151,Muthurajawela Marsh Boat Safari,Gampaha,Western,2024-07-01,7.07085,79.87559,7.07822,79.83699,Typed Address,4330.1,0.4,Very Low,False
EVT20605,Private Wedding,U01154,Hurulu Eco Park,Polonnaruwa,North Central,2024-03-01,8.14929,80.87931,8.15736,80.89143,Manual Map Pin,1604.9,13.5,Very Low,False
EVT20606,Private Wedding,U08415,Muhudu Maha Vihara,Hambantota,Southern,2025-04-10,6.33848,81.47435,6.33559,81.47213,GPS Auto-Tag,403.3,60.4,Medium,True
EVT20607,Temple/Kovil Special Pooja,U06792,Nainativu & Nagadeepa,Jaffna,Northern,2024-02-28,9.58435,79.7804,9.52021,79.79071,Typed Address,7209.1,0.0,Very Low,False
EVT20608,Village Perahera,U03951,Mulkirigala Rock Monastery,Hambantota,Southern,2024-08-04,6.17554,80.88072,6.17777,80.84707,Typed Address,3721.0,1.0,Very Low,False
EVT20609,Beach Party,U17350,Induruwa Turtle Conservation,Galle,Southern,2025-08-20,6.04965,80.033,6.05753,80.03651,Manual Map Pin,956.1,30.3,Low,False
EVT20610,Live Music Night,U08884,Horton Plains & World's End Hike,Nuwara Eliya,Central,2025-11-30,6.80656,80.79332,6.80509,80.79391,GPS Auto-Tag,175.1,80.3,Medium,True
EVT20611,Village Perahera,U07861,Beddagana Wetland Park,Colombo,Western,2025-03-14,6.88186,79.90347,6.83376,79.87913,Typed Address,5974.7,0.1,Very Low,False
EVT20612,Village Perahera,U15681,Kitulgala White Water Rafting,Kegalle,Sabaragamuwa,2023-10-22,6.99082,80.42607,6.99108,80.42554,GPS Auto-Tag,65.5,92.1,High,True
EVT20613,Live Music Night,U11384,Beruwala Beach Resort Leisure,Kalutara,Western,2025-08-24,6.47194,79.9795,6.46999,79.97738,GPS Auto-Tag,318.3,67.2,Medium,True
EVT20614,Corporate Retreat Event,U06971,Hiriwadunna Village,Anuradhapura,North Central,2024-10-29,7.97251,80.75665,7.97222,80.75729,GPS Auto-Tag,77.7,90.7,High,True
EVT20615,Full Moon Party,U06319,Kumana Bird Sanctuary,Ampara,Eastern,2023-03-12,6.54091,81.66167,6.54192,81.66223,GPS Auto-Tag,126.8,85.3,High,True
EVT20616,Live Music Night,U07987,Muthurajawela Marsh Boat Safari,Gampaha,Western,2023-05-09,7.06288,79.87588,7.07342,79.87204,Manual Map Pin,1244.0,21.1,Very Low,False
EVT20617,Beach Party,U03054,Madunagala Hot Springs,Hambantota,Southern,2023-01-21,6.25428,81.23789,6.25621,81.23994,GPS Auto-Tag,311.3,67.8,Medium,True
EVT20618,Pop-up Local Festival,U17042,Ravana Falls Abseiling,Badulla,Uva,2025-08-26,6.8909,81.05174,6.90689,81.00439,Typed Address,5511.6,0.1,Very Low,False
EVT20619,Private Wedding,U04850,Sinharaja Forest Reserve Nature Walk,Ratnapura/Galle,Sabaragamuwa,2024-08-19,6.39807,80.49659,6.39772,80.5007,GPS Auto-Tag,455.6,56.6,Low,False
EVT20620,Community New Year Carnival,U09509,Horton Plains & World's End Hike,Nuwara Eliya,Central,2024-12-12,6.7985,80.7893,6.81615,80.79557,Manual Map Pin,2077.5,7.5,Very Low,False
EVT20621,Corporate Retreat Event,U16577,Hakgala Botanical Garden,Nuwara Eliya,Central,2023-01-19,6.91999,80.7807,6.91991,80.78082,GPS Auto-Tag,16.4,98.0,High,True
EVT20622,Live Music Night,U15770,Kalpitiya Kite Surfing,Puttalam,North Western,2025-09-28,8.24407,79.76779,8.24065,79.73058,Typed Address,4104.9,0.6,Very Low,False
EVT20623,Community New Year Carnival,U11102,Kanneliya Rainforest Reserve,Galle,Southern,2024-05-05,6.24187,80.35911,6.2407,80.35858,GPS Auto-Tag,143.2,83.6,Medium,True
EVT20624,Corporate Retreat Event,U16337,Ravana Caves & Ella Wala Pool,Badulla,Uva,2025-01-29,6.85619,81.04679,6.86679,81.04651,Manual Map Pin,1177.2,23.0,Very Low,False
EVT20625,Food & Craft Fair,U04075,Belihuloya River Adventures,Ratnapura,Sabaragamuwa,2025-12-08,6.66715,80.83916,6.66681,80.83949,GPS Auto-Tag,52.4,93.7,High,True
EVT20626,Full Moon Party,U07312,Beruwala Beach Resort Leisure,Kalutara,Western,2025-03-12,6.47667,79.98195,6.47799,79.97663,Manual Map Pin,604.5,47.0,Low,False
EVT20627,Pop-up Local Festival,U08472,Anawilundawa Ramsar Wetland,Puttalam,North Western,2023-12-19,7.73142,79.80023,7.73076,79.79887,GPS Auto-Tag,167.3,81.1,Medium,True
EVT20628,Live Music Night,U06197,Diyaluma Infinity Pools,Badulla,Uva,2023-05-20,6.73452,81.05393,6.70119,81.10362,Typed Address,6610.4,0.0,Very Low,False
EVT20629,Village Perahera,U11994,Madu Ganga Mangrove Boat Tour,Galle,Southern,2024-03-04,6.27097,80.04323,6.27646,80.0499,Manual Map Pin,954.6,30.3,Low,False
EVT20630,Corporate Retreat Event,U03342,Panama-Kudumbigala Eco Reserve,Ampara,Eastern,2024-11-06,6.90658,81.79321,6.9067,81.79101,GPS Auto-Tag,243.2,73.8,Medium,True
EVT20631,Pop-up Local Festival,U17875,Unawatuna Beach,Galle,Southern,2023-04-01,5.99707,80.24543,6.00594,80.26855,Manual Map Pin,2735.3,3.3,Very Low,False
EVT20632,Food & Craft Fair,U09632,Nuwara Eliya Tea Factory Tour,Nuwara Eliya,Central,2023-04-18,6.95968,80.76956,6.95094,80.79599,Typed Address,3069.4,2.2,Very Low,False
EVT20633,Beach Party,U05724,Meemure Village,Kandy,Central,2025-09-08,7.48379,80.78038,7.52964,80.851,Typed Address,9290.1,0.0,Very Low,False
EVT20634,Full Moon Party,U06961,Unawatuna Beach,Galle,Southern,2025-12-18,6.01088,80.24513,6.02024,80.22289,Manual Map Pin,2666.1,3.6,Very Low,False
EVT20635,Pop-up Local Festival,U06718,Muthurajawela Marsh Boat Safari,Gampaha,Western,2024-07-23,7.05948,79.87763,7.0885,79.83811,Typed Address,5415.2,0.1,Very Low,False
EVT20636,Community New Year Carnival,U13639,Aluvihare Rock Monastery,Matale,Central,2023-08-25,7.48119,80.60901,7.4784,80.62372,Manual Map Pin,1647.6,12.8,Very Low,False
EVT20637,Community New Year Carnival,U14465,Muhudu Maha Vihara,Hambantota,Southern,2025-03-22,6.33621,81.45447,6.35994,81.41254,Typed Address,5323.4,0.1,Very Low,False
EVT20638,Private Wedding,U00628,Madunagala Hot Springs,Hambantota,Southern,2023-02-01,6.2587,81.2295,6.25602,81.22844,GPS Auto-Tag,320.1,67.0,Medium,True
EVT20639,Full Moon Party,U11806,Bambarakanda Falls,Badulla,Uva,2024-08-21,6.78568,80.81566,6.7877,80.81451,GPS Auto-Tag,257.6,72.5,Medium,True
EVT20640,Beach Party,U04357,Bundala Wetland Birdwatching,Hambantota,Southern,2024-07-29,6.18553,81.20368,6.17739,81.21232,Manual Map Pin,1313.7,19.4,Very Low,False
EVT20641,Community New Year Carnival,U16736,Rekawa Turtle Conservation,Hambantota,Southern,2023-06-27,6.04478,80.85582,6.04525,80.85599,GPS Auto-Tag,55.3,93.3,High,True
EVT20642,Corporate Retreat Event,U02516,Beddagana Wetland Park,Colombo,Western,2023-05-06,6.90012,79.89432,6.90425,79.90265,Manual Map Pin,1026.5,27.7,Very Low,False
EVT20643,Private Wedding,U03550,Sinhala & Tamil New Year Village Games,Anuradhapura,North Central,2024-03-10,8.30275,80.40291,8.29905,80.39939,GPS Auto-Tag,564.3,49.4,Low,False
EVT20644,Corporate Retreat Event,U08930,Pigeon Island Snorkeling,Trincomalee,Eastern,2023-04-04,8.73142,81.18809,8.7376,81.18289,Typed Address,892.2,32.8,Low,False
EVT20645,Village Perahera,U04288,Kitulgala White Water Rafting,Kegalle,Sabaragamuwa,2025-01-21,6.9917,80.43156,6.99425,80.43171,GPS Auto-Tag,282.9,70.2,Medium,True
EVT20646,Live Music Night,U09871,Knuckles Mountain Range Trekking,Kandy/Matale,Central,2023-08-14,7.4735,80.76963,7.47304,80.76899,GPS Auto-Tag,87.9,89.6,High,True
EVT20647,Beach Party,U09704,Riverston (Mini World's End),Matale,Central,2023-11-26,7.44296,80.74267,7.44103,80.74605,GPS Auto-Tag,429.8,58.4,Low,False
EVT20648,Private Wedding,U01823,Riverston (Mini World's End),Matale,Central,2025-02-22,7.45475,80.75155,7.45666,80.75283,GPS Auto-Tag,255.0,72.7,Medium,True
EVT20649,Temple/Kovil Special Pooja,U01211,Sera Ella Waterfall,Matale,Central,2025-04-28,7.53343,80.68622,7.52394,80.69809,Manual Map Pin,1677.6,12.3,Very Low,False
EVT20650,Temple/Kovil Special Pooja,U16717,Lipton's Seat Viewpoint,Badulla,Uva,2024-10-07,6.81724,81.07297,6.7681,81.04233,Typed Address,6415.3,0.0,Very Low,False
EVT20651,Beach Party,U17514,Madunagala Hot Springs,Hambantota,Southern,2025-10-28,6.24967,81.23376,6.27081,81.24383,Manual Map Pin,2596.6,3.9,Very Low,False
EVT20652,Food & Craft Fair,U14183,Bambarakanda Falls,Badulla,Uva,2025-09-16,6.79879,80.8088,6.78754,80.80918,Manual Map Pin,1250.0,21.0,Very Low,False
EVT20653,Live Music Night,U04837,"Christmas Celebrations, Negombo",Gampaha,Western,2025-10-30,7.21412,79.83755,7.20604,79.86895,Typed Address,3571.8,1.2,Very Low,False
EVT20654,Temple/Kovil Special Pooja,U13308,Kalpitiya Dolphin Watching Eco Tour,Puttalam,North Western,2024-05-20,8.22439,79.78284,8.22718,79.78374,GPS Auto-Tag,324.3,66.7,Medium,True
EVT20655,Community New Year Carnival,U15072,Ramboda Falls Visit,Nuwara Eliya,Central,2025-07-30,7.05523,80.7008,7.05256,80.69927,GPS Auto-Tag,341.3,65.3,Medium,True
EVT20656,Beach Party,U16972,Dowa Rock Temple,Badulla,Uva,2024-05-09,6.88317,81.0414,6.88623,81.03851,GPS Auto-Tag,466.1,55.8,Low,False
EVT20657,Food & Craft Fair,U16360,Ella Rock & Little Adam's Peak Hike,Badulla,Uva,2023-06-21,6.85752,81.03401,6.85707,81.03621,GPS Auto-Tag,247.4,73.4,Medium,True
EVT20658,Food & Craft Fair,U08898,Nuwara Eliya April Season,Nuwara Eliya,Central,2024-12-26,6.94579,80.79934,6.94413,80.80667,Manual Map Pin,829.4,35.5,Low,False
EVT20659,Full Moon Party,U16971,Nuwara Eliya Tea Factory Tour,Nuwara Eliya,Central,2025-09-20,6.97379,80.75291,6.96949,80.74467,Manual Map Pin,1025.7,27.7,Very Low,False
EVT20660,Live Music Night,U10489,Horton Plains & World's End Hike,Nuwara Eliya,Central,2024-11-03,6.81085,80.80255,6.82465,80.81024,Manual Map Pin,1750.8,11.2,Very Low,False
EVT20661,Live Music Night,U08625,Nuwara Eliya April Season,Nuwara Eliya,Central,2025-03-14,6.94935,80.79074,6.9478,80.78956,GPS Auto-Tag,215.9,76.3,Medium,True
EVT20662,Beach Party,U16080,Adam's Peak (Sri Pada) Climb,Ratnapura,Sabaragamuwa,2025-07-23,6.79892,80.49581,6.79846,80.4939,GPS Auto-Tag,216.3,76.3,Medium,True
EVT20663,Corporate Retreat Event,U05509,Dowa Rock Temple,Badulla,Uva,2025-09-16,6.86895,81.04961,6.86988,81.04933,GPS Auto-Tag,108.1,87.4,High,True
EVT20664,Food & Craft Fair,U12842,Bambarakanda Falls,Badulla,Uva,2023-05-14,6.77109,80.79807,6.77144,80.79852,GPS Auto-Tag,62.8,92.5,High,True
EVT20665,Food & Craft Fair,U01863,Laxapana Falls Trek,Nuwara Eliya,Central,2023-06-30,6.94072,80.51946,6.94138,80.51707,GPS Auto-Tag,273.0,71.1,Medium,True
EVT20666,Pop-up Local Festival,U16212,Pigeon Island Snorkeling,Trincomalee,Eastern,2023-12-05,8.71389,81.19997,8.71451,81.20808,Manual Map Pin,892.3,32.8,Low,False
EVT20667,Temple/Kovil Special Pooja,U09601,Wadduwa Beach Escape,Kalutara,Western,2025-04-05,6.64146,79.92384,6.64256,79.92538,GPS Auto-Tag,208.6,77.0,Medium,True
EVT20668,Beach Party,U10057,Adam's Peak (Sri Pada) Climb,Ratnapura,Sabaragamuwa,2024-12-08,6.80674,80.49213,6.80921,80.49122,GPS Auto-Tag,291.4,69.5,Medium,True
EVT20669,Pop-up Local Festival,U04992,Thalangama Wetland Birdwatching,Colombo,Western,2024-09-04,6.87374,79.92199,6.87548,79.92048,GPS Auto-Tag,254.9,72.7,Medium,True
EVT20670,Private Wedding,U01645,Yapahuwa Rock Fortress,Kurunegala,North Western,2024-11-27,7.81504,80.19566,7.80011,80.18938,Manual Map Pin,1795.2,10.6,Very Low,False
EVT20671,Temple/Kovil Special Pooja,U14788,Victoria Park Nuwara Eliya,Nuwara Eliya,Central,2025-02-13,6.97037,80.75921,6.96168,80.76229,Manual Map Pin,1022.4,27.9,Very Low,False
EVT20672,Beach Party,U03459,Nallur Festival (Nallur Kandaswamy Kovil),Jaffna,Northern,2025-08-18,9.66854,80.02141,9.66924,80.02239,GPS Auto-Tag,132.6,84.7,Medium,True
EVT20673,Beach Party,U08972,Adam's Peak (Sri Pada) Climb,Ratnapura,Sabaragamuwa,2025-08-12,6.79911,80.49583,6.83311,80.44478,Typed Address,6774.2,0.0,Very Low,False
EVT20674,Temple/Kovil Special Pooja,U16902,"Christmas Celebrations, Negombo",Gampaha,Western,2024-06-12,7.20189,79.82822,7.17513,79.87276,Typed Address,5734.6,0.1,Very Low,False
EVT20675,Temple/Kovil Special Pooja,U16767,Rekawa Turtle Conservation,Hambantota,Southern,2023-06-12,6.07,80.84492,6.06272,80.82741,Manual Map Pin,2094.8,7.3,Very Low,False
EVT20676,Full Moon Party,U05489,Bundala Wetland Birdwatching,Hambantota,Southern,2023-06-21,6.19204,81.20632,6.1912,81.20552,GPS Auto-Tag,128.3,85.2,High,True
EVT20677,Private Wedding,U02323,Rekawa Turtle Conservation,Hambantota,Southern,2023-10-23,6.03067,80.85723,6.0297,80.85873,GPS Auto-Tag,196.9,78.2,Medium,True
EVT20678,Corporate Retreat Event,U13798,Yala National Park Safari,Hambantota,Southern,2024-03-10,6.36568,81.51062,6.35893,81.51295,Manual Map Pin,792.6,37.1,Low,False
EVT20679,Village Perahera,U15615,Victoria Park Nuwara Eliya,Nuwara Eliya,Central,2023-06-02,6.97194,80.76686,6.97223,80.76769,GPS Auto-Tag,97.0,88.6,High,True
EVT20680,Community New Year Carnival,U17382,Weligama Surf School,Matara,Southern,2023-06-28,5.95998,80.42823,5.96218,80.42904,GPS Auto-Tag,260.6,72.2,Medium,True
EVT20681,Live Music Night,U13502,Bundala Wetland Birdwatching,Hambantota,Southern,2023-11-14,6.19595,81.22059,6.19577,81.22108,GPS Auto-Tag,57.3,93.1,High,True
EVT20682,Full Moon Party,U00002,Nilaveli Beach,Trincomalee,Eastern,2023-07-27,8.71066,81.17986,8.70856,81.1796,GPS Auto-Tag,235.4,74.5,Medium,True
EVT20683,Live Music Night,U02339,Muhudu Maha Vihara,Hambantota,Southern,2023-01-22,6.34438,81.4624,6.33205,81.4538,Manual Map Pin,1665.2,12.5,Very Low,False
EVT20684,Food & Craft Fair,U17129,Hiriwadunna Village,Anuradhapura,North Central,2025-02-18,7.99103,80.75623,8.00747,80.75193,Typed Address,1886.0,9.5,Very Low,False
EVT20685,Beach Party,U09654,Nallur Festival (Nallur Kandaswamy Kovil),Jaffna,Northern,2023-06-23,9.66127,80.03451,9.66313,80.03596,GPS Auto-Tag,260.4,72.2,Medium,True
EVT20686,Food & Craft Fair,U12765,Minneriya Elephant Gathering,Polonnaruwa,North Central,2024-04-01,8.01622,80.89792,8.01522,80.89795,GPS Auto-Tag,110.7,87.1,High,True
EVT20687,Private Wedding,U05544,Kitulgala White Water Rafting,Kegalle,Sabaragamuwa,2025-09-11,6.9737,80.43202,6.9743,80.43246,GPS Auto-Tag,82.5,90.2,High,True
EVT20688,Village Perahera,U04986,Kosgoda Turtle Hatchery,Galle,Southern,2024-03-09,6.08006,80.01726,6.07634,80.01789,GPS Auto-Tag,418.4,59.3,Low,False
EVT20689,Temple/Kovil Special Pooja,U05318,Udawalawe Elephant Transit Home,Ratnapura,Sabaragamuwa,2024-05-25,6.44654,80.88548,6.44557,80.88538,GPS Auto-Tag,107.9,87.4,High,True
EVT20690,Temple/Kovil Special Pooja,U04565,Knuckles Conservation Forest Walk,Kandy/Matale,Central,2023-01-12,7.46442,80.78302,7.46302,80.78316,GPS Auto-Tag,156.6,82.2,Medium,True
EVT20691,Beach Party,U15024,Minneriya Elephant Gathering,Polonnaruwa,North Central,2024-09-24,8.02887,80.89942,8.03027,80.89834,GPS Auto-Tag,195.4,78.3,Medium,True
EVT20692,Food & Craft Fair,U06891,Lipton's Seat Viewpoint,Badulla,Uva,2025-02-16,6.81703,81.08358,6.81899,81.0808,GPS Auto-Tag,375.6,62.5,Medium,True
EVT20693,Temple/Kovil Special Pooja,U02915,Rekawa Turtle Conservation,Hambantota,Southern,2025-01-18,6.07817,80.84808,6.07696,80.85044,GPS Auto-Tag,292.7,69.4,Medium,True
EVT20694,Corporate Retreat Event,U13129,Ravana Caves & Ella Wala Pool,Badulla,Uva,2023-12-07,6.8598,81.02243,6.87308,81.01769,Manual Map Pin,1563.8,14.2,Very Low,False
EVT20695,Corporate Retreat Event,U17938,Udawalawe Elephant Transit Home,Ratnapura,Sabaragamuwa,2024-10-13,6.43834,80.87377,6.45683,80.87611,Manual Map Pin,2068.3,7.5,Very Low,False
EVT20696,Pop-up Local Festival,U12893,Kalpitiya Kite Surfing,Puttalam,North Western,2023-10-19,8.22117,79.76878,8.22154,79.7683,GPS Auto-Tag,67.6,91.9,High,True
EVT20697,Community New Year Carnival,U12186,Vesak Festival (Colombo & Island-wide),Colombo,Western,2023-06-24,6.94223,79.85224,7.02802,79.79124,Typed Address,11656.2,0.0,Very Low,False
EVT20698,Full Moon Party,U06286,Anawilundawa Ramsar Wetland,Puttalam,North Western,2024-01-06,7.74413,79.83239,7.73685,79.83312,Manual Map Pin,811.9,36.2,Low,False
EVT20699,Pop-up Local Festival,U00161,Rathnapura Gem Mining Tour,Ratnapura,Sabaragamuwa,2023-08-03,6.68605,80.39542,6.72907,80.37514,Typed Address,5272.0,0.1,Very Low,False
EVT20700,Community New Year Carnival,U15394,Kumana Bird Sanctuary,Ampara,Eastern,2024-02-14,6.55594,81.66511,6.56144,81.68352,Manual Map Pin,2120.7,7.1,Very Low,False
EVT20701,Corporate Retreat Event,U13907,Kanniya Hot Springs,Trincomalee,Eastern,2023-06-16,8.58477,81.1712,8.58506,81.17171,GPS Auto-Tag,64.0,92.3,High,True
EVT20702,Beach Party,U06816,Madunagala Hot Springs,Hambantota,Southern,2023-08-24,6.23579,81.23701,6.3099,81.15516,Typed Address,12217.3,0.0,Very Low,False
EVT20703,Village Perahera,U01646,Bopath Ella Falls Trek,Ratnapura,Sabaragamuwa,2023-03-25,6.72409,80.36117,6.72423,80.36185,GPS Auto-Tag,76.7,90.9,High,True
EVT20704,Community New Year Carnival,U02561,Ramboda Falls Visit,Nuwara Eliya,Central,2025-06-11,7.03776,80.70312,7.03185,80.70366,GPS Auto-Tag,658.3,43.9,Low,False
EVT20705,Pop-up Local Festival,U06696,Bentota River Safari & Beach,Galle,Southern,2025-09-30,6.42876,80.00967,6.43072,80.00967,GPS Auto-Tag,217.3,76.2,Medium,True
EVT20706,Pop-up Local Festival,U03532,Kumana Bird Sanctuary,Ampara,Eastern,2024-10-30,6.57456,81.66398,6.56768,81.65992,Manual Map Pin,885.4,33.1,Low,False
EVT20707,Village Perahera,U14223,Nallur Festival (Nallur Kandaswamy Kovil),Jaffna,Northern,2023-08-10,9.6614,80.02528,9.66091,80.02361,GPS Auto-Tag,190.6,78.8,Medium,True
EVT20708,Pop-up Local Festival,U09018,Bogoda Wooden Bridge,Badulla,Uva,2024-03-17,6.97549,81.02595,6.9775,81.0281,GPS Auto-Tag,324.7,66.6,Medium,True
EVT20709,Full Moon Party,U03773,Diyaluma Infinity Pools,Badulla,Uva,2025-05-10,6.72696,81.03591,6.72713,81.0368,GPS Auto-Tag,99.0,88.4,High,True
EVT20710,Temple/Kovil Special Pooja,U04720,Minneriya-Kaudulla Elephant Corridor,Polonnaruwa,North Central,2025-10-05,8.03685,80.93122,8.02072,80.91086,Manual Map Pin,2865.7,2.8,Very Low,False
EVT20711,Food & Craft Fair,U11996,Tangalle Beach Escape,Hambantota,Southern,2023-04-28,6.0128,80.79558,6.00347,80.81077,Manual Map Pin,1970.8,8.5,Very Low,False
EVT20712,Food & Craft Fair,U03028,Negombo Lagoon Boat Ride,Gampaha,Western,2024-10-13,7.21064,79.82402,7.21133,79.82517,GPS Auto-Tag,147.7,83.1,Medium,True
EVT20713,Food & Craft Fair,U02148,Horton Plains & World's End Hike,Nuwara Eliya,Central,2025-05-16,6.81091,80.78737,6.80946,80.78697,GPS Auto-Tag,166.0,81.3,Medium,True
EVT20714,Community New Year Carnival,U07537,Nilaveli Beach,Trincomalee,Eastern,2023-02-05,8.71349,81.17629,8.72746,81.16501,Manual Map Pin,1984.8,8.4,Very Low,False
EVT20715,Corporate Retreat Event,U04394,Polonnaruwa Cycling Tour,Polonnaruwa,North Central,2024-10-03,7.94223,81.01727,7.94317,81.0168,GPS Auto-Tag,116.1,86.5,High,True
EVT20716,Live Music Night,U09791,Ritigala Forest Monastery,Anuradhapura,North Central,2025-09-30,8.1089,80.66216,8.10776,80.66084,GPS Auto-Tag,192.6,78.6,Medium,True
EVT20717,Pop-up Local Festival,U13431,Beddagana Wetland Park,Colombo,Western,2023-06-11,6.88432,79.91041,6.88623,79.9105,GPS Auto-Tag,212.1,76.7,Medium,True
EVT20718,Private Wedding,U03186,Bopath Ella Falls Trek,Ratnapura,Sabaragamuwa,2023-07-06,6.73435,80.36298,6.73435,80.3016,Typed Address,6765.2,0.0,Very Low,False
EVT20719,Full Moon Party,U11219,Ravana Falls Abseiling,Badulla,Uva,2025-02-23,6.878,81.04913,6.88013,81.0503,GPS Auto-Tag,269.6,71.4,Medium,True
EVT20720,Food & Craft Fair,U12634,Sera Ella Waterfall,Matale,Central,2025-03-15,7.53761,80.69052,7.52838,80.66962,Manual Map Pin,2518.1,4.3,Very Low,False
EVT20721,Beach Party,U11087,Bogoda Wooden Bridge,Badulla,Uva,2024-07-11,6.94965,81.01501,6.94818,81.01787,GPS Auto-Tag,354.5,64.2,Medium,True
EVT20722,Food & Craft Fair,U02191,Kumana Bird Sanctuary,Ampara,Eastern,2024-10-21,6.5684,81.65892,6.57113,81.65772,GPS Auto-Tag,331.1,66.1,Medium,True
EVT20723,Corporate Retreat Event,U15814,Unawatuna Beach,Galle,Southern,2023-11-04,6.02293,80.25152,6.0244,80.25406,GPS Auto-Tag,324.5,66.7,Medium,True
EVT20724,Beach Party,U16139,Wilpattu National Park Safari,Puttalam,North Western,2023-04-10,8.44209,80.04366,8.43969,80.04263,GPS Auto-Tag,288.8,69.7,Medium,True
EVT20725,Temple/Kovil Special Pooja,U08072,Adam's Peak (Sri Pada) Climb,Ratnapura,Sabaragamuwa,2024-09-22,6.79389,80.50522,6.79513,80.50309,GPS Auto-Tag,272.4,71.1,Medium,True
EVT20726,Beach Party,U02534,Kandy Esala Perahera,Kandy,Central,2024-02-21,7.28838,80.6293,7.24949,80.66195,Typed Address,5617.6,0.1,Very Low,False
EVT20727,Pop-up Local Festival,U14133,"New Year's Eve Countdown, Galle Face",Colombo,Western,2023-02-21,6.91447,79.85852,6.94583,79.85808,Typed Address,3482.0,1.3,Very Low,False
EVT20728,Private Wedding,U15409,Kandy Lake Evening Walk,Kandy,Central,2025-09-28,7.28967,80.62986,7.29023,80.63166,GPS Auto-Tag,207.3,77.2,Medium,True
EVT20729,Live Music Night,U01617,Panama-Kudumbigala Eco Reserve,Ampara,Eastern,2024-08-15,6.91056,81.78657,6.91172,81.78709,GPS Auto-Tag,140.8,83.9,Medium,True
EVT20730,Beach Party,U17343,Sinharaja Forest Reserve Nature Walk,Ratnapura/Galle,Sabaragamuwa,2025-08-21,6.40247,80.51297,6.40128,80.50788,Manual Map Pin,576.2,48.7,Low,False
EVT20731,Temple/Kovil Special Pooja,U09099,Haputale Viewpoint & Tea Estates,Badulla,Uva,2024-04-24,6.77626,80.92852,6.7763,80.92778,GPS Auto-Tag,82.2,90.2,High,True
EVT20732,Village Perahera,U07123,"Christmas Celebrations, Negombo",Gampaha,Western,2024-09-01,7.22249,79.84614,7.22213,79.84772,GPS Auto-Tag,178.5,80.0,Medium,True
EVT20733,Full Moon Party,U05566,Panama Village,Ampara,Eastern,2024-11-25,6.93078,81.78087,6.93213,81.78001,Manual Map Pin,177.7,80.1,Medium,True
EVT20734,Live Music Night,U14812,Wasgamuwa National Park Safari,Matale/Polonnaruwa,Central,2023-02-28,7.77389,80.92367,7.77375,80.92578,GPS Auto-Tag,232.3,74.8,Medium,True
EVT20735,Corporate Retreat Event,U11776,Minneriya Elephant Gathering,Polonnaruwa,North Central,2024-12-07,8.05943,80.91092,7.99546,80.84314,Typed Address,10290.7,0.0,Very Low,False
EVT20736,Full Moon Party,U01107,Sinhala & Tamil New Year Village Games,Anuradhapura,North Central,2023-12-01,8.32607,80.40199,8.3526,80.41749,Typed Address,3401.9,1.4,Very Low,False
EVT20737,Private Wedding,U09879,Weligama Surf School,Matara,Southern,2025-08-21,5.97751,80.43348,5.97691,80.43081,GPS Auto-Tag,303.1,68.5,Medium,True
EVT20738,Village Perahera,U13791,Udawalawe National Park Safari,Ratnapura/Moneragala,Sabaragamuwa,2025-01-28,6.47721,80.89931,6.4849,80.89607,Typed Address,926.1,31.4,Low,False
EVT20739,Full Moon Party,U06282,Unawatuna Beach,Galle,Southern,2023-07-06,6.01515,80.2382,6.06359,80.2332,Typed Address,5404.1,0.1,Very Low,False
EVT20740,Food & Craft Fair,U09427,"Christmas Celebrations, Negombo",Gampaha,Western,2024-12-08,7.18938,79.83143,7.22902,79.7597,Typed Address,9042.0,0.0,Very Low,False
EVT20741,Private Wedding,U02361,Sinharaja Forest Reserve Nature Walk,Ratnapura/Galle,Sabaragamuwa,2025-06-16,6.39512,80.49641,6.40634,80.51427,Typed Address,2330.3,5.4,Very Low,False
EVT20742,Village Perahera,U02146,Vesak Festival (Colombo & Island-wide),Colombo,Western,2025-03-27,6.91443,79.8533,6.92042,79.86165,Manual Map Pin,1134.3,24.2,Very Low,False
EVT20743,Temple/Kovil Special Pooja,U03579,Rekawa Turtle Conservation,Hambantota,Southern,2023-10-08,6.06666,80.8614,6.06047,80.8557,Manual Map Pin,932.9,31.2,Low,False
EVT20744,Full Moon Party,U16929,Knuckles Mountain Range Trekking,Kandy/Matale,Central,2023-02-11,7.4616,80.7985,7.46752,80.7964,Manual Map Pin,696.8,41.9,Low,False
EVT20745,Beach Party,U07124,Lipton's Seat Viewpoint,Badulla,Uva,2025-04-10,6.81667,81.06514,6.81798,81.06735,GPS Auto-Tag,283.7,70.1,Medium,True
EVT20746,Village Perahera,U02985,Yala National Park Safari,Hambantota,Southern,2025-03-11,6.36688,81.524,6.36726,81.52475,GPS Auto-Tag,93.0,89.0,High,True
EVT20747,Village Perahera,U07997,Peak Wilderness Sanctuary Trek,Ratnapura,Sabaragamuwa,2025-09-18,6.7911,80.50468,6.79213,80.50454,GPS Auto-Tag,116.3,86.5,High,True
EVT20748,Community New Year Carnival,U13236,Sinharaja Forest Reserve Nature Walk,Ratnapura/Galle,Sabaragamuwa,2025-02-27,6.38929,80.49662,6.38912,80.49582,GPS Auto-Tag,90.8,89.3,High,True
EVT20749,Village Perahera,U16323,Madu Ganga Mangrove Boat Tour,Galle,Southern,2023-03-21,6.26756,80.02933,6.26538,80.01262,Manual Map Pin,1859.5,9.8,Very Low,False
EVT20750,Live Music Night,U17003,Vesak Festival (Colombo & Island-wide),Colombo,Western,2025-10-17,6.90036,79.84347,6.90015,79.84261,GPS Auto-Tag,96.7,88.6,High,True
EVT20751,Food & Craft Fair,U03346,Ritigala Forest Monastery,Anuradhapura,North Central,2025-02-07,8.13064,80.65734,8.1325,80.65668,GPS Auto-Tag,217.9,76.2,Medium,True
EVT20752,Food & Craft Fair,U05895,Kanneliya Rainforest Reserve,Galle,Southern,2023-07-09,6.22819,80.33942,6.22669,80.34067,GPS Auto-Tag,216.9,76.3,Medium,True
EVT20753,Corporate Retreat Event,U07168,Mannar Bird Migration Watching,Mannar,Northern,2023-02-04,8.98804,79.91036,8.98665,79.91196,Manual Map Pin,232.9,74.7,Medium,True
EVT20754,Pop-up Local Festival,U04253,Horton Plains Cloud Forest Eco Walk,Nuwara Eliya,Central,2025-02-22,6.79894,80.78489,6.79227,80.77876,Typed Address,1002.0,28.6,Very Low,False
EVT20755,Live Music Night,U04724,Ravana Falls Abseiling,Badulla,Uva,2024-02-02,6.87772,81.04807,6.85578,81.05583,Typed Address,2581.3,4.0,Very Low,False
EVT20756,Village Perahera,U03120,Ravana Falls Abseiling,Badulla,Uva,2025-08-24,6.88608,81.04076,6.88477,81.03909,GPS Auto-Tag,235.1,74.5,Medium,True
EVT20757,Food & Craft Fair,U15920,Haputale Viewpoint & Tea Estates,Badulla,Uva,2024-12-17,6.75726,80.94489,6.75553,80.9293,Manual Map Pin,1728.8,11.5,Very Low,False
EVT20758,Food & Craft Fair,U07408,Udawalawe Elephant Transit Home,Ratnapura,Sabaragamuwa,2025-09-16,6.43716,80.8806,6.43882,80.88674,Manual Map Pin,702.3,41.6,Low,False
EVT20759,Temple/Kovil Special Pooja,U05356,Weligama Surf School,Matara,Southern,2023-12-08,5.97224,80.44659,5.97758,80.43624,Manual Map Pin,1288.1,20.0,Very Low,False
EVT20760,Full Moon Party,U14008,Kanniya Hot Springs,Trincomalee,Eastern,2025-03-20,8.60374,81.18259,8.60355,81.18142,GPS Auto-Tag,130.3,85.0,High,True
EVT20761,Community New Year Carnival,U11211,Galle Fort Walking Tour,Galle,Southern,2024-12-06,6.014,80.21655,6.01504,80.21826,Manual Map Pin,220.7,75.9,Medium,True
EVT20762,Beach Party,U00540,Panama Village,Ampara,Eastern,2025-12-31,6.92475,81.79702,6.92595,81.79992,GPS Auto-Tag,346.5,64.8,Medium,True
EVT20763,Food & Craft Fair,U13422,Rathnapura Gem Mining Tour,Ratnapura,Sabaragamuwa,2025-07-04,6.66872,80.39495,6.66914,80.3974,GPS Auto-Tag,274.8,70.9,Medium,True
EVT20764,Corporate Retreat Event,U01064,Peak Wilderness Sanctuary Trek,Ratnapura,Sabaragamuwa,2023-07-09,6.77983,80.50029,6.6867,80.49186,Typed Address,10378.8,0.0,Very Low,False
EVT20765,Temple/Kovil Special Pooja,U00209,Kumana National Park Birding & Safari,Ampara,Eastern,2023-07-13,6.56629,81.66273,6.56306,81.66229,Manual Map Pin,361.6,63.6,Medium,True
EVT20766,Community New Year Carnival,U16256,Kanniya Hot Springs,Trincomalee,Eastern,2025-01-10,8.59257,81.16423,8.5932,81.16563,GPS Auto-Tag,168.5,81.0,Medium,True
EVT20767,Temple/Kovil Special Pooja,U13444,Galle Fort Walking Tour,Galle,Southern,2024-12-08,6.01382,80.23602,6.04696,80.26065,Typed Address,4574.2,0.3,Very Low,False
EVT20768,Corporate Retreat Event,U00093,Kanniya Hot Springs,Trincomalee,Eastern,2023-11-04,8.61907,81.18609,8.62046,81.18775,GPS Auto-Tag,239.4,74.1,Medium,True
EVT20769,Temple/Kovil Special Pooja,U09646,Vidattaltivu Lagoon,Mannar,Northern,2023-11-16,8.95251,80.0377,8.95562,80.03736,GPS Auto-Tag,347.6,64.8,Medium,True
EVT20770,Temple/Kovil Special Pooja,U07907,Dowa Rock Temple,Badulla,Uva,2025-02-28,6.89863,81.0472,6.89808,81.04573,GPS Auto-Tag,172.8,80.6,Medium,True
EVT20771,Corporate Retreat Event,U07607,Udawalawe National Park Safari,Ratnapura/Moneragala,Sabaragamuwa,2024-11-23,6.44691,80.88401,6.44053,80.88897,Manual Map Pin,895.4,32.7,Low,False
EVT20772,Live Music Night,U13151,Anawilundawa Ramsar Wetland,Puttalam,North Western,2025-09-30,7.7272,79.82024,7.73961,79.83614,Typed Address,2226.3,6.2,Very Low,False
EVT20773,Food & Craft Fair,U04591,Kumana Bird Sanctuary,Ampara,Eastern,2023-05-29,6.57238,81.65702,6.57225,81.65845,GPS Auto-Tag,158.4,82.0,Medium,True
EVT20774,Corporate Retreat Event,U02699,Wasgamuwa National Park Safari,Matale/Polonnaruwa,Central,2024-01-01,7.78868,80.93578,7.78701,80.93566,GPS Auto-Tag,185.8,79.3,Medium,True
EVT20775,Beach Party,U11925,Wewurukannala & Buduruwagala Carvings,Badulla/Monaragala,Uva,2023-10-23,6.71808,81.17513,6.7155,81.17423,GPS Auto-Tag,303.7,68.4,Medium,True
EVT20776,Full Moon Party,U07732,Wasgamuwa National Park Safari,Matale/Polonnaruwa,Central,2024-11-12,7.7822,80.91559,7.7826,80.91485,GPS Auto-Tag,93.4,89.0,High,True
EVT20777,Temple/Kovil Special Pooja,U12371,Kochchikade St. Anthony's Feast,Colombo,Western,2025-05-20,6.93619,79.84448,6.93738,79.84526,GPS Auto-Tag,157.8,82.1,Medium,True
EVT20778,Full Moon Party,U12957,Kandy Lake Evening Walk,Kandy,Central,2024-07-21,7.29257,80.63956,7.29272,80.64237,GPS Auto-Tag,309.1,68.0,Medium,True
EVT20779,Temple/Kovil Special Pooja,U03409,Horton Plains & World's End Hike,Nuwara Eliya,Central,2025-09-18,6.79483,80.79291,6.79454,80.793,GPS Auto-Tag,33.9,95.9,High,True
EVT20780,Live Music Night,U14275,Dowa Rock Temple,Badulla,Uva,2024-05-22,6.89556,81.04555,6.91381,81.00903,Typed Address,4505.3,0.4,Very Low,False
EVT20781,Village Perahera,U06166,Knuckles Conservation Forest Walk,Kandy/Matale,Central,2025-08-10,7.48354,80.76637,7.48292,80.76898,GPS Auto-Tag,295.4,69.1,Medium,True
EVT20782,Private Wedding,U04321,Riverston (Mini World's End),Matale,Central,2024-07-19,7.47331,80.72539,7.47363,80.72377,GPS Auto-Tag,181.2,79.7,Medium,True
EVT20783,Community New Year Carnival,U14623,Royal Botanical Garden Peradeniya,Kandy,Central,2025-10-30,7.27417,80.59608,7.29454,80.62489,Typed Address,3895.3,0.8,Very Low,False
EVT20784,Private Wedding,U01164,Delft Island,Jaffna,Northern,2024-11-05,9.51082,79.6604,9.51127,79.66359,Manual Map Pin,353.0,64.3,Medium,True
EVT20785,Temple/Kovil Special Pooja,U15597,Tangalle Beach Escape,Hambantota,Southern,2025-10-26,6.02048,80.79178,6.02571,80.78633,Manual Map Pin,836.1,35.2,Low,False
EVT20786,Corporate Retreat Event,U05760,Ella Rock & Little Adam's Peak Hike,Badulla,Uva,2024-10-02,6.86101,81.0555,6.85845,81.03977,Manual Map Pin,1756.3,11.1,Very Low,False
EVT20787,Food & Craft Fair,U14872,Kalpitiya Dolphin Watching Eco Tour,Puttalam,North Western,2023-09-16,8.22458,79.77045,8.22474,79.77021,GPS Auto-Tag,31.7,96.1,High,True
EVT20788,Village Perahera,U11716,Laxapana Falls Trek,Nuwara Eliya,Central,2025-02-18,6.93452,80.51201,6.93253,80.51072,GPS Auto-Tag,262.9,72.0,Medium,True
EVT20789,Beach Party,U14795,Haputale Viewpoint & Tea Estates,Badulla,Uva,2025-07-17,6.76466,80.97185,6.80406,80.95621,Typed Address,4700.7,0.3,Very Low,False
EVT20790,Community New Year Carnival,U01153,Panama-Kudumbigala Eco Reserve,Ampara,Eastern,2024-11-09,6.9115,81.77052,6.91263,81.78872,Manual Map Pin,2009.9,8.1,Very Low,False
EVT20791,Full Moon Party,U07132,Hakgala Botanical Garden,Nuwara Eliya,Central,2025-03-17,6.91493,80.76637,6.91581,80.767,GPS Auto-Tag,120.2,86.0,High,True
EVT20792,Corporate Retreat Event,U02762,Hurulu Eco Park,Polonnaruwa,North Central,2023-11-04,8.1594,80.8991,8.16208,80.9002,GPS Auto-Tag,321.0,66.9,Medium,True
EVT20793,Village Perahera,U14202,Negombo Lagoon Boat Ride,Gampaha,Western,2024-08-31,7.21236,79.82716,7.28286,79.79932,Typed Address,8404.3,0.0,Very Low,False
EVT20794,Private Wedding,U00151,Wewurukannala & Buduruwagala Carvings,Badulla/Monaragala,Uva,2024-04-03,6.72505,81.1553,6.72514,81.15829,GPS Auto-Tag,329.6,66.2,Medium,True
EVT20795,Full Moon Party,U11515,Horton Plains Cloud Forest Eco Walk,Nuwara Eliya,Central,2024-11-25,6.8094,80.8005,6.79994,80.80087,Manual Map Pin,1051.0,26.9,Very Low,False
EVT20796,Community New Year Carnival,U07942,Aluvihare Rock Monastery,Matale,Central,2024-04-20,7.47701,80.60738,7.47922,80.60932,GPS Auto-Tag,324.3,66.7,Medium,True
EVT20797,Beach Party,U06840,Galle Fort Walking Tour,Galle,Southern,2025-05-30,6.01807,80.2191,5.96576,80.26791,Typed Address,7921.3,0.0,Very Low,False
EVT20798,Private Wedding,U11008,Kalpitiya Kite Surfing,Puttalam,North Western,2023-04-07,8.21992,79.76867,8.24434,79.70544,Typed Address,7456.1,0.0,Very Low,False
EVT20799,Pop-up Local Festival,U03362,Wilpattu National Park Safari,Puttalam,North Western,2024-09-27,8.44764,80.0655,8.46877,80.07298,Manual Map Pin,2485.2,4.5,Very Low,False
EVT20800,Pop-up Local Festival,U02437,Mirissa Whale Watching & Beach,Matara,Southern,2025-09-08,5.94367,80.46552,5.9204,80.46814,Typed Address,2600.1,3.9,Very Low,False
EVT20801,Pop-up Local Festival,U06738,Hikkaduwa Diving & Surfing,Galle,Southern,2023-02-24,6.15027,80.10041,6.13455,80.09288,Manual Map Pin,1932.5,8.9,Very Low,False
EVT20802,Live Music Night,U15496,Madunagala Hot Springs,Hambantota,Southern,2024-03-16,6.24229,81.22777,6.23774,81.23417,Manual Map Pin,868.2,33.8,Low,False
EVT20803,Corporate Retreat Event,U05492,Wewurukannala & Buduruwagala Carvings,Badulla/Monaragala,Uva,2023-06-26,6.72896,81.18196,6.73086,81.18827,Typed Address,727.4,40.3,Low,False
EVT20804,Food & Craft Fair,U04752,Riverston (Mini World's End),Matale,Central,2023-12-17,7.46257,80.73096,7.4753,80.73996,Manual Map Pin,1725.5,11.6,Very Low,False
EVT20805,Full Moon Party,U15122,Kitulgala White Water Rafting,Kegalle,Sabaragamuwa,2025-02-09,6.99057,80.40937,6.99003,80.40867,GPS Auto-Tag,97.3,88.5,High,True
EVT20806,Community New Year Carnival,U00494,Kochchikade St. Anthony's Feast,Colombo,Western,2023-07-25,6.93898,79.85519,6.93414,79.85302,GPS Auto-Tag,588.5,47.9,Low,False
EVT20807,Corporate Retreat Event,U12425,Peak Wilderness Sanctuary Trek,Ratnapura,Sabaragamuwa,2024-12-20,6.82073,80.50849,6.82143,80.50875,GPS Auto-Tag,82.8,90.2,High,True
EVT20808,Temple/Kovil Special Pooja,U08954,Knuckles Mountain Range Trekking,Kandy/Matale,Central,2025-01-25,7.46635,80.78599,7.44047,80.78261,Typed Address,2896.9,2.7,Very Low,False
EVT20809,Community New Year Carnival,U09715,Royal Botanical Garden Peradeniya,Kandy,Central,2024-11-16,7.28504,80.58301,7.28854,80.56346,Manual Map Pin,2186.7,6.5,Very Low,False
EVT20810,Pop-up Local Festival,U11763,Bundala Wetland Birdwatching,Hambantota,Southern,2025-06-04,6.18752,81.19386,6.18022,81.20979,Manual Map Pin,1935.7,8.9,Very Low,False
EVT20811,Live Music Night,U11783,Ambalangoda Mask Museum,Galle,Southern,2025-10-02,6.22565,80.05896,6.22582,80.05898,GPS Auto-Tag,18.9,97.7,High,True
EVT20812,Private Wedding,U11639,Sinharaja Rainforest Trekking,Ratnapura/Galle,Sabaragamuwa,2023-02-22,6.38332,80.50952,6.37209,80.52483,Manual Map Pin,2099.5,7.2,Very Low,False
EVT20813,Community New Year Carnival,U05390,Colombo Galle Face & City Tour,Colombo,Western,2023-04-09,6.93621,79.87484,6.91186,79.88,Typed Address,2761.9,3.2,Very Low,False
EVT20814,Private Wedding,U17233,Laxapana Falls Trek,Nuwara Eliya,Central,2025-09-01,6.94066,80.50808,6.9746,80.48745,Typed Address,4399.9,0.4,Very Low,False
EVT20815,Full Moon Party,U02779,Minneriya Elephant Gathering,Polonnaruwa,North Central,2025-10-05,8.04298,80.90428,8.06978,80.8471,Typed Address,6953.1,0.0,Very Low,False
EVT20816,Food & Craft Fair,U01834,Thalangama Wetland Birdwatching,Colombo,Western,2024-07-05,6.88685,79.91902,6.88512,79.91944,GPS Auto-Tag,197.5,78.1,Medium,True
EVT20817,Beach Party,U12857,Nuwara Eliya Tea Factory Tour,Nuwara Eliya,Central,2025-04-28,6.96978,80.75869,6.97087,80.76027,GPS Auto-Tag,212.1,76.7,Medium,True
EVT20818,Village Perahera,U07478,St. Clair's & Devon Falls Viewpoint,Nuwara Eliya,Central,2024-01-29,7.04365,80.64661,7.04711,80.64977,Manual Map Pin,517.9,52.3,Low,False
EVT20819,Community New Year Carnival,U02230,Madunagala Hot Springs,Hambantota,Southern,2025-08-18,6.25773,81.22878,6.28745,81.29955,Typed Address,8477.5,0.0,Very Low,False
EVT20820,Corporate Retreat Event,U10663,Weligama Surf School,Matara,Southern,2025-08-29,5.97689,80.43454,5.98116,80.44095,Typed Address,851.5,34.5,Low,False
EVT20821,Full Moon Party,U14471,Ravana Falls Abseiling,Badulla,Uva,2024-07-09,6.87712,81.06114,6.88018,81.06227,Manual Map Pin,362.0,63.6,Medium,True
EVT20822,Private Wedding,U04175,Bopath Ella Falls Trek,Ratnapura,Sabaragamuwa,2025-06-19,6.72324,80.35805,6.72353,80.3591,GPS Auto-Tag,119.7,86.1,High,True
EVT20823,Village Perahera,U08917,Meemure Village,Kandy,Central,2025-08-03,7.46717,80.79467,7.46624,80.79616,GPS Auto-Tag,193.2,78.5,Medium,True
EVT20824,Corporate Retreat Event,U08814,Kandy Lake Evening Walk,Kandy,Central,2024-09-18,7.28054,80.64315,7.28172,80.6338,Typed Address,1037.4,27.3,Very Low,False
EVT20825,Private Wedding,U12026,Vidattaltivu Lagoon,Mannar,Northern,2024-04-16,8.95946,80.02744,8.9695,80.02376,Manual Map Pin,1185.7,22.7,Very Low,False
EVT20826,Food & Craft Fair,U10139,Vesak Festival (Colombo & Island-wide),Colombo,Western,2024-01-23,6.9235,79.85555,6.92626,79.85591,GPS Auto-Tag,308.6,68.0,Medium,True
EVT20827,Village Perahera,U01898,Bundala Wetland Birdwatching,Hambantota,Southern,2023-01-13,6.20716,81.22417,6.18704,81.22262,Manual Map Pin,2239.6,6.1,Very Low,False
EVT20828,Beach Party,U07488,Beddagana Wetland Park,Colombo,Western,2025-10-22,6.8976,79.90242,6.84235,79.98824,Typed Address,11271.4,0.0,Very Low,False
EVT20829,Corporate Retreat Event,U08027,Kalpitiya Kite Surfing,Puttalam,North Western,2023-10-31,8.23442,79.75743,8.17355,79.77166,Typed Address,6935.2,0.0,Very Low,False
EVT20830,Food & Craft Fair,U16221,Panama Village,Ampara,Eastern,2025-11-18,6.94555,81.76557,6.95164,81.7574,Manual Map Pin,1126.1,24.5,Very Low,False
EVT20831,Corporate Retreat Event,U13562,Rathnapura Gem Mining Tour,Ratnapura,Sabaragamuwa,2023-07-22,6.6777,80.4022,6.73879,80.38591,Typed Address,7015.1,0.0,Very Low,False
EVT20832,Pop-up Local Festival,U07889,Negombo Lagoon Boat Ride,Gampaha,Western,2024-09-01,7.20488,79.83945,7.20879,79.84065,GPS Auto-Tag,453.6,56.7,Low,False
EVT20833,Temple/Kovil Special Pooja,U15714,Gal Oya Boat Safari,Ampara,Eastern,2025-07-23,7.16167,81.44428,7.16109,81.44335,GPS Auto-Tag,121.2,85.9,High,True
EVT20834,Corporate Retreat Event,U09039,Diyaluma Infinity Pools,Badulla,Uva,2024-12-20,6.73566,81.04703,6.73677,81.048,GPS Auto-Tag,163.3,81.5,Medium,True
EVT20835,Corporate Retreat Event,U12663,Arugam Bay Surfing,Ampara,Eastern,2025-07-04,6.8426,81.83356,6.84359,81.8353,GPS Auto-Tag,221.2,75.8,Medium,True
EVT20836,Private Wedding,U01194,Kosgoda Turtle Hatchery,Galle,Southern,2024-09-20,6.09519,80.01327,6.10458,80.01421,Manual Map Pin,1047.6,27.0,Very Low,False
EVT20837,Food & Craft Fair,U08464,Nilaveli Beach,Trincomalee,Eastern,2025-09-27,8.70844,81.1882,8.69465,81.14892,Typed Address,4573.3,0.3,Very Low,False
EVT20838,Village Perahera,U17572,Ambalangoda Mask Museum,Galle,Southern,2024-01-03,6.22861,80.07884,6.22802,80.07616,GPS Auto-Tag,303.2,68.5,Medium,True
EVT20839,Private Wedding,U04259,Kalametiya Bird Sanctuary,Hambantota,Southern,2023-10-04,6.07253,80.92582,6.07102,80.92711,GPS Auto-Tag,220.4,75.9,Medium,True
EVT20840,Private Wedding,U13695,"New Year's Eve Countdown, Galle Face",Colombo,Western,2024-09-07,6.9249,79.83484,6.92872,79.83694,GPS Auto-Tag,482.8,54.7,Low,False
EVT20841,Temple/Kovil Special Pooja,U02618,Kochchikade St. Anthony's Feast,Colombo,Western,2023-10-16,6.93505,79.84585,6.91725,79.83217,Manual Map Pin,2485.5,4.5,Very Low,False
EVT20842,Full Moon Party,U00157,Hakgala Botanical Garden,Nuwara Eliya,Central,2024-04-06,6.9127,80.79574,6.91189,80.7944,GPS Auto-Tag,172.6,80.6,Medium,True
EVT20843,Beach Party,U15132,Wasgamuwa National Park Safari,Matale/Polonnaruwa,Central,2024-10-08,7.77498,80.90671,7.77675,80.90435,GPS Auto-Tag,324.9,66.6,Medium,True
EVT20844,Community New Year Carnival,U13346,Sinharaja Rainforest Trekking,Ratnapura/Galle,Sabaragamuwa,2023-12-25,6.39371,80.49298,6.40889,80.49081,Manual Map Pin,1702.5,11.9,Very Low,False
EVT20845,Private Wedding,U00737,Hurulu Eco Park,Polonnaruwa,North Central,2025-05-06,8.16378,80.87463,8.16294,80.87435,GPS Auto-Tag,98.1,88.5,High,True
EVT20846,Village Perahera,U02176,Ritigala Forest Monastery,Anuradhapura,North Central,2025-12-06,8.12063,80.64273,8.12879,80.63314,Manual Map Pin,1389.3,17.6,Very Low,False
EVT20847,Private Wedding,U15379,Kalpitiya Dolphin Watching Eco Tour,Puttalam,North Western,2024-09-27,8.22788,79.76559,8.22909,79.76519,GPS Auto-Tag,141.9,83.7,Medium,True
EVT20848,Temple/Kovil Special Pooja,U07201,Sera Ella Waterfall,Matale,Central,2023-05-22,7.52982,80.68428,7.52987,80.68407,GPS Auto-Tag,23.1,97.2,High,True
EVT20849,Live Music Night,U10697,Minneriya-Kaudulla Elephant Corridor,Polonnaruwa,North Central,2023-09-30,8.02988,80.95434,8.02818,80.97566,Manual Map Pin,2350.0,5.3,Very Low,False
EVT20850,Village Perahera,U04882,Knuckles Conservation Forest Walk,Kandy/Matale,Central,2023-12-19,7.4783,80.79158,7.48744,80.76247,Typed Address,3360.5,1.5,Very Low,False
EVT20851,Live Music Night,U08844,Bopath Ella Falls Trek,Ratnapura,Sabaragamuwa,2025-12-18,6.72272,80.36218,6.72179,80.36253,GPS Auto-Tag,110.7,87.1,High,True
EVT20852,Pop-up Local Festival,U07068,Nuwara Eliya Tea Factory Tour,Nuwara Eliya,Central,2023-12-04,6.95537,80.7694,6.94714,80.82651,Typed Address,6358.5,0.0,Very Low,False
EVT20853,Private Wedding,U02055,Belihuloya River Adventures,Ratnapura,Sabaragamuwa,2023-12-03,6.69075,80.82903,6.68533,80.79956,Typed Address,3304.0,1.6,Very Low,False
EVT20854,Corporate Retreat Event,U06385,Udawalawe Elephant Transit Home,Ratnapura,Sabaragamuwa,2024-04-06,6.4376,80.88459,6.43791,80.88518,GPS Auto-Tag,73.3,91.2,High,True
EVT20855,Food & Craft Fair,U02356,St. Clair's & Devon Falls Viewpoint,Nuwara Eliya,Central,2025-03-13,7.04317,80.68621,7.04501,80.68838,GPS Auto-Tag,315.1,67.4,Medium,True
EVT20856,Beach Party,U02841,Polonnaruwa Cycling Tour,Polonnaruwa,North Central,2025-08-28,7.95213,81.01561,7.95228,81.01481,GPS Auto-Tag,90.0,89.4,High,True
EVT20857,Village Perahera,U07053,Nuwara Eliya Tea Factory Tour,Nuwara Eliya,Central,2023-01-21,6.97708,80.76481,7.00262,80.74478,Typed Address,3593.3,1.1,Very Low,False
EVT20858,Food & Craft Fair,U08766,Wilpattu National Park Safari,Puttalam,North Western,2024-02-09,8.43881,80.03975,8.43868,80.03817,GPS Auto-Tag,174.1,80.4,Medium,True
EVT20859,Private Wedding,U00507,Hiriwadunna Village,Anuradhapura,North Central,2025-06-26,7.97853,80.73944,7.98902,80.7056,Typed Address,3897.4,0.8,Very Low,False
EVT20860,Food & Craft Fair,U04547,Minneriya Elephant Gathering,Polonnaruwa,North Central,2025-03-15,8.03324,80.88747,8.03568,80.8867,GPS Auto-Tag,284.3,70.1,Medium,True
EVT20861,Village Perahera,U00302,Ambalangoda Mask Museum,Galle,Southern,2024-04-23,6.25157,80.06125,6.25253,80.05998,GPS Auto-Tag,176.2,80.2,Medium,True
EVT20862,Full Moon Party,U05181,Kalametiya Bird Sanctuary,Hambantota,Southern,2024-07-11,6.0666,80.94252,6.06046,80.95508,Manual Map Pin,1544.6,14.5,Very Low,False
EVT20863,Private Wedding,U05680,Anuradhapura Cycling Tour,Anuradhapura,North Central,2023-03-12,8.31324,80.42404,8.33261,80.43075,Typed Address,2272.7,5.8,Very Low,False
EVT20864,Community New Year Carnival,U00206,Haputale Viewpoint & Tea Estates,Badulla,Uva,2024-03-01,6.76162,80.96952,6.76286,80.97007,GPS Auto-Tag,150.4,82.9,Medium,True
EVT20865,Live Music Night,U09449,Kumana National Park Birding & Safari,Ampara,Eastern,2024-08-25,6.59278,81.65005,6.59402,81.64849,GPS Auto-Tag,219.6,76.0,Medium,True
EVT20866,Food & Craft Fair,U08132,Wewurukannala & Buduruwagala Carvings,Badulla/Monaragala,Uva,2025-02-28,6.73235,81.15238,6.73959,81.15208,Manual Map Pin,804.2,36.6,Low,False
EVT20867,Full Moon Party,U12938,Horton Plains & World's End Hike,Nuwara Eliya,Central,2025-08-05,6.80308,80.79971,6.84277,80.85688,Typed Address,7688.5,0.0,Very Low,False
EVT20868,Corporate Retreat Event,U09437,Ritigala Forest Monastery,Anuradhapura,North Central,2023-10-09,8.12715,80.64542,8.12771,80.64474,GPS Auto-Tag,97.3,88.5,High,True
EVT20869,Village Perahera,U02691,Wasgamuwa National Park Safari,Matale/Polonnaruwa,Central,2025-11-07,7.78907,80.92324,7.78855,80.92378,GPS Auto-Tag,82.8,90.2,High,True
EVT20870,Community New Year Carnival,U17690,Minneriya-Kaudulla Elephant Corridor,Polonnaruwa,North Central,2024-12-19,8.06135,80.96096,7.99977,80.94311,Typed Address,7112.3,0.0,Very Low,False
EVT20871,Temple/Kovil Special Pooja,U08358,Colombo Galle Face & City Tour,Colombo,Western,2024-01-22,6.92113,79.86053,6.92419,79.8605,GPS Auto-Tag,338.9,65.5,Medium,True
EVT20872,Food & Craft Fair,U15796,Kumana National Park Birding & Safari,Ampara,Eastern,2024-10-02,6.57853,81.67846,6.58032,81.67893,GPS Auto-Tag,205.0,77.4,Medium,True
EVT20873,Corporate Retreat Event,U03047,Weligama Surf School,Matara,Southern,2023-07-05,5.9757,80.44361,5.97254,80.44651,GPS Auto-Tag,474.4,55.3,Low,False
EVT20874,Live Music Night,U01152,Ambalangoda Mask Museum,Galle,Southern,2023-11-02,6.22197,80.04996,6.22236,80.0501,GPS Auto-Tag,45.6,94.5,High,True
EVT20875,Corporate Retreat Event,U13934,Kalpitiya Kite Surfing,Puttalam,North Western,2023-03-21,8.23346,79.76682,8.17968,79.69381,Typed Address,9998.5,0.0,Very Low,False
EVT20876,Full Moon Party,U16011,Pasikuda Beach,Batticaloa,Eastern,2024-06-06,7.92013,81.57092,7.92042,81.57098,Manual Map Pin,32.6,96.0,High,True
EVT20877,Beach Party,U16618,Laxapana Falls Trek,Nuwara Eliya,Central,2025-08-11,6.92774,80.50214,6.89144,80.53504,Typed Address,5420.5,0.1,Very Low,False
EVT20878,Village Perahera,U08803,Vidattaltivu Lagoon,Mannar,Northern,2024-05-29,8.95874,80.03443,8.9802,80.04182,Manual Map Pin,2516.5,4.3,Very Low,False
EVT20879,Community New Year Carnival,U07649,Kalpitiya Kite Surfing,Puttalam,North Western,2025-08-25,8.218,79.76333,8.29102,79.75882,Typed Address,8120.4,0.0,Very Low,False
EVT20880,Food & Craft Fair,U13156,Royal Botanical Garden Peradeniya,Kandy,Central,2023-12-09,7.25877,80.57459,7.25745,80.57582,GPS Auto-Tag,199.6,77.9,Medium,True
EVT20881,Full Moon Party,U13166,Kalpitiya Kite Surfing,Puttalam,North Western,2025-07-07,8.2219,79.77432,8.22092,79.78446,Manual Map Pin,1119.5,24.7,Very Low,False
EVT20882,Live Music Night,U08987,Anawilundawa Ramsar Wetland,Puttalam,North Western,2025-04-27,7.74164,79.81717,7.7424,79.81932,GPS Auto-Tag,251.0,73.1,Medium,True
EVT20883,Food & Craft Fair,U04153,Beruwala Beach Resort Leisure,Kalutara,Western,2024-12-29,6.47555,79.98747,6.47619,79.98565,GPS Auto-Tag,212.3,76.7,Medium,True
EVT20884,Private Wedding,U05130,Aluvihare Rock Monastery,Matale,Central,2025-03-15,7.47833,80.61401,7.47507,80.61599,GPS Auto-Tag,422.8,58.9,Low,False
EVT20885,Full Moon Party,U12598,Ambalangoda Mask Museum,Galle,Southern,2025-06-28,6.23976,80.04887,6.16765,80.10083,Typed Address,9845.6,0.0,Very Low,False
EVT20886,Temple/Kovil Special Pooja,U14789,Kalpitiya Kite Surfing,Puttalam,North Western,2025-01-29,8.22792,79.78404,8.2279,79.78474,GPS Auto-Tag,76.4,90.9,High,True
EVT20887,Beach Party,U10979,Ella Rock & Little Adam's Peak Hike,Badulla,Uva,2025-09-07,6.87553,81.05837,6.87923,81.05485,Manual Map Pin,565.2,49.3,Low,False
EVT20888,Pop-up Local Festival,U02161,Bogoda Wooden Bridge,Badulla,Uva,2024-12-24,6.96416,81.01807,6.92105,81.078,Typed Address,8154.8,0.0,Very Low,False
EVT20889,Corporate Retreat Event,U06890,Horton Plains & World's End Hike,Nuwara Eliya,Central,2023-11-11,6.81412,80.79541,6.81495,80.79485,GPS Auto-Tag,110.5,87.1,High,True
EVT20890,Food & Craft Fair,U11777,Colombo Galle Face & City Tour,Colombo,Western,2023-06-10,6.93728,79.88352,6.95031,79.87383,Manual Map Pin,1798.2,10.6,Very Low,False
EVT20891,Private Wedding,U11893,Wilpattu National Park Safari,Puttalam,North Western,2025-01-22,8.44759,80.04633,8.42713,80.05265,Manual Map Pin,2373.7,5.1,Very Low,False
EVT20892,Live Music Night,U03324,Yala National Park Safari,Hambantota,Southern,2024-10-28,6.36237,81.52829,6.36181,81.52903,GPS Auto-Tag,102.8,87.9,High,True
EVT20893,Beach Party,U15945,Nuwara Eliya Tea Factory Tour,Nuwara Eliya,Central,2025-07-31,6.94953,80.78042,6.95056,80.7794,GPS Auto-Tag,160.1,81.9,Medium,True
EVT20894,Beach Party,U17979,Colombo Galle Face & City Tour,Colombo,Western,2023-08-05,6.9441,79.8548,6.94065,79.85798,GPS Auto-Tag,518.6,52.3,Low,False
EVT20895,Private Wedding,U10534,Vesak Festival (Colombo & Island-wide),Colombo,Western,2025-12-29,6.92617,79.84183,6.92995,79.84006,Manual Map Pin,461.9,56.1,Low,False
EVT20896,Full Moon Party,U15841,Victoria Park Nuwara Eliya,Nuwara Eliya,Central,2023-11-11,6.982,80.76155,6.98213,80.75846,GPS Auto-Tag,340.7,65.3,Medium,True
EVT20897,Live Music Night,U14983,Lipton's Seat Viewpoint,Badulla,Uva,2025-05-22,6.82419,81.07693,6.82589,81.07824,Manual Map Pin,237.4,74.3,Medium,True
EVT20898,Corporate Retreat Event,U14111,Madunagala Hot Springs,Hambantota,Southern,2023-01-26,6.24572,81.24087,6.17352,81.23002,Typed Address,8103.9,0.0,Very Low,False
EVT20899,Village Perahera,U12108,Ravana Caves & Ella Wala Pool,Badulla,Uva,2024-01-05,6.84906,81.02335,6.85112,81.02098,GPS Auto-Tag,346.9,64.8,Medium,True
EVT20900,Community New Year Carnival,U06013,Bundala Wetland Birdwatching,Hambantota,Southern,2023-05-18,6.18685,81.21265,6.18657,81.2122,GPS Auto-Tag,58.2,93.0,High,True
EVT20901,Temple/Kovil Special Pooja,U03584,Kandy Esala Perahera,Kandy,Central,2023-06-12,7.2938,80.63476,7.29404,80.63551,GPS Auto-Tag,86.0,89.8,High,True
EVT20902,Full Moon Party,U09677,Udawalawe National Park Safari,Ratnapura/Moneragala,Sabaragamuwa,2024-10-15,6.46725,80.87537,6.46714,80.87512,GPS Auto-Tag,30.2,96.3,High,True
EVT20903,Private Wedding,U01296,Delft Island,Jaffna,Northern,2024-01-06,9.5238,79.67324,9.54428,79.66045,Manual Map Pin,2670.0,3.6,Very Low,False
EVT20904,Village Perahera,U17581,Sinharaja Forest Reserve Nature Walk,Ratnapura/Galle,Sabaragamuwa,2025-04-12,6.3889,80.499,6.40743,80.50375,Manual Map Pin,2122.7,7.0,Very Low,False
EVT20905,Beach Party,U07077,Kalametiya Bird Sanctuary,Hambantota,Southern,2025-07-15,6.06771,80.93849,6.07551,80.94088,Manual Map Pin,905.4,32.2,Low,False
EVT20906,Village Perahera,U10642,Kumana National Park Birding & Safari,Ampara,Eastern,2025-05-27,6.56465,81.66488,6.55623,81.66544,Manual Map Pin,936.2,31.0,Low,False
EVT20907,Food & Craft Fair,U08927,Mirissa Whale Watching & Beach,Matara,Southern,2024-10-13,5.94991,80.46595,5.94007,80.47806,Manual Map Pin,1726.2,11.6,Very Low,False
EVT20908,Private Wedding,U01667,Horton Plains & World's End Hike,Nuwara Eliya,Central,2023-02-03,6.80138,80.79404,6.80251,80.79495,Manual Map Pin,160.9,81.8,Medium,True
EVT20909,Food & Craft Fair,U04812,Belihuloya River Adventures,Ratnapura,Sabaragamuwa,2023-02-23,6.68402,80.83953,6.69434,80.83072,Manual Map Pin,1501.2,15.3,Very Low,False
EVT20910,Corporate Retreat Event,U00612,Beruwala Beach Resort Leisure,Kalutara,Western,2024-09-08,6.45934,79.99427,6.5126,79.94031,Typed Address,8388.2,0.0,Very Low,False
EVT20911,Pop-up Local Festival,U15052,Madu Ganga Mangrove Boat Tour,Galle,Southern,2025-03-02,6.26674,80.04812,6.26636,80.04667,GPS Auto-Tag,165.4,81.3,Medium,True
EVT20912,Food & Craft Fair,U15664,Deepavali Festival (Colombo Kovils),Colombo,Western,2024-09-07,6.88837,79.87129,6.80282,79.91326,Typed Address,10563.1,0.0,Very Low,False
EVT20913,Village Perahera,U11744,Kitulgala White Water Rafting,Kegalle,Sabaragamuwa,2025-11-15,6.96345,80.41451,6.96134,80.41323,GPS Auto-Tag,273.6,71.0,Medium,True
EVT20914,Full Moon Party,U16520,Pigeon Island Snorkeling,Trincomalee,Eastern,2024-05-24,8.71065,81.20692,8.7082,81.21682,Manual Map Pin,1119.8,24.7,Very Low,False
EVT20915,Village Perahera,U01187,Knuckles Mountain Range Trekking,Kandy/Matale,Central,2023-11-11,7.45854,80.77937,7.46051,80.79062,Manual Map Pin,1258.1,20.7,Very Low,False
EVT20916,Pop-up Local Festival,U14024,Bambarakanda Falls,Badulla,Uva,2025-10-14,6.78983,80.80906,6.86539,80.81291,Typed Address,8397.2,0.0,Very Low,False
EVT20917,Temple/Kovil Special Pooja,U07432,Sinharaja Rainforest Trekking,Ratnapura/Galle,Sabaragamuwa,2023-06-24,6.40198,80.47952,6.40018,80.48172,GPS Auto-Tag,314.1,67.5,Medium,True
EVT20918,Community New Year Carnival,U08634,Mirissa Whale Watching & Beach,Matara,Southern,2023-07-02,5.94015,80.42823,5.93832,80.43023,GPS Auto-Tag,300.1,68.7,Medium,True
EVT20919,Private Wedding,U13029,Arugam Bay Surfing,Ampara,Eastern,2024-12-11,6.84628,81.83947,6.87093,81.82139,Typed Address,3384.1,1.5,Very Low,False
EVT20920,Pop-up Local Festival,U00774,Kalpitiya Kite Surfing,Puttalam,North Western,2024-08-11,8.2317,79.75746,8.22847,79.74743,Manual Map Pin,1159.1,23.5,Very Low,False
EVT20921,Temple/Kovil Special Pooja,U10604,Bogoda Wooden Bridge,Badulla,Uva,2023-05-11,6.96887,80.99435,6.96539,80.99478,GPS Auto-Tag,390.2,61.4,Medium,True
EVT20922,Pop-up Local Festival,U12080,Adam's Peak (Sri Pada) Climb,Ratnapura,Sabaragamuwa,2023-01-17,6.81186,80.49514,6.81335,80.49989,Manual Map Pin,549.5,50.3,Low,False
EVT20923,Temple/Kovil Special Pooja,U16080,Kalametiya Bird Sanctuary,Hambantota,Southern,2025-11-03,6.06178,80.94485,6.09642,80.90438,Typed Address,5894.0,0.1,Very Low,False
EVT20924,Corporate Retreat Event,U04596,"New Year's Eve Countdown, Galle Face",Colombo,Western,2023-03-23,6.90364,79.84627,6.86206,79.88356,Typed Address,6179.8,0.0,Very Low,False
EVT20925,Full Moon Party,U15970,Deepavali Festival (Colombo Kovils),Colombo,Western,2024-10-29,6.87034,79.871,6.86896,79.86998,GPS Auto-Tag,189.6,78.9,Medium,True
EVT20926,Private Wedding,U13116,Kumana National Park Birding & Safari,Ampara,Eastern,2024-07-30,6.56815,81.66367,6.50692,81.7524,Typed Address,11914.2,0.0,Very Low,False
EVT20927,Community New Year Carnival,U09865,Wewurukannala & Buduruwagala Carvings,Badulla/Monaragala,Uva,2024-08-01,6.72307,81.17084,6.7207,81.17247,GPS Auto-Tag,318.4,67.2,Medium,True
EVT20928,Pop-up Local Festival,U02692,Minneriya Elephant Gathering,Polonnaruwa,North Central,2025-01-17,8.04255,80.88111,8.08234,80.83691,Typed Address,6564.7,0.0,Very Low,False
EVT20929,Beach Party,U11322,Bopath Ella Falls Trek,Ratnapura,Sabaragamuwa,2025-06-04,6.7418,80.38204,6.73303,80.37739,Manual Map Pin,1099.9,25.3,Very Low,False
EVT20930,Live Music Night,U05187,Pigeon Island Snorkeling,Trincomalee,Eastern,2025-12-08,8.70362,81.20188,8.70755,81.20416,Manual Map Pin,502.9,53.3,Low,False
EVT20931,Corporate Retreat Event,U15467,Thalangama Wetland Birdwatching,Colombo,Western,2023-09-10,6.88982,79.93981,6.91788,79.94194,Typed Address,3123.9,2.0,Very Low,False
EVT20932,Full Moon Party,U00574,Nuwara Eliya Tea Factory Tour,Nuwara Eliya,Central,2025-11-08,6.96688,80.77636,6.96444,80.77517,GPS Auto-Tag,301.0,68.6,Medium,True
EVT20933,Live Music Night,U03870,Panama Village,Ampara,Eastern,2024-01-26,6.93996,81.78544,6.94845,81.76294,Manual Map Pin,2653.5,3.6,Very Low,False
EVT20934,Pop-up Local Festival,U09059,Arugam Bay Surfing,Ampara,Eastern,2025-01-26,6.83716,81.81605,6.83811,81.81522,GPS Auto-Tag,139.3,84.0,Medium,True
EVT20935,Live Music Night,U17682,Kayts Island,Jaffna,Northern,2025-03-11,9.69064,79.98316,9.69038,79.98301,GPS Auto-Tag,33.1,95.9,High,True
EVT20936,Food & Craft Fair,U03483,Mannar Bird Migration Watching,Mannar,Northern,2024-11-21,8.98203,79.91351,8.97624,79.91201,Manual Map Pin,663.6,43.6,Low,False
EVT20937,Live Music Night,U09966,Meemure Village,Kandy,Central,2025-01-04,7.46681,80.8014,7.46673,80.80184,GPS Auto-Tag,49.9,94.0,High,True
EVT20938,Live Music Night,U03442,Pasikuda Beach,Batticaloa,Eastern,2024-01-31,7.93669,81.56141,7.93222,81.56214,Manual Map Pin,502.0,53.4,Low,False
EVT20939,Community New Year Carnival,U17826,Ella Rock & Little Adam's Peak Hike,Badulla,Uva,2024-02-25,6.8558,81.0465,6.85643,81.04737,GPS Auto-Tag,119.1,86.2,High,True
EVT20940,Beach Party,U04990,Ramboda Falls Visit,Nuwara Eliya,Central,2025-05-19,7.03234,80.68836,7.02635,80.6935,Manual Map Pin,873.0,33.6,Low,False
EVT20941,Beach Party,U10236,Kalametiya Bird Sanctuary,Hambantota,Southern,2025-04-30,6.06273,80.92922,6.06448,80.91595,Typed Address,1477.7,15.8,Very Low,False
EVT20942,Community New Year Carnival,U08456,Minneriya Elephant Gathering,Polonnaruwa,North Central,2023-11-17,8.03102,80.90632,8.03288,80.8987,Typed Address,862.2,34.0,Low,False
EVT20943,Temple/Kovil Special Pooja,U15239,Nallur Festival (Nallur Kandaswamy Kovil),Jaffna,Northern,2025-11-04,9.67659,80.03113,9.67588,80.03225,GPS Auto-Tag,144.6,83.5,Medium,True
EVT20944,Private Wedding,U16781,Hakgala Botanical Garden,Nuwara Eliya,Central,2024-05-08,6.90906,80.76674,6.90918,80.76707,GPS Auto-Tag,38.4,95.3,High,True
EVT20945,Private Wedding,U13703,Knuckles Mountain Range Trekking,Kandy/Matale,Central,2023-10-17,7.45985,80.78085,7.46124,80.78227,GPS Auto-Tag,219.0,76.1,Medium,True
EVT20946,Village Perahera,U13549,Kanniya Hot Springs,Trincomalee,Eastern,2025-01-12,8.60506,81.16749,8.60576,81.16819,Manual Map Pin,110.0,87.2,High,True
EVT20947,Pop-up Local Festival,U00817,Royal Botanical Garden Peradeniya,Kandy,Central,2023-06-12,7.26227,80.60977,7.25735,80.62834,Manual Map Pin,2116.3,7.1,Very Low,False
EVT20948,Full Moon Party,U07388,Lipton's Seat Viewpoint,Badulla,Uva,2024-06-09,6.8138,81.05863,6.81622,81.0434,Manual Map Pin,1699.8,11.9,Very Low,False
EVT20949,Live Music Night,U01522,Unawatuna Beach,Galle,Southern,2024-07-16,6.01429,80.24515,6.01606,80.24416,GPS Auto-Tag,224.9,75.5,Medium,True
EVT20950,Private Wedding,U09783,Polonnaruwa Cycling Tour,Polonnaruwa,North Central,2024-08-05,7.94169,81.00372,7.93981,81.00292,GPS Auto-Tag,226.2,75.4,Medium,True
EVT20951,Community New Year Carnival,U17903,Rekawa Turtle Conservation,Hambantota,Southern,2023-09-30,6.05115,80.85107,6.07407,80.87846,Typed Address,3950.5,0.7,Very Low,False
EVT20952,Community New Year Carnival,U08674,Haputale Viewpoint & Tea Estates,Badulla,Uva,2023-04-29,6.76965,80.94821,6.76494,80.94416,Manual Map Pin,687.1,42.4,Low,False
EVT20953,Beach Party,U11120,Ramboda Falls Visit,Nuwara Eliya,Central,2025-02-08,7.0401,80.70878,7.03833,80.70757,GPS Auto-Tag,237.1,74.4,Medium,True
EVT20954,Community New Year Carnival,U08695,Nuwara Eliya Gregory Lake Boating,Nuwara Eliya,Central,2023-11-04,6.93592,80.79209,6.93714,80.79312,GPS Auto-Tag,176.0,80.3,Medium,True
EVT20955,Corporate Retreat Event,U10127,Kanneliya Rainforest Reserve,Galle,Southern,2025-08-19,6.21909,80.35768,6.21793,80.35638,GPS Auto-Tag,192.9,78.6,Medium,True
EVT20956,Private Wedding,U17351,Hiriwadunna Village,Anuradhapura,North Central,2025-07-08,7.97799,80.74235,7.97679,80.74362,GPS Auto-Tag,192.4,78.6,Medium,True
EVT20957,Live Music Night,U14180,Nilaveli Beach,Trincomalee,Eastern,2025-09-25,8.71457,81.18879,8.70363,81.17327,Manual Map Pin,2090.7,7.3,Very Low,False
EVT20958,Private Wedding,U08903,Laxapana Falls Trek,Nuwara Eliya,Central,2023-07-19,6.93024,80.48718,6.84382,80.56612,Typed Address,12949.6,0.0,Very Low,False
EVT20959,Private Wedding,U15786,Minneriya-Kaudulla Elephant Corridor,Polonnaruwa,North Central,2023-02-26,8.04473,80.95042,8.03743,80.95012,Manual Map Pin,811.2,36.3,Low,False
EVT20960,Village Perahera,U10443,Bentota River Safari & Beach,Galle,Southern,2025-09-22,6.42812,80.00893,6.44681,79.95355,Typed Address,6451.3,0.0,Very Low,False
EVT20961,Beach Party,U14817,Lipton's Seat Viewpoint,Badulla,Uva,2024-01-30,6.83122,81.05212,6.81762,81.04575,Manual Map Pin,1665.1,12.5,Very Low,False
EVT20962,Village Perahera,U14575,Diyasaru Wetland Park,Colombo,Western,2023-03-11,6.87838,79.90696,6.88426,79.8887,Manual Map Pin,2115.2,7.1,Very Low,False
EVT20963,Private Wedding,U14583,Rekawa Turtle Conservation,Hambantota,Southern,2023-04-18,6.03875,80.83477,6.04632,80.8243,Manual Map Pin,1429.2,16.8,Very Low,False
EVT20964,Beach Party,U05086,Kochchikade St. Anthony's Feast,Colombo,Western,2024-01-10,6.9505,79.86049,6.94916,79.86023,GPS Auto-Tag,151.8,82.7,Medium,True
EVT20965,Beach Party,U03188,Minneriya-Kaudulla Elephant Corridor,Polonnaruwa,North Central,2023-07-23,8.03441,80.93672,8.03756,80.93964,Manual Map Pin,474.1,55.3,Low,False
EVT20966,Food & Craft Fair,U08836,Diyasaru Wetland Park,Colombo,Western,2023-11-17,6.88991,79.91391,6.88915,79.9134,GPS Auto-Tag,102.2,88.0,High,True
EVT20967,Pop-up Local Festival,U02305,Bambarakanda Falls,Badulla,Uva,2024-03-25,6.76543,80.78219,6.7654,80.78235,GPS Auto-Tag,18.4,97.7,High,True
EVT20968,Private Wedding,U07860,Panama-Kudumbigala Eco Reserve,Ampara,Eastern,2025-10-08,6.89333,81.77532,6.89044,81.77445,GPS Auto-Tag,335.3,65.8,Medium,True
EVT20969,Pop-up Local Festival,U07243,Gal Oya Kudugala Village Eco Trek,Ampara,Eastern,2024-03-03,7.1673,81.44217,7.12082,81.45097,Typed Address,5249.3,0.1,Very Low,False
EVT20970,Community New Year Carnival,U13485,Ravana Falls Abseiling,Badulla,Uva,2023-03-22,6.86975,81.06014,6.86838,81.06323,GPS Auto-Tag,372.8,62.8,Medium,True
EVT20971,Food & Craft Fair,U17938,Riverston (Mini World's End),Matale,Central,2025-02-02,7.4572,80.74168,7.45202,80.73263,Manual Map Pin,1150.3,23.7,Very Low,False
EVT20972,Village Perahera,U12460,Kayts Island,Jaffna,Northern,2024-12-01,9.67711,79.99452,9.68669,79.9818,Typed Address,1751.4,11.2,Very Low,False
EVT20973,Corporate Retreat Event,U16135,Madunagala Hot Springs,Hambantota,Southern,2024-10-16,6.2466,81.22558,6.24628,81.22407,GPS Auto-Tag,170.5,80.8,Medium,True
EVT20974,Village Perahera,U05593,Sinhala & Tamil New Year Village Games,Anuradhapura,North Central,2025-11-29,8.30676,80.40403,8.31738,80.41008,Manual Map Pin,1354.3,18.4,Very Low,False
EVT20975,Village Perahera,U15633,Kosgoda Turtle Hatchery,Galle,Southern,2024-09-12,6.06946,80.00928,6.07328,80.00875,Manual Map Pin,428.3,58.5,Low,False
EVT20976,Temple/Kovil Special Pooja,U04977,Adam's Peak (Sri Pada) Climb,Ratnapura,Sabaragamuwa,2023-04-24,6.80328,80.50674,6.80275,80.50711,GPS Auto-Tag,72.5,91.3,High,True
EVT20977,Private Wedding,U05606,Kanneliya Rainforest Reserve,Galle,Southern,2023-03-23,6.24306,80.35545,6.24256,80.35484,GPS Auto-Tag,87.6,89.6,High,True
EVT20978,Full Moon Party,U09188,Sinharaja Forest Reserve Nature Walk,Ratnapura/Galle,Sabaragamuwa,2024-04-15,6.38186,80.49737,6.38435,80.49768,GPS Auto-Tag,278.0,70.6,Medium,True
EVT20979,Corporate Retreat Event,U11214,Weligama Surf School,Matara,Southern,2025-09-09,5.98642,80.43654,5.98684,80.43551,GPS Auto-Tag,123.7,85.7,High,True
EVT20980,Beach Party,U01747,Kandy Lake Evening Walk,Kandy,Central,2025-11-01,7.30313,80.62621,7.32853,80.6827,Typed Address,6828.4,0.0,Very Low,False
EVT20981,Live Music Night,U04360,Ravana Caves & Ella Wala Pool,Badulla,Uva,2025-12-31,6.85606,81.05326,6.85826,81.0527,GPS Auto-Tag,252.9,72.9,Medium,True
EVT20982,Full Moon Party,U13693,Deepavali Festival (Colombo Kovils),Colombo,Western,2023-05-10,6.87295,79.85618,6.89445,79.83972,Typed Address,2998.1,2.4,Very Low,False
EVT20983,Beach Party,U17966,Udawalawe National Park Safari,Ratnapura/Moneragala,Sabaragamuwa,2023-02-21,6.47673,80.86788,6.4776,80.86764,GPS Auto-Tag,100.0,88.2,High,True
EVT20984,Community New Year Carnival,U14609,Yapahuwa Rock Fortress,Kurunegala,North Western,2023-08-16,7.82942,80.2227,7.82871,80.22163,GPS Auto-Tag,141.4,83.8,Medium,True
EVT20985,Food & Craft Fair,U14973,Pasikuda Beach,Batticaloa,Eastern,2025-02-06,7.92224,81.56455,7.8364,81.60596,Typed Address,10560.2,0.0,Very Low,False
EVT20986,Corporate Retreat Event,U13306,Beddagana Wetland Park,Colombo,Western,2023-09-25,6.89382,79.91613,6.89679,79.9167,GPS Auto-Tag,335.1,65.8,Medium,True
EVT20987,Beach Party,U08485,Royal Botanical Garden Peradeniya,Kandy,Central,2023-09-22,7.27724,80.59204,7.27785,80.59096,GPS Auto-Tag,137.1,84.3,Medium,True
EVT20988,Beach Party,U13467,Bentota River Safari & Beach,Galle,Southern,2025-10-15,6.44,80.01327,6.36148,79.98929,Typed Address,9108.2,0.0,Very Low,False
EVT20989,Private Wedding,U02409,Unawatuna Beach,Galle,Southern,2025-09-21,6.01363,80.24787,6.01423,80.24851,GPS Auto-Tag,96.8,88.6,High,True
EVT20990,Community New Year Carnival,U01397,Kayts Island,Jaffna,Northern,2024-06-28,9.69342,79.97577,9.69426,79.97518,GPS Auto-Tag,113.5,86.8,High,True
EVT20991,Live Music Night,U16192,Delft Island,Jaffna,Northern,2025-06-02,9.54331,79.66357,9.54146,79.66467,GPS Auto-Tag,237.4,74.3,Medium,True
EVT20992,Village Perahera,U04529,Madu Ganga Mangrove Boat Tour,Galle,Southern,2025-04-08,6.27082,80.0432,6.25115,80.0106,Typed Address,4207.6,0.5,Very Low,False
EVT20993,Full Moon Party,U01338,Nuwara Eliya April Season,Nuwara Eliya,Central,2024-10-03,6.93663,80.78295,6.91474,80.79215,Manual Map Pin,2632.3,3.7,Very Low,False
EVT20994,Beach Party,U00660,Meemure Village,Kandy,Central,2025-10-01,7.46783,80.78558,7.46932,80.77079,Manual Map Pin,1635.9,12.9,Very Low,False
EVT20995,Village Perahera,U05106,Ravana Caves & Ella Wala Pool,Badulla,Uva,2023-02-10,6.85524,81.00536,6.86756,81.0,Manual Map Pin,1490.4,15.5,Very Low,False
EVT20996,Full Moon Party,U08130,Ritigala Forest Monastery,Anuradhapura,North Central,2025-01-03,8.12219,80.66226,8.12194,80.66096,GPS Auto-Tag,145.5,83.4,Medium,True
EVT20997,Pop-up Local Festival,U09590,Minneriya-Kaudulla Elephant Corridor,Polonnaruwa,North Central,2024-06-13,8.04725,80.93913,8.03855,80.947,Manual Map Pin,1296.2,19.8,Very Low,False
EVT20998,Temple/Kovil Special Pooja,U00831,Udawalawe National Park Safari,Ratnapura/Moneragala,Sabaragamuwa,2023-12-06,6.47738,80.90746,6.47614,80.90774,GPS Auto-Tag,141.6,83.8,Medium,True
EVT20999,Community New Year Carnival,U08286,Nilaveli Beach,Trincomalee,Eastern,2023-12-19,8.72039,81.18183,8.7196,81.18381,GPS Auto-Tag,234.9,74.6,Medium,True
EVT21000,Pop-up Local Festival,U17789,Kanniya Hot Springs,Trincomalee,Eastern,2023-07-20,8.61291,81.17439,8.60673,81.18101,Manual Map Pin,999.3,28.7,Very Low,False
EVT21001,Village Perahera,U12160,Riverston (Mini World's End),Matale,Central,2025-11-05,7.45888,80.73708,7.45807,80.73595,GPS Auto-Tag,152.6,82.6,Medium,True
EVT21002,Community New Year Carnival,U17462,Bundala Wetland Birdwatching,Hambantota,Southern,2025-12-09,6.19227,81.23979,6.18975,81.21552,Manual Map Pin,2693.0,3.5,Very Low,False
EVT21003,Pop-up Local Festival,U16933,Bellanwila-Attidiya Sanctuary,Colombo,Western,2024-11-27,6.83441,79.89786,6.82375,79.88873,Manual Map Pin,1553.7,14.3,Very Low,False
EVT21004,Village Perahera,U17378,Adam's Peak (Sri Pada) Climb,Ratnapura,Sabaragamuwa,2023-05-09,6.81699,80.48481,6.80421,80.46587,Manual Map Pin,2524.3,4.3,Very Low,False
EVT21005,Village Perahera,U14095,Diyasaru Wetland Park,Colombo,Western,2023-05-07,6.88425,79.89172,6.88215,79.89106,GPS Auto-Tag,244.4,73.7,Medium,True
EVT21006,Private Wedding,U17059,Pigeon Island Snorkeling,Trincomalee,Eastern,2023-02-07,8.70476,81.20375,8.70465,81.20378,GPS Auto-Tag,12.7,98.4,High,True
EVT21007,Beach Party,U13976,Diyaluma Infinity Pools,Badulla,Uva,2023-05-19,6.73722,81.04476,6.73562,81.04568,GPS Auto-Tag,204.6,77.4,Medium,True
EVT21008,Beach Party,U09813,Ravana Falls Abseiling,Badulla,Uva,2025-01-30,6.89465,81.04695,6.89413,81.04534,GPS Auto-Tag,186.4,79.2,Medium,True
EVT21009,Village Perahera,U05961,Kanneliya Rainforest Reserve,Galle,Southern,2025-02-16,6.24208,80.37093,6.24267,80.36946,GPS Auto-Tag,174.6,80.4,Medium,True
EVT21010,Pop-up Local Festival,U07903,Madunagala Hot Springs,Hambantota,Southern,2023-06-22,6.2453,81.23522,6.25082,81.24631,Manual Map Pin,1368.5,18.1,Very Low,False
EVT21011,Village Perahera,U08807,Unawatuna Beach,Galle,Southern,2023-04-15,6.00149,80.2259,5.99898,80.22492,GPS Auto-Tag,298.9,68.8,Medium,True
EVT21012,Pop-up Local Festival,U13600,Ritigala Forest Monastery,Anuradhapura,North Central,2024-05-12,8.12397,80.66201,8.12461,80.66871,Manual Map Pin,739.7,39.7,Low,False
EVT21013,Full Moon Party,U01472,Trincomalee Whale Watching,Trincomalee,Eastern,2025-07-19,8.57229,81.23271,8.577,81.22755,Manual Map Pin,770.8,38.2,Low,False
EVT21014,Live Music Night,U14742,Kumana Bird Sanctuary,Ampara,Eastern,2023-06-10,6.55649,81.66882,6.55314,81.6528,Manual Map Pin,1804.9,10.5,Very Low,False
EVT21015,Food & Craft Fair,U00536,Arugam Bay Surfing,Ampara,Eastern,2023-05-19,6.83902,81.81701,6.83823,81.81792,GPS Auto-Tag,132.1,84.8,Medium,True
EVT21016,Corporate Retreat Event,U17250,Madu Ganga Mangrove Boat Tour,Galle,Southern,2023-04-05,6.26283,80.04549,6.27885,80.04606,Manual Map Pin,1779.1,10.8,Very Low,False
EVT21017,Pop-up Local Festival,U05993,Udawalawe Elephant Transit Home,Ratnapura,Sabaragamuwa,2024-05-14,6.42125,80.87869,6.41885,80.87865,GPS Auto-Tag,265.7,71.7,Medium,True
EVT21018,Corporate Retreat Event,U16996,Dowa Rock Temple,Badulla,Uva,2023-07-22,6.88813,81.04265,6.85487,81.11648,Typed Address,8934.3,0.0,Very Low,False
EVT21019,Pop-up Local Festival,U05982,Kumana National Park Birding & Safari,Ampara,Eastern,2024-01-03,6.5724,81.66823,6.57085,81.66673,GPS Auto-Tag,239.1,74.2,Medium,True
EVT21020,Full Moon Party,U16361,Arugam Bay Surfing,Ampara,Eastern,2025-05-16,6.84364,81.8382,6.81563,81.867,Typed Address,4443.2,0.4,Very Low,False
EVT21021,Temple/Kovil Special Pooja,U14360,Sinhala & Tamil New Year Village Games,Anuradhapura,North Central,2025-02-26,8.32555,80.39693,8.34687,80.38689,Manual Map Pin,2610.2,3.8,Very Low,False
EVT21022,Community New Year Carnival,U05559,Horton Plains & World's End Hike,Nuwara Eliya,Central,2025-04-07,6.80688,80.77072,6.80771,80.77049,GPS Auto-Tag,95.4,88.8,High,True
EVT21023,Village Perahera,U06510,Arugam Bay Surfing,Ampara,Eastern,2024-11-23,6.8369,81.8321,6.78094,81.72044,Typed Address,13784.2,0.0,Very Low,False
EVT21024,Private Wedding,U02076,Delft Wild Pony Eco Tour,Jaffna,Northern,2025-01-25,9.5319,79.65857,9.5314,79.65939,GPS Auto-Tag,105.4,87.7,High,True
EVT21025,Pop-up Local Festival,U14335,Udawalawe Elephant Transit Home,Ratnapura,Sabaragamuwa,2024-04-11,6.42939,80.88885,6.42985,80.88925,GPS Auto-Tag,67.6,91.9,High,True
EVT21026,Corporate Retreat Event,U12074,Deepavali Festival (Colombo Kovils),Colombo,Western,2025-01-12,6.8696,79.84325,6.86399,79.82627,Manual Map Pin,1972.8,8.5,Very Low,False
EVT21027,Live Music Night,U10761,Aluvihare Rock Monastery,Matale,Central,2024-06-22,7.48666,80.61653,7.48669,80.61437,GPS Auto-Tag,236.7,74.4,Medium,True
EVT21028,Full Moon Party,U09890,Madunagala Hot Springs,Hambantota,Southern,2023-11-28,6.234,81.24347,6.23407,81.24504,GPS Auto-Tag,172.8,80.6,Medium,True
EVT21029,Temple/Kovil Special Pooja,U12128,Mirissa Whale Watching & Beach,Matara,Southern,2025-02-15,5.92415,80.4483,5.91084,80.44095,Manual Map Pin,1686.3,12.1,Very Low,False
EVT21030,Pop-up Local Festival,U17854,Dowa Rock Temple,Badulla,Uva,2024-05-19,6.88959,81.06627,6.91915,81.11037,Typed Address,5864.0,0.1,Very Low,False
EVT21031,Temple/Kovil Special Pooja,U13324,Bundala Wetland Birdwatching,Hambantota,Southern,2025-08-27,6.19073,81.22054,6.19163,81.219,GPS Auto-Tag,197.3,78.1,Medium,True
EVT21032,Food & Craft Fair,U11775,Hakgala Botanical Garden,Nuwara Eliya,Central,2025-09-23,6.93168,80.79045,6.93356,80.79067,GPS Auto-Tag,209.8,76.9,Medium,True
EVT21033,Private Wedding,U02651,Vidattaltivu Lagoon,Mannar,Northern,2024-07-22,8.93237,80.03669,8.93199,80.03641,GPS Auto-Tag,52.2,93.7,High,True
EVT21034,Corporate Retreat Event,U12618,Kalpitiya Kite Surfing,Puttalam,North Western,2023-10-25,8.22736,79.7562,8.18413,79.72171,Typed Address,6113.7,0.0,Very Low,False
EVT21035,Village Perahera,U06867,Nuwara Eliya April Season,Nuwara Eliya,Central,2025-07-17,6.95577,80.78898,6.95588,80.78791,GPS Auto-Tag,118.6,86.2,High,True
EVT21036,Pop-up Local Festival,U12592,Bundala Wetland Birdwatching,Hambantota,Southern,2023-12-14,6.20487,81.23819,6.21194,81.24044,Manual Map Pin,823.3,35.7,Low,False
EVT21037,Pop-up Local Festival,U13435,Kosgoda Turtle Hatchery,Galle,Southern,2025-11-01,6.0715,80.02381,6.05078,80.01882,Manual Map Pin,2365.2,5.2,Very Low,False
EVT21038,Live Music Night,U16649,Trincomalee Whale Watching,Trincomalee,Eastern,2024-02-12,8.58264,81.22754,8.58508,81.22408,GPS Auto-Tag,466.1,55.8,Low,False
EVT21039,Corporate Retreat Event,U00924,Sinharaja Forest Reserve Nature Walk,Ratnapura/Galle,Sabaragamuwa,2025-01-29,6.39357,80.50982,6.39388,80.50952,GPS Auto-Tag,47.7,94.2,High,True
EVT21040,Pop-up Local Festival,U10679,Sinharaja Rainforest Trekking,Ratnapura/Galle,Sabaragamuwa,2025-04-22,6.40919,80.51164,6.39516,80.51209,Typed Address,1558.1,14.3,Very Low,False
EVT21041,Private Wedding,U06662,Thalangama Wetland Birdwatching,Colombo,Western,2025-03-11,6.87566,79.91741,6.87504,79.91506,GPS Auto-Tag,267.7,71.6,Medium,True
EVT21042,Beach Party,U12341,Kumana Bird Sanctuary,Ampara,Eastern,2023-07-25,6.57414,81.66161,6.58092,81.65575,Manual Map Pin,992.4,28.9,Very Low,False
EVT21043,Food & Craft Fair,U03145,Bambarakanda Falls,Badulla,Uva,2025-03-15,6.78004,80.80233,6.78003,80.81746,Manual Map Pin,1667.3,12.4,Very Low,False
EVT21044,Temple/Kovil Special Pooja,U17017,Rathnapura Gem Mining Tour,Ratnapura,Sabaragamuwa,2023-07-14,6.67194,80.38408,6.73546,80.32279,Typed Address,9766.6,0.0,Very Low,False
EVT21045,Temple/Kovil Special Pooja,U03466,Wasgamuwa National Park Safari,Matale/Polonnaruwa,Central,2023-05-12,7.77733,80.93566,7.77987,80.94851,Manual Map Pin,1440.4,16.5,Very Low,False
EVT21046,Food & Craft Fair,U00286,Kanneliya Rainforest Reserve,Galle,Southern,2023-03-27,6.23398,80.33358,6.22101,80.35098,Manual Map Pin,2400.8,5.0,Very Low,False
EVT21047,Full Moon Party,U10978,Haputale Viewpoint & Tea Estates,Badulla,Uva,2023-01-18,6.76795,80.95192,6.77159,80.95252,GPS Auto-Tag,409.8,59.9,Low,False
EVT21048,Pop-up Local Festival,U05666,Pigeon Island Snorkeling,Trincomalee,Eastern,2025-03-25,8.71745,81.18287,8.71817,81.18462,GPS Auto-Tag,207.6,77.1,Medium,True
EVT21049,Food & Craft Fair,U14875,Panama-Kudumbigala Eco Reserve,Ampara,Eastern,2023-04-20,6.88066,81.7716,6.88216,81.77057,GPS Auto-Tag,201.2,77.8,Medium,True
EVT21050,Community New Year Carnival,U00079,Belihuloya River Adventures,Ratnapura,Sabaragamuwa,2024-01-20,6.70513,80.82841,6.69864,80.83118,Manual Map Pin,782.5,37.6,Low,False
EVT21051,Beach Party,U04669,Mulkirigala Rock Monastery,Hambantota,Southern,2025-12-24,6.17714,80.87848,6.17668,80.87874,GPS Auto-Tag,58.4,93.0,High,True
EVT21052,Pop-up Local Festival,U16149,Nuwara Eliya Gregory Lake Boating,Nuwara Eliya,Central,2023-02-03,6.93731,80.79162,6.9497,80.79783,Manual Map Pin,1536.4,14.7,Very Low,False
EVT21053,Private Wedding,U09799,Tangalle Beach Escape,Hambantota,Southern,2024-12-07,6.01313,80.78986,6.01355,80.79034,GPS Auto-Tag,70.7,91.5,High,True
EVT21054,Live Music Night,U14392,Thalangama Wetland Birdwatching,Colombo,Western,2025-11-07,6.88692,79.92527,6.88467,79.92248,GPS Auto-Tag,396.3,60.9,Medium,True
EVT21055,Live Music Night,U05339,Rekawa Turtle Conservation,Hambantota,Southern,2025-01-29,6.05809,80.85428,6.02688,80.85198,Typed Address,3473.2,1.3,Very Low,False
EVT21056,Live Music Night,U09156,Vidattaltivu Lagoon,Mannar,Northern,2023-11-27,8.96496,80.02505,8.99963,80.04123,Typed Address,4238.0,0.5,Very Low,False
EVT21057,Corporate Retreat Event,U00431,Colombo Galle Face & City Tour,Colombo,Western,2024-11-18,6.92892,79.87035,6.97003,79.92355,Typed Address,7429.0,0.0,Very Low,False
EVT21058,Corporate Retreat Event,U15681,Arugam Bay Surfing,Ampara,Eastern,2023-12-22,6.83011,81.82767,6.82313,81.8213,Manual Map Pin,1045.1,27.1,Very Low,False
EVT21059,Community New Year Carnival,U07169,Kitulgala White Water Rafting,Kegalle,Sabaragamuwa,2025-11-11,6.97569,80.42386,7.00876,80.38268,Typed Address,5835.8,0.1,Very Low,False
EVT21060,Temple/Kovil Special Pooja,U10423,Yapahuwa Rock Fortress,Kurunegala,North Western,2025-12-26,7.83941,80.20371,7.83778,80.21347,Manual Map Pin,1088.7,25.6,Very Low,False
EVT21061,Village Perahera,U16443,Ambalangoda Mask Museum,Galle,Southern,2025-12-19,6.23311,80.07303,6.23305,80.07248,GPS Auto-Tag,60.9,92.7,High,True
EVT21062,Food & Craft Fair,U14208,Wadduwa Beach Escape,Kalutara,Western,2024-08-29,6.66018,79.92009,6.70032,79.89648,Typed Address,5159.9,0.2,Very Low,False
EVT21063,Corporate Retreat Event,U06219,Hiriwadunna Village,Anuradhapura,North Central,2023-11-17,7.98594,80.76037,7.98373,80.76146,GPS Auto-Tag,273.2,71.1,Medium,True
EVT21064,Beach Party,U07011,Bogoda Wooden Bridge,Badulla,Uva,2025-01-25,6.97431,81.02431,6.975,81.02537,GPS Auto-Tag,139.6,84.0,Medium,True
EVT21065,Food & Craft Fair,U05500,Adam's Peak (Sri Pada) Climb,Ratnapura,Sabaragamuwa,2025-04-15,6.81777,80.49734,6.82023,80.47989,Manual Map Pin,1942.3,8.8,Very Low,False
EVT21066,Live Music Night,U03095,Deepavali Festival (Colombo Kovils),Colombo,Western,2024-09-15,6.87691,79.85684,6.87312,79.85633,GPS Auto-Tag,424.4,58.8,Low,False
EVT21067,Full Moon Party,U12795,Sinhala & Tamil New Year Village Games,Anuradhapura,North Central,2024-03-11,8.3209,80.39563,8.31982,80.39421,GPS Auto-Tag,197.4,78.1,Medium,True
EVT21068,Community New Year Carnival,U11817,Peak Wilderness Sanctuary Trek,Ratnapura,Sabaragamuwa,2024-04-13,6.80886,80.49889,6.80728,80.49887,GPS Auto-Tag,175.9,80.3,Medium,True
EVT21069,Village Perahera,U05495,Ritigala Forest Monastery,Anuradhapura,North Central,2024-03-11,8.13759,80.64315,8.13655,80.64431,GPS Auto-Tag,172.2,80.6,Medium,True
EVT21070,Corporate Retreat Event,U15577,Kandy Esala Perahera,Kandy,Central,2023-12-11,7.29349,80.62251,7.2929,80.62089,GPS Auto-Tag,189.9,78.9,Medium,True
EVT21071,Live Music Night,U02192,Kalametiya Bird Sanctuary,Hambantota,Southern,2025-05-31,6.04885,80.95123,6.05005,80.95237,GPS Auto-Tag,183.8,79.5,Medium,True
EVT21072,Temple/Kovil Special Pooja,U15649,St. Clair's & Devon Falls Viewpoint,Nuwara Eliya,Central,2023-06-17,7.03645,80.67356,7.03428,80.67329,GPS Auto-Tag,243.0,73.8,Medium,True
EVT21073,Village Perahera,U13471,Sinharaja Forest Reserve Nature Walk,Ratnapura/Galle,Sabaragamuwa,2024-08-19,6.39543,80.49984,6.40834,80.4978,Manual Map Pin,1451.4,16.3,Very Low,False
EVT21074,Beach Party,U10026,Colombo Galle Face & City Tour,Colombo,Western,2024-11-07,6.91565,79.861,6.90649,79.85676,Manual Map Pin,1119.2,24.7,Very Low,False
EVT21075,Village Perahera,U14488,Kalpitiya Kite Surfing,Puttalam,North Western,2025-11-22,8.22532,79.75619,8.22581,79.75576,GPS Auto-Tag,71.9,91.4,High,True
EVT21076,Community New Year Carnival,U13818,"Christmas Celebrations, Negombo",Gampaha,Western,2023-11-21,7.22364,79.84801,7.22999,79.86407,Typed Address,1904.2,9.3,Very Low,False
EVT21077,Community New Year Carnival,U14709,Nainativu & Nagadeepa,Jaffna,Northern,2024-02-25,9.59881,79.75703,9.60071,79.75785,GPS Auto-Tag,228.9,75.1,Medium,True
EVT21078,Community New Year Carnival,U12278,Kumana Bird Sanctuary,Ampara,Eastern,2025-09-19,6.57161,81.66177,6.57296,81.5922,Typed Address,7672.1,0.0,Very Low,False
EVT21079,Private Wedding,U15139,Riverston (Mini World's End),Matale,Central,2024-10-12,7.45782,80.74834,7.46927,80.75107,Manual Map Pin,1306.2,19.5,Very Low,False
EVT21080,Beach Party,U03895,Aluvihare Rock Monastery,Matale,Central,2024-10-15,7.48266,80.60885,7.48174,80.60971,GPS Auto-Tag,138.5,84.1,Medium,True
EVT21081,Food & Craft Fair,U12132,Haputale Viewpoint & Tea Estates,Badulla,Uva,2024-02-26,6.77575,80.94274,6.77629,80.9458,GPS Auto-Tag,342.6,65.2,Medium,True
EVT21082,Village Perahera,U02400,Sinharaja Rainforest Trekking,Ratnapura/Galle,Sabaragamuwa,2025-04-20,6.40776,80.49324,6.40914,80.49233,GPS Auto-Tag,183.6,79.5,Medium,True
EVT21083,Beach Party,U04674,Meemure Village,Kandy,Central,2024-04-12,7.44688,80.79834,7.44633,80.79588,GPS Auto-Tag,276.7,70.8,Medium,True
EVT21084,Corporate Retreat Event,U13900,Sinharaja Rainforest Trekking,Ratnapura/Galle,Sabaragamuwa,2023-07-25,6.38137,80.4776,6.3937,80.46899,Manual Map Pin,1665.8,12.5,Very Low,False
EVT21085,Food & Craft Fair,U07410,Mulkirigala Rock Monastery,Hambantota,Southern,2024-10-09,6.15758,80.88533,6.16942,80.9131,Typed Address,3334.6,1.5,Very Low,False
EVT21086,Pop-up Local Festival,U10641,Meemure Village,Kandy,Central,2025-04-08,7.47268,80.79105,7.47305,80.7893,GPS Auto-Tag,197.8,78.1,Medium,True
EVT21087,Beach Party,U01525,Ella Rock & Little Adam's Peak Hike,Badulla,Uva,2023-06-23,6.85793,81.05308,6.85665,81.05216,GPS Auto-Tag,175.6,80.3,Medium,True
EVT21088,Live Music Night,U01365,Dowa Rock Temple,Badulla,Uva,2025-07-29,6.88035,81.04234,6.88048,81.04158,GPS Auto-Tag,84.7,90.0,High,True
EVT21089,Beach Party,U03467,Muhudu Maha Vihara,Hambantota,Southern,2023-11-13,6.33735,81.45377,6.31789,81.45911,Manual Map Pin,2239.6,6.1,Very Low,False
EVT21090,Village Perahera,U17336,Hurulu Eco Park,Polonnaruwa,North Central,2023-01-04,8.15386,80.87209,8.14614,80.8425,Typed Address,3362.3,1.5,Very Low,False
EVT21091,Live Music Night,U01117,Kalpitiya Kite Surfing,Puttalam,North Western,2024-11-04,8.24297,79.77059,8.23987,79.75984,Manual Map Pin,1230.7,21.5,Very Low,False
EVT21092,Corporate Retreat Event,U02485,Minneriya Elephant Gathering,Polonnaruwa,North Central,2024-10-26,8.02691,80.90395,8.02716,80.90178,GPS Auto-Tag,240.1,74.1,Medium,True
EVT21093,Food & Craft Fair,U03024,Nuwara Eliya Gregory Lake Boating,Nuwara Eliya,Central,2025-09-15,6.94594,80.8036,6.94491,80.8027,GPS Auto-Tag,151.5,82.7,Medium,True
EVT21094,Full Moon Party,U00613,Kalametiya Bird Sanctuary,Hambantota,Southern,2023-08-10,6.06908,80.92733,6.07384,80.92979,GPS Auto-Tag,594.0,47.6,Low,False
EVT21095,Beach Party,U01217,Kalametiya Bird Sanctuary,Hambantota,Southern,2024-12-28,6.05454,80.93147,6.06349,80.92423,Typed Address,1275.9,20.3,Very Low,False
EVT21096,Full Moon Party,U07158,Rekawa Turtle Conservation,Hambantota,Southern,2025-05-09,6.05083,80.86234,6.05119,80.86425,GPS Auto-Tag,214.4,76.5,Medium,True
EVT21097,Food & Craft Fair,U07077,Hiriwadunna Village,Anuradhapura,North Central,2024-01-31,7.98007,80.75653,7.99781,80.78708,Typed Address,3893.2,0.8,Very Low,False
EVT21098,Full Moon Party,U08727,Delft Island,Jaffna,Northern,2025-08-06,9.54456,79.6604,9.54144,79.66024,GPS Auto-Tag,347.4,64.8,Medium,True
EVT21099,Village Perahera,U14649,Nuwara Eliya April Season,Nuwara Eliya,Central,2024-07-22,6.96133,80.78348,6.96118,80.78052,GPS Auto-Tag,326.9,66.5,Medium,True
EVT21100,Village Perahera,U11115,Belihuloya River Adventures,Ratnapura,Sabaragamuwa,2025-07-27,6.66648,80.8272,6.66464,80.82643,GPS Auto-Tag,221.1,75.9,Medium,True
EVT21101,Pop-up Local Festival,U11650,Ravana Caves & Ella Wala Pool,Badulla,Uva,2024-09-12,6.85568,81.03966,6.85461,81.04273,GPS Auto-Tag,357.6,64.0,Medium,True
EVT21102,Private Wedding,U14201,Diyaluma Infinity Pools,Badulla,Uva,2025-09-27,6.72776,81.04517,6.72628,81.04646,Manual Map Pin,216.9,76.3,Medium,True
EVT21103,Pop-up Local Festival,U03939,Nainativu & Nagadeepa,Jaffna,Northern,2024-05-01,9.58547,79.75917,9.5852,79.75728,GPS Auto-Tag,209.8,76.9,Medium,True
EVT21104,Beach Party,U01698,Trincomalee Whale Watching,Trincomalee,Eastern,2025-07-22,8.54668,81.22809,8.54586,81.22956,GPS Auto-Tag,185.7,79.3,Medium,True
EVT21105,Beach Party,U08866,Muhudu Maha Vihara,Hambantota,Southern,2025-07-30,6.33611,81.45976,6.37576,81.45528,Typed Address,4429.1,0.4,Very Low,False
EVT21106,Corporate Retreat Event,U04574,Bopath Ella Falls Trek,Ratnapura,Sabaragamuwa,2024-05-23,6.73284,80.3757,6.72668,80.30793,Typed Address,7501.3,0.0,Very Low,False
EVT21107,Full Moon Party,U10305,Arugam Bay Surfing,Ampara,Eastern,2024-07-08,6.85136,81.82891,6.84083,81.82571,Manual Map Pin,1220.5,21.7,Very Low,False
EVT21108,Village Perahera,U13271,Sinharaja Forest Reserve Nature Walk,Ratnapura/Galle,Sabaragamuwa,2024-01-16,6.39677,80.49376,6.39534,80.49502,GPS Auto-Tag,209.8,76.9,Medium,True
EVT21109,Pop-up Local Festival,U00508,Diyaluma Infinity Pools,Badulla,Uva,2025-01-27,6.73978,81.02062,6.74051,81.02036,GPS Auto-Tag,86.4,89.8,High,True
EVT21110,Private Wedding,U10144,Meemure Village,Kandy,Central,2024-12-06,7.46243,80.80865,7.46339,80.80794,GPS Auto-Tag,131.8,84.8,Medium,True
EVT21111,Full Moon Party,U08015,Knuckles Mountain Range Trekking,Kandy/Matale,Central,2024-08-02,7.46267,80.77204,7.46246,80.77331,GPS Auto-Tag,141.7,83.8,Medium,True
EVT21112,Temple/Kovil Special Pooja,U05006,Bogoda Wooden Bridge,Badulla,Uva,2023-08-27,6.95754,81.02137,6.95754,81.01759,GPS Auto-Tag,416.7,59.4,Low,False
EVT21113,Corporate Retreat Event,U11326,Meemure Village,Kandy,Central,2025-09-09,7.4582,80.79754,7.45743,80.79808,GPS Auto-Tag,104.3,87.8,High,True
EVT21114,Village Perahera,U06863,Haputale Viewpoint & Tea Estates,Badulla,Uva,2024-03-15,6.75179,80.95533,6.75411,80.95174,GPS Auto-Tag,471.4,55.5,Low,False
EVT21115,Corporate Retreat Event,U05299,Hiriwadunna Village,Anuradhapura,North Central,2025-07-25,7.98952,80.75613,7.99201,80.7534,GPS Auto-Tag,408.4,60.0,Medium,True
EVT21116,Temple/Kovil Special Pooja,U07166,Kumana National Park Birding & Safari,Ampara,Eastern,2024-03-12,6.54438,81.66938,6.47905,81.63688,Typed Address,8089.4,0.0,Very Low,False
EVT21117,Food & Craft Fair,U05616,Kosgoda Turtle Hatchery,Galle,Southern,2024-12-20,6.07525,80.02128,6.07419,80.02154,GPS Auto-Tag,121.5,85.9,High,True
EVT21118,Corporate Retreat Event,U03678,Kandy Lake Evening Walk,Kandy,Central,2024-04-16,7.2909,80.63842,7.28953,80.64183,GPS Auto-Tag,405.0,60.3,Medium,True
EVT21119,Private Wedding,U01682,Peak Wilderness Sanctuary Trek,Ratnapura,Sabaragamuwa,2023-10-11,6.806,80.4902,6.80702,80.48902,GPS Auto-Tag,172.6,80.6,Medium,True
EVT21120,Full Moon Party,U11708,Yapahuwa Rock Fortress,Kurunegala,North Western,2023-08-17,7.84628,80.20223,7.84817,80.20103,GPS Auto-Tag,247.7,73.4,Medium,True
EVT21121,Beach Party,U11417,Mannar Bird Migration Watching,Mannar,Northern,2024-09-27,8.99611,79.89623,8.9973,79.89461,GPS Auto-Tag,221.0,75.9,Medium,True
EVT21122,Live Music Night,U10484,Nuwara Eliya Tea Factory Tour,Nuwara Eliya,Central,2025-02-08,6.9616,80.75647,6.95995,80.75817,GPS Auto-Tag,262.0,72.1,Medium,True
EVT21123,Village Perahera,U03406,Hiriwadunna Village,Anuradhapura,North Central,2023-10-14,7.96179,80.77239,7.96428,80.77257,GPS Auto-Tag,276.8,70.8,Medium,True
EVT21124,Village Perahera,U17126,Thalangama Wetland Birdwatching,Colombo,Western,2025-06-14,6.8925,79.9398,6.89139,79.94089,GPS Auto-Tag,171.7,80.7,Medium,True
EVT21125,Community New Year Carnival,U09363,Victoria Park Nuwara Eliya,Nuwara Eliya,Central,2025-08-23,6.97361,80.74501,6.97497,80.74748,GPS Auto-Tag,310.7,67.8,Medium,True
EVT21126,Food & Craft Fair,U11099,Anuradhapura Cycling Tour,Anuradhapura,North Central,2023-10-13,8.28982,80.40847,8.28917,80.40563,GPS Auto-Tag,319.8,67.0,Medium,True
EVT21127,Corporate Retreat Event,U15513,Kitulgala White Water Rafting,Kegalle,Sabaragamuwa,2024-11-06,6.98727,80.42136,6.98858,80.42321,GPS Auto-Tag,250.4,73.1,Medium,True
EVT21128,Village Perahera,U05611,St. Clair's & Devon Falls Viewpoint,Nuwara Eliya,Central,2025-10-03,7.0301,80.66568,7.03238,80.66527,GPS Auto-Tag,256.8,72.5,Medium,True
EVT21129,Live Music Night,U08768,Panama Village,Ampara,Eastern,2025-05-18,6.93678,81.77707,6.96391,81.80343,Typed Address,4183.3,0.5,Very Low,False
EVT21130,Live Music Night,U13375,Nainativu & Nagadeepa,Jaffna,Northern,2025-12-14,9.59229,79.78213,9.59173,79.78095,GPS Auto-Tag,143.1,83.6,Medium,True
EVT21131,Full Moon Party,U13121,Vesak Festival (Colombo & Island-wide),Colombo,Western,2025-08-29,6.91357,79.84308,6.91377,79.84358,GPS Auto-Tag,59.5,92.8,High,True
EVT21132,Temple/Kovil Special Pooja,U05366,Meemure Village,Kandy,Central,2024-02-26,7.46367,80.79226,7.45931,80.79162,Manual Map Pin,488.8,54.3,Low,False
EVT21133,Pop-up Local Festival,U04186,Belihuloya River Adventures,Ratnapura,Sabaragamuwa,2024-09-19,6.68359,80.84243,6.68078,80.84992,Manual Map Pin,883.0,33.2,Low,False
EVT21134,Pop-up Local Festival,U01183,Induruwa Turtle Conservation,Galle,Southern,2024-01-18,6.05826,80.03961,6.05906,80.04087,GPS Auto-Tag,164.9,81.4,Medium,True
EVT21135,Live Music Night,U01458,Kitulgala White Water Rafting,Kegalle,Sabaragamuwa,2023-09-10,6.985,80.41444,6.98503,80.41453,GPS Auto-Tag,10.6,98.7,High,True
EVT21136,Food & Craft Fair,U11492,Knuckles Mountain Range Trekking,Kandy/Matale,Central,2025-08-12,7.45868,80.77622,7.45698,80.7742,GPS Auto-Tag,291.4,69.5,Medium,True
EVT21137,Beach Party,U10687,Rathnapura Gem Mining Tour,Ratnapura,Sabaragamuwa,2025-11-02,6.68413,80.39938,6.65571,80.38848,Manual Map Pin,3375.9,1.5,Very Low,False
EVT21138,Full Moon Party,U03756,Panama-Kudumbigala Eco Reserve,Ampara,Eastern,2024-11-20,6.908,81.78825,6.90756,81.78723,GPS Auto-Tag,122.6,85.8,High,True
EVT21139,Village Perahera,U04824,Ravana Caves & Ella Wala Pool,Badulla,Uva,2023-09-13,6.86793,81.0488,6.81578,81.07367,Typed Address,6404.5,0.0,Very Low,False
EVT21140,Temple/Kovil Special Pooja,U05377,Ritigala Forest Monastery,Anuradhapura,North Central,2023-07-27,8.10764,80.63794,8.1301,80.66358,Typed Address,3761.7,0.9,Very Low,False
EVT21141,Pop-up Local Festival,U12522,Bentota River Safari & Beach,Galle,Southern,2025-09-22,6.41675,79.99097,6.41694,79.98865,GPS Auto-Tag,256.9,72.5,Medium,True
EVT21142,Temple/Kovil Special Pooja,U10777,Wadduwa Beach Escape,Kalutara,Western,2024-06-25,6.65809,79.91265,6.65753,79.91306,GPS Auto-Tag,77.3,90.8,High,True
EVT21143,Corporate Retreat Event,U10563,Ravana Caves & Ella Wala Pool,Badulla,Uva,2025-06-25,6.84674,81.03474,6.84426,81.03257,GPS Auto-Tag,365.6,63.3,Medium,True
EVT21144,Private Wedding,U14107,Wasgamuwa National Park Safari,Matale/Polonnaruwa,Central,2023-06-15,7.78882,80.93525,7.76911,80.94069,Typed Address,2267.8,5.9,Very Low,False
EVT21145,Pop-up Local Festival,U13571,Bopath Ella Falls Trek,Ratnapura,Sabaragamuwa,2024-12-17,6.73658,80.35888,6.73627,80.35857,GPS Auto-Tag,48.8,94.1,High,True
EVT21146,Pop-up Local Festival,U08777,Madu Ganga Mangrove Boat Tour,Galle,Southern,2024-08-11,6.26086,80.04489,6.26328,79.97491,Typed Address,7726.5,0.0,Very Low,False
EVT21147,Corporate Retreat Event,U00947,Nilaveli Beach,Trincomalee,Eastern,2025-05-28,8.71828,81.17234,8.71693,81.16936,GPS Auto-Tag,359.8,63.8,Medium,True
EVT21148,Corporate Retreat Event,U03975,Udawalawe National Park Safari,Ratnapura/Moneragala,Sabaragamuwa,2024-01-13,6.46069,80.8855,6.46037,80.88869,GPS Auto-Tag,353.3,64.3,Medium,True
EVT21149,Corporate Retreat Event,U01624,Kataragama Esala Perahera,Monaragala,Uva,2023-01-09,6.41089,81.34462,6.40939,81.34631,GPS Auto-Tag,250.3,73.1,Medium,True
EVT21150,Temple/Kovil Special Pooja,U12419,Anuradhapura Cycling Tour,Anuradhapura,North Central,2025-07-07,8.30737,80.39454,8.30598,80.3931,GPS Auto-Tag,220.6,75.9,Medium,True
EVT21151,Community New Year Carnival,U09218,Kochchikade St. Anthony's Feast,Colombo,Western,2025-02-05,6.93047,79.85179,6.99442,79.77027,Typed Address,11448.3,0.0,Very Low,False
EVT21152,Beach Party,U12071,Arugam Bay Surfing,Ampara,Eastern,2025-10-23,6.84382,81.84028,6.84286,81.84068,Manual Map Pin,114.6,86.7,High,True
EVT21153,Full Moon Party,U00326,Bellanwila-Attidiya Sanctuary,Colombo,Western,2025-06-15,6.84707,79.88277,6.84698,79.88271,GPS Auto-Tag,12.5,98.4,High,True
EVT21154,Temple/Kovil Special Pooja,U00402,Pasikuda Beach,Batticaloa,Eastern,2025-08-22,7.93519,81.55651,7.93348,81.55785,GPS Auto-Tag,239.5,74.1,Medium,True
EVT21155,Beach Party,U04526,Laxapana Falls Trek,Nuwara Eliya,Central,2024-07-31,6.92388,80.49731,6.94106,80.49612,Manual Map Pin,1911.6,9.2,Very Low,False
EVT21156,Temple/Kovil Special Pooja,U03022,Bundala Wetland Birdwatching,Hambantota,Southern,2025-05-18,6.18066,81.20632,6.1841,81.20252,Manual Map Pin,567.6,49.2,Low,False
EVT21157,Community New Year Carnival,U14437,Gal Oya Kudugala Village Eco Trek,Ampara,Eastern,2025-09-07,7.15846,81.44752,7.0755,81.47983,Typed Address,9871.4,0.0,Very Low,False
EVT21158,Beach Party,U12118,Bopath Ella Falls Trek,Ratnapura,Sabaragamuwa,2024-05-07,6.75419,80.36955,6.75469,80.37045,GPS Auto-Tag,113.4,86.8,High,True
EVT21159,Private Wedding,U15054,Anuradhapura Cycling Tour,Anuradhapura,North Central,2025-01-03,8.3011,80.40549,8.30586,80.39975,Manual Map Pin,822.2,35.8,Low,False
EVT21160,Community New Year Carnival,U12038,Yapahuwa Rock Fortress,Kurunegala,North Western,2024-07-14,7.82698,80.18579,7.82196,80.17681,Manual Map Pin,1133.7,24.2,Very Low,False
EVT21161,Corporate Retreat Event,U13546,Tangalle Beach Escape,Hambantota,Southern,2024-01-09,6.01034,80.77464,6.00995,80.77308,GPS Auto-Tag,177.4,80.1,Medium,True
EVT21162,Pop-up Local Festival,U08192,Kitulgala White Water Rafting,Kegalle,Sabaragamuwa,2025-06-03,6.99025,80.42446,6.99098,80.42542,Manual Map Pin,132.8,84.7,Medium,True
EVT21163,Village Perahera,U12733,Hikkaduwa Diving & Surfing,Galle,Southern,2025-09-08,6.14915,80.10685,6.1511,80.10309,Manual Map Pin,468.0,55.7,Low,False
EVT21164,Private Wedding,U12208,Nallur Festival (Nallur Kandaswamy Kovil),Jaffna,Northern,2024-12-23,9.66996,80.0319,9.66962,80.03435,GPS Auto-Tag,270.7,71.3,Medium,True
EVT21165,Village Perahera,U01733,Muhudu Maha Vihara,Hambantota,Southern,2023-08-28,6.34054,81.45804,6.30096,81.41251,Typed Address,6673.3,0.0,Very Low,False
EVT21166,Full Moon Party,U08706,Kalametiya Bird Sanctuary,Hambantota,Southern,2025-05-28,6.06009,80.93587,6.05919,80.93753,GPS Auto-Tag,208.9,77.0,Medium,True
EVT21167,Live Music Night,U07164,Peak Wilderness Sanctuary Trek,Ratnapura,Sabaragamuwa,2024-11-30,6.81997,80.49613,6.81859,80.4992,Manual Map Pin,371.5,62.9,Medium,True
EVT21168,Village Perahera,U15180,Riverston (Mini World's End),Matale,Central,2025-09-27,7.46245,80.74214,7.45407,80.74299,Manual Map Pin,935.5,31.1,Low,False
EVT21169,Community New Year Carnival,U13949,Gal Oya Boat Safari,Ampara,Eastern,2025-09-26,7.15781,81.45895,7.15955,81.46015,GPS Auto-Tag,233.8,74.7,Medium,True
EVT21170,Full Moon Party,U14450,Udawalawe Elephant Transit Home,Ratnapura,Sabaragamuwa,2023-03-19,6.42538,80.87433,6.37363,80.85819,Typed Address,6014.3,0.1,Very Low,False
EVT21171,Corporate Retreat Event,U13251,Nuwara Eliya April Season,Nuwara Eliya,Central,2025-06-13,6.94479,80.79616,6.88632,80.77994,Typed Address,6731.8,0.0,Very Low,False
EVT21172,Beach Party,U03183,Yapahuwa Rock Fortress,Kurunegala,North Western,2024-07-01,7.83256,80.20116,7.799,80.15603,Typed Address,6205.3,0.0,Very Low,False
EVT21173,Village Perahera,U14202,Kayts Island,Jaffna,Northern,2025-10-25,9.69445,79.97894,9.68032,79.9835,Manual Map Pin,1645.5,12.8,Very Low,False
EVT21174,Pop-up Local Festival,U02106,Sinhala & Tamil New Year Village Games,Anuradhapura,North Central,2024-12-31,8.29437,80.40504,8.29455,80.40515,GPS Auto-Tag,23.5,97.1,High,True
EVT21175,Beach Party,U09880,Anuradhapura Cycling Tour,Anuradhapura,North Central,2024-07-04,8.30512,80.40989,8.30402,80.40839,GPS Auto-Tag,204.7,77.4,Medium,True
EVT21176,Corporate Retreat Event,U03972,Victoria Park Nuwara Eliya,Nuwara Eliya,Central,2023-04-09,6.96912,80.76158,6.92525,80.77204,Typed Address,5003.7,0.2,Very Low,False
EVT21177,Community New Year Carnival,U02459,Panama Village,Ampara,Eastern,2025-05-19,6.92572,81.78683,6.93359,81.7687,Manual Map Pin,2180.2,6.6,Very Low,False
EVT21178,Village Perahera,U00599,Vesak Festival (Colombo & Island-wide),Colombo,Western,2024-03-24,6.92327,79.856,6.93771,79.85344,Manual Map Pin,1627.7,13.1,Very Low,False
EVT21179,Corporate Retreat Event,U08789,Vesak Festival (Colombo & Island-wide),Colombo,Western,2024-01-07,6.89778,79.87009,6.89151,79.86966,Manual Map Pin,697.5,41.8,Low,False
EVT21180,Private Wedding,U04879,Hikkaduwa Diving & Surfing,Galle,Southern,2024-06-09,6.14052,80.08643,6.09095,80.11965,Typed Address,6611.6,0.0,Very Low,False
EVT21181,Village Perahera,U16543,Rathnapura Gem Mining Tour,Ratnapura,Sabaragamuwa,2024-06-05,6.69576,80.41336,6.70519,80.42539,Manual Map Pin,1689.8,12.1,Very Low,False
EVT21182,Live Music Night,U10940,Delft Island,Jaffna,Northern,2024-04-07,9.51998,79.66795,9.51932,79.66852,GPS Auto-Tag,95.6,88.7,High,True
EVT21183,Beach Party,U12110,Ravana Falls Abseiling,Badulla,Uva,2023-12-12,6.87425,81.04993,6.87151,81.04917,GPS Auto-Tag,315.7,67.4,Medium,True
EVT21184,Community New Year Carnival,U09514,Anawilundawa Ramsar Wetland,Puttalam,North Western,2023-11-20,7.72348,79.80912,7.72446,79.81025,GPS Auto-Tag,165.0,81.4,Medium,True
EVT21185,Private Wedding,U14062,Kandy Esala Perahera,Kandy,Central,2023-03-12,7.30001,80.63324,7.31806,80.64694,Manual Map Pin,2507.7,4.4,Very Low,False
EVT21186,Beach Party,U14658,Hiriwadunna Village,Anuradhapura,North Central,2025-11-08,7.96932,80.75331,7.96962,80.75371,GPS Auto-Tag,55.8,93.3,High,True
EVT21187,Community New Year Carnival,U11245,Colombo Galle Face & City Tour,Colombo,Western,2025-08-04,6.92132,79.85964,6.89668,79.84789,Typed Address,3026.0,2.3,Very Low,False
EVT21188,Food & Craft Fair,U08858,Laxapana Falls Trek,Nuwara Eliya,Central,2025-04-19,6.93208,80.47994,6.978,80.47496,Typed Address,5125.7,0.2,Very Low,False
EVT21189,Community New Year Carnival,U11125,Lipton's Seat Viewpoint,Badulla,Uva,2024-02-19,6.81907,81.07085,6.81579,81.0709,GPS Auto-Tag,364.3,63.4,Medium,True
EVT21190,Corporate Retreat Event,U17741,Kandy Esala Perahera,Kandy,Central,2025-04-20,7.28769,80.63865,7.28265,80.67251,Typed Address,3769.0,0.9,Very Low,False
EVT21191,Corporate Retreat Event,U09655,Udawalawe Elephant Transit Home,Ratnapura,Sabaragamuwa,2024-07-25,6.4262,80.88656,6.42909,80.88576,GPS Auto-Tag,332.9,66.0,Medium,True
EVT21192,Temple/Kovil Special Pooja,U04897,Muthurajawela Marsh Boat Safari,Gampaha,Western,2024-07-28,7.06733,79.88093,7.0671,79.88229,GPS Auto-Tag,152.5,82.6,Medium,True
EVT21193,Food & Craft Fair,U13466,Dowa Rock Temple,Badulla,Uva,2024-09-09,6.87779,81.04525,6.87649,81.04621,GPS Auto-Tag,178.0,80.1,Medium,True
EVT21194,Live Music Night,U02190,Delft Wild Pony Eco Tour,Jaffna,Northern,2024-04-08,9.53584,79.65589,9.53368,79.65779,GPS Auto-Tag,316.4,67.3,Medium,True
EVT21195,Private Wedding,U08411,Mulkirigala Rock Monastery,Hambantota,Southern,2023-08-26,6.15712,80.88321,6.15696,80.88333,GPS Auto-Tag,23.0,97.2,High,True
EVT21196,Temple/Kovil Special Pooja,U03169,Bundala Wetland Birdwatching,Hambantota,Southern,2024-02-12,6.20646,81.20922,6.2064,81.20975,GPS Auto-Tag,59.5,92.8,High,True
EVT21197,Corporate Retreat Event,U00549,Dowa Rock Temple,Badulla,Uva,2024-02-10,6.88597,81.05904,6.86835,81.06171,Manual Map Pin,1977.9,8.4,Very Low,False
EVT21198,Beach Party,U02553,"Christmas Celebrations, Negombo",Gampaha,Western,2025-08-21,7.20909,79.82871,7.20943,79.82968,GPS Auto-Tag,113.1,86.8,High,True
EVT21199,Live Music Night,U00380,Wewurukannala & Buduruwagala Carvings,Badulla/Monaragala,Uva,2024-05-06,6.71957,81.16152,6.71705,81.15967,GPS Auto-Tag,346.3,64.9,Medium,True
EVT21200,Food & Craft Fair,U03946,Royal Botanical Garden Peradeniya,Kandy,Central,2023-06-22,7.28151,80.58721,7.26875,80.58826,Manual Map Pin,1420.9,16.9,Very Low,False
EVT21201,Food & Craft Fair,U06885,Nilaveli Beach,Trincomalee,Eastern,2024-09-01,8.71757,81.18657,8.76335,81.14881,Typed Address,6556.5,0.0,Very Low,False
EVT21202,Live Music Night,U00878,Udawalawe Elephant Transit Home,Ratnapura,Sabaragamuwa,2023-08-18,6.42558,80.88485,6.41817,80.88816,Manual Map Pin,899.5,32.5,Low,False
EVT21203,Pop-up Local Festival,U06709,Kandy Esala Perahera,Kandy,Central,2023-12-19,7.28769,80.62745,7.32493,80.5696,Typed Address,7592.4,0.0,Very Low,False
EVT21204,Private Wedding,U03297,Sinharaja Rainforest Trekking,Ratnapura/Galle,Sabaragamuwa,2023-08-06,6.386,80.49412,6.31082,80.45226,Typed Address,9536.5,0.0,Very Low,False
EVT21205,Live Music Night,U02131,Wilpattu National Park Safari,Puttalam,North Western,2023-03-26,8.44906,80.06083,8.45127,80.05964,GPS Auto-Tag,277.6,70.7,Medium,True
EVT21206,Temple/Kovil Special Pooja,U06892,Unawatuna Beach,Galle,Southern,2023-03-16,5.9975,80.24052,5.99897,80.24048,GPS Auto-Tag,163.8,81.5,Medium,True
EVT21207,Temple/Kovil Special Pooja,U03719,Wasgamuwa National Park Safari,Matale/Polonnaruwa,Central,2024-11-23,7.76594,80.93508,7.7686,80.93676,GPS Auto-Tag,348.1,64.7,Medium,True
EVT21208,Temple/Kovil Special Pooja,U03825,"Christmas Celebrations, Negombo",Gampaha,Western,2023-02-25,7.20899,79.8414,7.2094,79.84232,GPS Auto-Tag,111.4,87.0,High,True
EVT21209,Corporate Retreat Event,U04808,Ramboda Falls Visit,Nuwara Eliya,Central,2024-02-23,7.05113,80.70095,7.03948,80.7268,Typed Address,3127.3,2.0,Very Low,False
EVT21210,Corporate Retreat Event,U01075,Wilpattu National Park Safari,Puttalam,North Western,2025-12-01,8.43505,80.05333,8.43495,80.05822,Manual Map Pin,536.4,51.1,Low,False
EVT21211,Temple/Kovil Special Pooja,U11252,Induruwa Turtle Conservation,Galle,Southern,2025-08-11,6.03646,80.03503,5.99653,80.00181,Typed Address,5753.0,0.1,Very Low,False
EVT21212,Village Perahera,U16449,Panama Village,Ampara,Eastern,2024-07-17,6.94066,81.78487,6.93911,81.78494,GPS Auto-Tag,172.0,80.7,Medium,True
EVT21213,Corporate Retreat Event,U03617,Minneriya Elephant Gathering,Polonnaruwa,North Central,2023-02-16,8.02582,80.91113,8.03586,80.91531,Typed Address,1205.6,22.2,Very Low,False
EVT21214,Food & Craft Fair,U04608,Adam's Peak (Sri Pada) Climb,Ratnapura,Sabaragamuwa,2025-03-10,6.81687,80.48566,6.81813,80.48462,GPS Auto-Tag,180.7,79.8,Medium,True
EVT21215,Community New Year Carnival,U03739,Trincomalee Whale Watching,Trincomalee,Eastern,2025-02-18,8.56144,81.23524,8.53401,81.28606,Typed Address,6355.0,0.0,Very Low,False
EVT21216,Community New Year Carnival,U07032,Kandy Esala Perahera,Kandy,Central,2024-11-23,7.28618,80.63347,7.28454,80.62328,Manual Map Pin,1136.9,24.1,Very Low,False
EVT21217,Food & Craft Fair,U07199,Belihuloya River Adventures,Ratnapura,Sabaragamuwa,2023-03-01,6.70002,80.8493,6.68171,80.8448,Manual Map Pin,2092.4,7.3,Very Low,False
EVT21218,Full Moon Party,U07504,Delft Island,Jaffna,Northern,2023-03-13,9.54235,79.67623,9.52205,79.68399,Manual Map Pin,2408.2,4.9,Very Low,False
EVT21219,Food & Craft Fair,U14822,Muhudu Maha Vihara,Hambantota,Southern,2023-01-03,6.33058,81.47695,6.32964,81.47599,GPS Auto-Tag,148.4,83.1,Medium,True
EVT21220,Live Music Night,U04529,Wilpattu National Park Safari,Puttalam,North Western,2024-06-03,8.44798,80.0487,8.48868,80.11573,Typed Address,8635.2,0.0,Very Low,False
EVT21221,Live Music Night,U08729,Rekawa Turtle Conservation,Hambantota,Southern,2025-02-25,6.05408,80.85252,6.05442,80.85338,GPS Auto-Tag,101.8,88.1,High,True
EVT21222,Pop-up Local Festival,U06269,Meemure Village,Kandy,Central,2023-08-03,7.47421,80.79291,7.55707,80.72893,Typed Address,11583.5,0.0,Very Low,False
EVT21223,Food & Craft Fair,U01506,Vidattaltivu Lagoon,Mannar,Northern,2025-06-10,8.9576,80.03405,8.9781,80.04092,Manual Map Pin,2396.8,5.0,Very Low,False
EVT21224,Live Music Night,U06871,Galle Fort Walking Tour,Galle,Southern,2023-02-11,6.03475,80.22131,6.03535,80.22154,GPS Auto-Tag,71.7,91.4,High,True
EVT21225,Private Wedding,U13978,Madu Ganga Mangrove Boat Tour,Galle,Southern,2023-11-20,6.2581,80.05611,6.25828,80.10583,Typed Address,5486.1,0.1,Very Low,False
EVT21226,Pop-up Local Festival,U00684,Lipton's Seat Viewpoint,Badulla,Uva,2024-01-21,6.83535,81.05419,6.83531,81.05273,GPS Auto-Tag,161.6,81.7,Medium,True
EVT21227,Community New Year Carnival,U13824,Nuwara Eliya April Season,Nuwara Eliya,Central,2025-04-27,6.93021,80.78153,6.92735,80.77925,GPS Auto-Tag,404.7,60.3,Medium,True
EVT21228,Private Wedding,U07298,Kitulgala White Water Rafting,Kegalle,Sabaragamuwa,2024-12-16,6.98899,80.42844,7.01827,80.41678,Manual Map Pin,3494.8,1.3,Very Low,False
EVT21229,Temple/Kovil Special Pooja,U17583,Horton Plains & World's End Hike,Nuwara Eliya,Central,2025-06-20,6.81231,80.80172,6.8146,80.80248,GPS Auto-Tag,267.8,71.6,Medium,True
EVT21230,Community New Year Carnival,U00419,Nuwara Eliya Tea Factory Tour,Nuwara Eliya,Central,2024-06-23,6.95788,80.77439,6.98236,80.71582,Typed Address,7002.1,0.0,Very Low,False
EVT21231,Pop-up Local Festival,U13003,Muhudu Maha Vihara,Hambantota,Southern,2023-10-30,6.31473,81.45991,6.32312,81.47209,Manual Map Pin,1634.6,13.0,Very Low,False
EVT21232,Live Music Night,U09045,Udawalawe National Park Safari,Ratnapura/Moneragala,Sabaragamuwa,2023-07-27,6.46841,80.88388,6.46937,80.88208,Manual Map Pin,224.8,75.5,Medium,True
EVT21233,Village Perahera,U08934,Muhudu Maha Vihara,Hambantota,Southern,2025-03-31,6.32621,81.46666,6.3233,81.48476,Manual Map Pin,2022.8,8.0,Very Low,False
EVT21234,Temple/Kovil Special Pooja,U02876,Kalametiya Bird Sanctuary,Hambantota,Southern,2024-01-13,6.07209,80.92961,6.07261,80.92903,GPS Auto-Tag,85.6,89.9,High,True
EVT21235,Food & Craft Fair,U06980,Kayts Island,Jaffna,Northern,2025-06-12,9.68284,79.99487,9.68808,79.99711,Manual Map Pin,631.7,45.4,Low,False
EVT21236,Temple/Kovil Special Pooja,U14773,Kalametiya Bird Sanctuary,Hambantota,Southern,2025-10-15,6.06064,80.94453,6.05918,80.94447,GPS Auto-Tag,162.8,81.6,Medium,True
EVT21237,Private Wedding,U17517,Bentota River Safari & Beach,Galle,Southern,2025-06-10,6.43163,80.01089,6.43261,80.01176,GPS Auto-Tag,144.4,83.5,Medium,True
EVT21238,Private Wedding,U17569,Victoria Park Nuwara Eliya,Nuwara Eliya,Central,2023-02-24,6.98317,80.75703,6.99411,80.75171,Manual Map Pin,1347.7,18.6,Very Low,False
EVT21239,Corporate Retreat Event,U01715,Belihuloya River Adventures,Ratnapura,Sabaragamuwa,2023-06-16,6.67446,80.84028,6.67322,80.8494,Manual Map Pin,1014.9,28.1,Very Low,False
EVT21240,Private Wedding,U03635,Haputale Viewpoint & Tea Estates,Badulla,Uva,2025-10-26,6.77275,80.95596,6.73613,81.005,Typed Address,6763.5,0.0,Very Low,False
EVT21241,Village Perahera,U10028,Negombo Lagoon Boat Ride,Gampaha,Western,2024-10-10,7.2112,79.83591,7.21187,79.83978,Manual Map Pin,431.9,58.3,Low,False
EVT21242,Village Perahera,U11507,"Christmas Celebrations, Negombo",Gampaha,Western,2024-08-24,7.21896,79.84532,7.26523,79.84674,Typed Address,5138.7,0.2,Very Low,False
EVT21243,Live Music Night,U04820,Kumana Bird Sanctuary,Ampara,Eastern,2025-10-07,6.57446,81.67337,6.57981,81.66603,Manual Map Pin,1004.6,28.5,Very Low,False
EVT21244,Temple/Kovil Special Pooja,U11193,Thalangama Wetland Birdwatching,Colombo,Western,2025-07-12,6.88039,79.92621,6.88123,79.90315,Manual Map Pin,2542.4,4.2,Very Low,False
EVT21245,Temple/Kovil Special Pooja,U08046,Tangalle Beach Escape,Hambantota,Southern,2025-05-05,6.01571,80.79226,6.01949,80.79122,Manual Map Pin,435.5,58.0,Low,False
EVT21246,Corporate Retreat Event,U16712,Diyasaru Wetland Park,Colombo,Western,2025-12-20,6.89115,79.92306,6.89799,79.95149,Typed Address,3223.7,1.8,Very Low,False
EVT21247,Beach Party,U11807,Knuckles Mountain Range Trekking,Kandy/Matale,Central,2025-03-30,7.45917,80.78667,7.42531,80.84352,Typed Address,7298.9,0.0,Very Low,False
EVT21248,Full Moon Party,U06657,Kanneliya Rainforest Reserve,Galle,Southern,2024-04-19,6.24885,80.35298,6.24825,80.35348,GPS Auto-Tag,86.2,89.8,High,True
EVT21249,Corporate Retreat Event,U07888,Riverston (Mini World's End),Matale,Central,2024-06-09,7.47838,80.73484,7.47733,80.735,GPS Auto-Tag,118.4,86.2,High,True
EVT21250,Community New Year Carnival,U14908,Kumana Bird Sanctuary,Ampara,Eastern,2023-09-27,6.56506,81.65607,6.54701,81.65694,Manual Map Pin,2006.2,8.1,Very Low,False
EVT21251,Village Perahera,U14121,Wilpattu National Park Safari,Puttalam,North Western,2023-11-01,8.43925,80.05364,8.43572,80.05379,GPS Auto-Tag,391.9,61.3,Medium,True
EVT21252,Corporate Retreat Event,U10306,Horton Plains Cloud Forest Eco Walk,Nuwara Eliya,Central,2023-03-09,6.80683,80.81489,6.82937,80.81298,Typed Address,2511.7,4.3,Very Low,False
EVT21253,Beach Party,U15621,Tangalle Beach Escape,Hambantota,Southern,2023-04-01,6.0096,80.79965,6.01286,80.79653,Manual Map Pin,499.2,53.6,Low,False
EVT21254,Full Moon Party,U10973,Laxapana Falls Trek,Nuwara Eliya,Central,2024-01-07,6.92753,80.5118,6.93587,80.51413,Manual Map Pin,960.6,30.1,Low,False
EVT21255,Full Moon Party,U09294,Knuckles Mountain Range Trekking,Kandy/Matale,Central,2023-07-10,7.47114,80.77034,7.4701,80.76852,GPS Auto-Tag,231.4,74.9,Medium,True
EVT21256,Food & Craft Fair,U06559,Kanniya Hot Springs,Trincomalee,Eastern,2024-02-04,8.60665,81.1504,8.60751,81.15094,GPS Auto-Tag,111.8,87.0,High,True
EVT21257,Pop-up Local Festival,U05335,Gal Oya Kudugala Village Eco Trek,Ampara,Eastern,2023-05-14,7.17691,81.43912,7.17562,81.43659,GPS Auto-Tag,312.6,67.7,Medium,True
EVT21258,Live Music Night,U09448,Ambalangoda Mask Museum,Galle,Southern,2025-04-17,6.23788,80.06012,6.23614,80.06112,GPS Auto-Tag,222.6,75.7,Medium,True
EVT21259,Live Music Night,U03376,Kumana Bird Sanctuary,Ampara,Eastern,2023-12-12,6.57357,81.66762,6.57412,81.66865,GPS Auto-Tag,129.1,85.1,High,True
EVT21260,Live Music Night,U15199,Delft Island,Jaffna,Northern,2024-02-18,9.54325,79.67555,9.56447,79.62982,Typed Address,5532.4,0.1,Very Low,False
EVT21261,Full Moon Party,U07156,Beddagana Wetland Park,Colombo,Western,2023-08-09,6.89683,79.91039,6.91176,79.89306,Typed Address,2528.8,4.2,Very Low,False
EVT21262,Temple/Kovil Special Pooja,U06876,Aluvihare Rock Monastery,Matale,Central,2023-01-25,7.50059,80.61785,7.50078,80.61491,GPS Auto-Tag,324.4,66.7,Medium,True
EVT21263,Beach Party,U07681,Sinhala & Tamil New Year Village Games,Anuradhapura,North Central,2025-08-28,8.2923,80.40469,8.29825,80.39799,Manual Map Pin,988.7,29.1,Very Low,False
EVT21264,Full Moon Party,U05380,Ambalangoda Mask Museum,Galle,Southern,2023-05-13,6.23009,80.06507,6.23182,80.06646,GPS Auto-Tag,245.5,73.6,Medium,True
EVT21265,Pop-up Local Festival,U17507,Yala National Park Safari,Hambantota,Southern,2025-07-30,6.37053,81.52819,6.37284,81.52908,GPS Auto-Tag,274.1,71.0,Medium,True
EVT21266,Temple/Kovil Special Pooja,U09142,Gal Oya Kudugala Village Eco Trek,Ampara,Eastern,2025-06-28,7.16043,81.42636,7.19021,81.43105,Manual Map Pin,3345.6,1.5,Very Low,False
EVT21267,Village Perahera,U15560,Adam's Peak (Sri Pada) Climb,Ratnapura,Sabaragamuwa,2024-12-22,6.80915,80.50564,6.81639,80.51121,Manual Map Pin,1011.2,28.3,Very Low,False
EVT21268,Private Wedding,U13902,Ravana Caves & Ella Wala Pool,Badulla,Uva,2023-12-01,6.85766,81.04059,6.86136,81.04222,GPS Auto-Tag,448.9,57.1,Low,False
EVT21269,Pop-up Local Festival,U16002,Madu Ganga Mangrove Boat Tour,Galle,Southern,2025-10-25,6.24507,80.0658,6.24613,80.07041,Manual Map Pin,521.3,52.1,Low,False
EVT21270,Private Wedding,U00204,Meemure Village,Kandy,Central,2024-08-25,7.47369,80.79308,7.47363,80.79136,GPS Auto-Tag,189.0,79.0,Medium,True
EVT21271,Village Perahera,U15080,Horton Plains & World's End Hike,Nuwara Eliya,Central,2024-05-03,6.81292,80.8083,6.8035,80.79839,Manual Map Pin,1511.9,15.1,Very Low,False
EVT21272,Corporate Retreat Event,U15200,Yala National Park Safari,Hambantota,Southern,2023-03-26,6.36688,81.5209,6.36659,81.52318,GPS Auto-Tag,254.3,72.8,Medium,True
EVT21273,Full Moon Party,U15130,Kanniya Hot Springs,Trincomalee,Eastern,2024-07-06,8.59773,81.16113,8.59762,81.1633,GPS Auto-Tag,237.5,74.3,Medium,True
EVT21274,Pop-up Local Festival,U09128,Ravana Falls Abseiling,Badulla,Uva,2024-06-08,6.878,81.05442,6.8856,81.05647,Manual Map Pin,873.4,33.6,Low,False
EVT21275,Community New Year Carnival,U07793,Kalametiya Bird Sanctuary,Hambantota,Southern,2025-04-26,6.06307,80.94242,6.07793,80.98173,Typed Address,4642.0,0.3,Very Low,False
EVT21276,Full Moon Party,U10732,Rathnapura Gem Mining Tour,Ratnapura,Sabaragamuwa,2025-12-23,6.69146,80.39985,6.73841,80.36435,Typed Address,6517.6,0.0,Very Low,False
EVT21277,Temple/Kovil Special Pooja,U00299,Hakgala Botanical Garden,Nuwara Eliya,Central,2024-01-31,6.91831,80.79566,6.91887,80.79356,GPS Auto-Tag,239.5,74.1,Medium,True
EVT21278,Beach Party,U14137,Mannar Bird Migration Watching,Mannar,Northern,2025-07-21,8.98399,79.91282,8.98239,79.91296,GPS Auto-Tag,177.7,80.1,Medium,True
EVT21279,Beach Party,U01199,Kandy Lake Evening Walk,Kandy,Central,2024-08-03,7.2934,80.64035,7.30023,80.6389,Typed Address,774.7,38.0,Low,False
EVT21280,Full Moon Party,U08728,Kandy Esala Perahera,Kandy,Central,2023-01-17,7.28567,80.64596,7.30072,80.63161,Manual Map Pin,2299.6,5.6,Very Low,False
EVT21281,Pop-up Local Festival,U09396,Nilaveli Beach,Trincomalee,Eastern,2023-06-30,8.71292,81.18455,8.71353,81.18396,GPS Auto-Tag,92.9,89.0,High,True
EVT21282,Temple/Kovil Special Pooja,U10820,Induruwa Turtle Conservation,Galle,Southern,2024-06-05,6.0243,80.01985,6.02003,80.01594,Manual Map Pin,640.5,44.9,Low,False
EVT21283,Village Perahera,U13331,Kitulgala White Water Rafting,Kegalle,Sabaragamuwa,2023-01-10,6.98747,80.42377,6.96317,80.36362,Typed Address,7154.9,0.0,Very Low,False
EVT21284,Corporate Retreat Event,U16025,Negombo Lagoon Boat Ride,Gampaha,Western,2023-11-28,7.20908,79.83668,7.26353,79.85741,Typed Address,6460.6,0.0,Very Low,False
EVT21285,Private Wedding,U06696,Kumana National Park Birding & Safari,Ampara,Eastern,2024-12-06,6.56846,81.67307,6.54548,81.66537,Typed Address,2687.2,3.5,Very Low,False
EVT21286,Beach Party,U04162,Arugam Bay Surfing,Ampara,Eastern,2024-10-05,6.85764,81.83167,6.8577,81.83068,GPS Auto-Tag,109.3,87.2,High,True
EVT21287,Corporate Retreat Event,U09949,Minneriya Elephant Gathering,Polonnaruwa,North Central,2025-07-11,8.03601,80.88283,8.03536,80.88228,GPS Auto-Tag,93.6,89.0,High,True
EVT21288,Beach Party,U14500,Kandy Esala Perahera,Kandy,Central,2025-03-18,7.29037,80.62208,7.29028,80.62114,GPS Auto-Tag,104.0,87.8,High,True
EVT21289,Corporate Retreat Event,U10241,Hurulu Eco Park,Polonnaruwa,North Central,2024-09-28,8.14573,80.88235,8.14423,80.89059,Manual Map Pin,920.7,31.6,Low,False
EVT21290,Temple/Kovil Special Pooja,U00493,Kandy Esala Perahera,Kandy,Central,2025-06-04,7.29657,80.63185,7.34099,80.61724,Typed Address,5186.2,0.2,Very Low,False
EVT21291,Private Wedding,U13538,Tangalle Beach Escape,Hambantota,Southern,2023-03-25,6.0469,80.77855,6.04771,80.79038,Manual Map Pin,1309.0,19.5,Very Low,False
EVT21292,Private Wedding,U10425,"New Year's Eve Countdown, Galle Face",Colombo,Western,2025-05-19,6.91934,79.82737,6.92071,79.82671,GPS Auto-Tag,168.3,81.0,Medium,True
EVT21293,Community New Year Carnival,U07229,Panama-Kudumbigala Eco Reserve,Ampara,Eastern,2025-02-26,6.89983,81.77323,6.90073,81.77241,GPS Auto-Tag,134.4,84.5,Medium,True
EVT21294,Live Music Night,U11531,Beruwala Beach Resort Leisure,Kalutara,Western,2025-06-11,6.47075,79.9801,6.43023,79.98878,Typed Address,4598.5,0.3,Very Low,False
EVT21295,Corporate Retreat Event,U09559,Mulkirigala Rock Monastery,Hambantota,Southern,2024-07-04,6.18264,80.86489,6.18292,80.86315,GPS Auto-Tag,194.7,78.4,Medium,True
EVT21296,Corporate Retreat Event,U08520,Ella Rock & Little Adam's Peak Hike,Badulla,Uva,2024-07-31,6.86197,81.06452,6.86205,81.0635,GPS Auto-Tag,112.4,86.9,High,True
EVT21297,Village Perahera,U09045,Beddagana Wetland Park,Colombo,Western,2024-09-26,6.91968,79.89912,6.94236,79.77555,Typed Address,13846.9,0.0,Very Low,False
EVT21298,Village Perahera,U06748,Laxapana Falls Trek,Nuwara Eliya,Central,2024-05-11,6.93358,80.49591,6.93637,80.40607,Typed Address,9903.7,0.0,Very Low,False
EVT21299,Live Music Night,U15343,Arugam Bay Surfing,Ampara,Eastern,2025-03-20,6.82899,81.84223,6.82762,81.84364,GPS Auto-Tag,217.8,76.2,Medium,True
EVT21300,Full Moon Party,U05236,Madu Ganga Mangrove Boat Tour,Galle,Southern,2023-11-12,6.26661,80.0419,6.26446,80.04003,GPS Auto-Tag,314.9,67.5,Medium,True
EVT21301,Live Music Night,U03903,Gal Oya Kudugala Village Eco Trek,Ampara,Eastern,2024-08-24,7.17871,81.44626,7.18164,81.44415,GPS Auto-Tag,400.3,60.6,Medium,True
EVT21302,Village Perahera,U16996,Royal Botanical Garden Peradeniya,Kandy,Central,2025-02-22,7.27223,80.60669,7.28272,80.59539,Manual Map Pin,1703.4,11.9,Very Low,False
EVT21303,Food & Craft Fair,U02860,Kalametiya Bird Sanctuary,Hambantota,Southern,2023-06-02,6.06318,80.931,6.05571,80.9077,Manual Map Pin,2701.8,3.4,Very Low,False
EVT21304,Food & Craft Fair,U01371,Hurulu Eco Park,Polonnaruwa,North Central,2023-11-10,8.16941,80.88515,8.16841,80.88419,GPS Auto-Tag,153.7,82.5,Medium,True
EVT21305,Pop-up Local Festival,U16646,Muthurajawela Marsh Boat Safari,Gampaha,Western,2024-10-17,7.0691,79.87572,7.08065,79.89924,Manual Map Pin,2891.1,2.7,Very Low,False
EVT21306,Community New Year Carnival,U12396,Nilaveli Beach,Trincomalee,Eastern,2023-10-02,8.70519,81.18014,8.70534,81.16822,Manual Map Pin,1308.1,19.5,Very Low,False
EVT21307,Village Perahera,U10671,Ravana Falls Abseiling,Badulla,Uva,2025-06-11,6.88859,81.05124,6.88887,81.05197,GPS Auto-Tag,86.5,89.8,High,True
EVT21308,Private Wedding,U06813,Mulkirigala Rock Monastery,Hambantota,Southern,2025-03-10,6.1635,80.88136,6.16367,80.88043,GPS Auto-Tag,103.8,87.8,High,True
EVT21309,Corporate Retreat Event,U09068,Royal Botanical Garden Peradeniya,Kandy,Central,2024-10-05,7.25742,80.59881,7.25911,80.59669,GPS Auto-Tag,299.6,68.8,Medium,True
EVT21310,Village Perahera,U05883,Sinharaja Forest Reserve Nature Walk,Ratnapura/Galle,Sabaragamuwa,2024-02-18,6.39036,80.49353,6.37846,80.48891,Manual Map Pin,1415.6,17.0,Very Low,False
EVT21311,Corporate Retreat Event,U07058,Wilpattu National Park Safari,Puttalam,North Western,2023-04-02,8.45643,80.0591,8.45527,80.06299,Manual Map Pin,446.1,57.3,Low,False
EVT21312,Full Moon Party,U09321,Bopath Ella Falls Trek,Ratnapura,Sabaragamuwa,2025-07-21,6.73951,80.37269,6.73758,80.37337,GPS Auto-Tag,227.2,75.3,Medium,True
EVT21313,Beach Party,U11567,Rathnapura Gem Mining Tour,Ratnapura,Sabaragamuwa,2024-01-07,6.68462,80.39304,6.6857,80.39494,GPS Auto-Tag,241.2,74.0,Medium,True
EVT21314,Food & Craft Fair,U16761,"New Year's Eve Countdown, Galle Face",Colombo,Western,2024-08-20,6.92245,79.83419,6.91315,79.82842,Manual Map Pin,1211.8,22.0,Very Low,False
EVT21315,Food & Craft Fair,U13776,Wilpattu National Park Safari,Puttalam,North Western,2023-04-08,8.45144,80.06767,8.45059,80.06835,GPS Auto-Tag,120.1,86.1,High,True
EVT21316,Private Wedding,U13312,Nuwara Eliya Tea Factory Tour,Nuwara Eliya,Central,2024-05-31,6.97516,80.76905,6.96656,80.76904,Manual Map Pin,954.6,30.3,Low,False
EVT21317,Live Music Night,U14558,Kumana Bird Sanctuary,Ampara,Eastern,2025-12-18,6.55967,81.65445,6.55718,81.65494,GPS Auto-Tag,281.4,70.3,Medium,True
EVT21318,Temple/Kovil Special Pooja,U06984,Udawalawe Elephant Transit Home,Ratnapura,Sabaragamuwa,2024-02-18,6.42042,80.88211,6.42205,80.88386,GPS Auto-Tag,265.0,71.8,Medium,True
EVT21319,Private Wedding,U17280,Wadduwa Beach Escape,Kalutara,Western,2024-08-27,6.64149,79.92675,6.64866,79.93005,Typed Address,875.2,33.5,Low,False
EVT21320,Corporate Retreat Event,U15563,Thalangama Wetland Birdwatching,Colombo,Western,2023-08-05,6.89093,79.93845,6.89142,79.93705,GPS Auto-Tag,163.5,81.5,Medium,True
EVT21321,Beach Party,U08124,Hakgala Botanical Garden,Nuwara Eliya,Central,2023-09-18,6.91534,80.77648,6.95957,80.8576,Typed Address,10198.9,0.0,Very Low,False
EVT21322,Beach Party,U06434,Gal Oya Boat Safari,Ampara,Eastern,2025-04-16,7.16869,81.44701,7.1685,81.43052,Manual Map Pin,1816.4,10.3,Very Low,False
EVT21323,Food & Craft Fair,U11072,Kitulgala White Water Rafting,Kegalle,Sabaragamuwa,2024-11-17,6.99361,80.4218,6.98891,80.40652,Manual Map Pin,1761.6,11.1,Very Low,False
EVT21324,Pop-up Local Festival,U05218,Pigeon Island Snorkeling,Trincomalee,Eastern,2024-11-03,8.71476,81.20297,8.69765,81.20253,Manual Map Pin,1900.0,9.3,Very Low,False
EVT21325,Pop-up Local Festival,U01066,Horton Plains Cloud Forest Eco Walk,Nuwara Eliya,Central,2023-10-06,6.81018,80.79421,6.82684,80.76878,Typed Address,3357.9,1.5,Very Low,False
EVT21326,Beach Party,U04934,Thalangama Wetland Birdwatching,Colombo,Western,2023-06-23,6.87168,79.93495,6.87478,79.93516,GPS Auto-Tag,344.9,65.0,Medium,True
EVT21327,Private Wedding,U15486,Wadduwa Beach Escape,Kalutara,Western,2025-05-25,6.64717,79.92642,6.65218,79.94913,Typed Address,2564.0,4.1,Very Low,False
EVT21328,Private Wedding,U15911,Thalangama Wetland Birdwatching,Colombo,Western,2023-05-28,6.88906,79.93211,6.86882,79.94196,Typed Address,2495.3,4.4,Very Low,False
EVT21329,Private Wedding,U00792,"New Year's Eve Countdown, Galle Face",Colombo,Western,2025-06-25,6.93199,79.83857,6.93914,79.83863,Manual Map Pin,794.2,37.1,Low,False
EVT21330,Full Moon Party,U04317,Panama-Kudumbigala Eco Reserve,Ampara,Eastern,2023-10-23,6.88973,81.78611,6.91337,81.76615,Typed Address,3424.5,1.4,Very Low,False
EVT21331,Corporate Retreat Event,U09358,Wilpattu National Park Safari,Puttalam,North Western,2023-03-10,8.47173,80.0528,8.47381,80.05193,GPS Auto-Tag,250.0,73.2,Medium,True
EVT21332,Food & Craft Fair,U14277,Adam's Peak (Sri Pada) Climb,Ratnapura,Sabaragamuwa,2024-01-17,6.81388,80.50471,6.7737,80.50717,Typed Address,4468.7,0.4,Very Low,False
EVT21333,Beach Party,U05000,Hakgala Botanical Garden,Nuwara Eliya,Central,2023-08-08,6.91642,80.78675,6.91512,80.78846,GPS Auto-Tag,237.5,74.3,Medium,True
EVT21334,Village Perahera,U10532,Ambalangoda Mask Museum,Galle,Southern,2023-02-14,6.23574,80.04766,6.23226,80.04708,Manual Map Pin,391.0,61.3,Medium,True
EVT21335,Beach Party,U01669,Kanniya Hot Springs,Trincomalee,Eastern,2024-03-26,8.60224,81.16337,8.60243,81.16327,GPS Auto-Tag,24.4,97.0,High,True
EVT21336,Temple/Kovil Special Pooja,U03432,Mulkirigala Rock Monastery,Hambantota,Southern,2024-12-08,6.1661,80.87222,6.1578,80.85828,Manual Map Pin,1794.0,10.6,Very Low,False
EVT21337,Beach Party,U11422,Diyasaru Wetland Park,Colombo,Western,2024-10-28,6.89233,79.91797,6.91925,79.91333,Typed Address,3030.9,2.3,Very Low,False
EVT21338,Temple/Kovil Special Pooja,U02243,Hurulu Eco Park,Polonnaruwa,North Central,2023-09-24,8.16702,80.90061,8.16196,80.88973,Manual Map Pin,1320.5,19.2,Very Low,False
EVT21339,Beach Party,U05573,Kochchikade St. Anthony's Feast,Colombo,Western,2023-06-02,6.94997,79.85008,6.95384,79.84581,Typed Address,637.2,45.1,Low,False
EVT21340,Live Music Night,U00113,Wasgamuwa National Park Safari,Matale/Polonnaruwa,Central,2025-06-08,7.78449,80.92609,7.78381,80.92773,GPS Auto-Tag,196.0,78.3,Medium,True
EVT21341,Community New Year Carnival,U16312,Kandy Lake Evening Walk,Kandy,Central,2024-11-21,7.29123,80.62009,7.29028,80.61878,GPS Auto-Tag,178.1,80.0,Medium,True
EVT21342,Village Perahera,U10248,Anawilundawa Ramsar Wetland,Puttalam,North Western,2023-04-25,7.73182,79.81183,7.7275,79.79711,Manual Map Pin,1688.2,12.1,Very Low,False
EVT21343,Community New Year Carnival,U06116,Deepavali Festival (Colombo Kovils),Colombo,Western,2025-01-10,6.88213,79.86625,6.88277,79.86822,GPS Auto-Tag,228.8,75.1,Medium,True
EVT21344,Community New Year Carnival,U10794,Kalpitiya Dolphin Watching Eco Tour,Puttalam,North Western,2024-01-12,8.24574,79.76166,8.24739,79.77583,Manual Map Pin,1568.0,14.1,Very Low,False
EVT21345,Community New Year Carnival,U10246,Kumana Bird Sanctuary,Ampara,Eastern,2025-03-20,6.57335,81.66525,6.57198,81.66528,GPS Auto-Tag,151.3,82.8,Medium,True
EVT21346,Live Music Night,U06407,Minneriya-Kaudulla Elephant Corridor,Polonnaruwa,North Central,2025-08-28,8.06727,80.93492,8.0272,80.87606,Typed Address,7850.6,0.0,Very Low,False
EVT21347,Temple/Kovil Special Pooja,U16127,Arugam Bay Surfing,Ampara,Eastern,2025-09-15,6.85299,81.83269,6.82477,81.85133,Manual Map Pin,3745.4,0.9,Very Low,False
EVT21348,Pop-up Local Festival,U02758,Kalpitiya Dolphin Watching Eco Tour,Puttalam,North Western,2024-11-24,8.22201,79.77177,8.2193,79.78534,Typed Address,1520.5,14.9,Very Low,False
EVT21349,Private Wedding,U17306,Galle Fort Walking Tour,Galle,Southern,2024-03-21,6.03169,80.21214,6.0279,80.20204,Manual Map Pin,1191.7,22.5,Very Low,False
EVT21350,Food & Craft Fair,U13304,Vesak Festival (Colombo & Island-wide),Colombo,Western,2024-09-17,6.93533,79.85424,6.93354,79.85509,GPS Auto-Tag,220.4,75.9,Medium,True
EVT21351,Temple/Kovil Special Pooja,U01797,"New Year's Eve Countdown, Galle Face",Colombo,Western,2024-08-31,6.91837,79.85017,6.91723,79.84904,GPS Auto-Tag,176.3,80.2,Medium,True
EVT21352,Village Perahera,U09750,Wadduwa Beach Escape,Kalutara,Western,2023-12-30,6.65696,79.91792,6.65828,79.91894,GPS Auto-Tag,185.1,79.3,Medium,True
EVT21353,Pop-up Local Festival,U13007,Kanneliya Rainforest Reserve,Galle,Southern,2024-10-02,6.24487,80.34974,6.24458,80.35111,GPS Auto-Tag,154.1,82.5,Medium,True
EVT21354,Community New Year Carnival,U09545,Kanniya Hot Springs,Trincomalee,Eastern,2023-01-16,8.6131,81.15775,8.61554,81.15787,GPS Auto-Tag,270.5,71.3,Medium,True
EVT21355,Food & Craft Fair,U11420,Sinharaja Forest Reserve Nature Walk,Ratnapura/Galle,Sabaragamuwa,2025-07-23,6.39639,80.51057,6.39364,80.51061,GPS Auto-Tag,305.5,68.3,Medium,True
EVT21356,Village Perahera,U16452,Madunagala Hot Springs,Hambantota,Southern,2025-08-10,6.23713,81.22876,6.23442,81.2302,GPS Auto-Tag,340.3,65.4,Medium,True
EVT21357,Pop-up Local Festival,U05703,Udawalawe National Park Safari,Ratnapura/Moneragala,Sabaragamuwa,2023-10-01,6.46951,80.87479,6.4654,80.81009,Typed Address,7150.4,0.0,Very Low,False
EVT21358,Food & Craft Fair,U00069,Galle Fort Walking Tour,Galle,Southern,2024-09-19,6.03822,80.216,6.04571,80.20086,Manual Map Pin,1866.9,9.7,Very Low,False
EVT21359,Food & Craft Fair,U07552,Hurulu Eco Park,Polonnaruwa,North Central,2024-01-07,8.16984,80.88293,8.15756,80.91304,Typed Address,3578.1,1.1,Very Low,False
EVT21360,Village Perahera,U03072,Haputale Viewpoint & Tea Estates,Badulla,Uva,2024-02-11,6.76263,80.93226,6.76461,80.93004,GPS Auto-Tag,328.5,66.3,Medium,True
EVT21361,Temple/Kovil Special Pooja,U06788,Kandy Lake Evening Walk,Kandy,Central,2024-12-01,7.27784,80.65159,7.36899,80.65163,Typed Address,10117.1,0.0,Very Low,False
EVT21362,Corporate Retreat Event,U15735,Kandy Esala Perahera,Kandy,Central,2024-01-20,7.30226,80.649,7.29976,80.65051,GPS Auto-Tag,322.9,66.8,Medium,True
EVT21363,Village Perahera,U17648,Ritigala Forest Monastery,Anuradhapura,North Central,2025-05-23,8.10756,80.64251,8.11329,80.63294,Manual Map Pin,1229.4,21.5,Very Low,False
EVT21364,Live Music Night,U17524,Peak Wilderness Sanctuary Trek,Ratnapura,Sabaragamuwa,2023-03-09,6.8069,80.50349,6.73659,80.56598,Typed Address,10408.6,0.0,Very Low,False
EVT21365,Full Moon Party,U02547,"Christmas Celebrations, Negombo",Gampaha,Western,2024-07-26,7.20036,79.83974,7.19961,79.84112,GPS Auto-Tag,172.6,80.6,Medium,True
EVT21366,Private Wedding,U17458,Peak Wilderness Sanctuary Trek,Ratnapura,Sabaragamuwa,2024-02-26,6.80645,80.48396,6.80481,80.48463,GPS Auto-Tag,196.6,78.2,Medium,True
EVT21367,Corporate Retreat Event,U07744,Knuckles Mountain Range Trekking,Kandy/Matale,Central,2024-03-20,7.4543,80.79996,7.45446,80.79958,GPS Auto-Tag,46.0,94.4,High,True
EVT21368,Live Music Night,U07756,Bogoda Wooden Bridge,Badulla,Uva,2025-05-21,6.96538,81.01316,6.96509,81.01289,GPS Auto-Tag,44.0,94.6,High,True
EVT21369,Community New Year Carnival,U11483,Deepavali Festival (Colombo Kovils),Colombo,Western,2023-08-13,6.87296,79.85416,6.86621,79.87167,Typed Address,2070.4,7.5,Very Low,False
EVT21370,Live Music Night,U02592,Hikkaduwa Diving & Surfing,Galle,Southern,2025-10-14,6.14083,80.10728,6.13914,80.10771,GPS Auto-Tag,193.3,78.5,Medium,True
EVT21371,Community New Year Carnival,U08550,Knuckles Conservation Forest Walk,Kandy/Matale,Central,2025-08-18,7.44842,80.76987,7.42708,80.76729,Manual Map Pin,2386.5,5.1,Very Low,False
EVT21372,Full Moon Party,U01281,Nallur Festival (Nallur Kandaswamy Kovil),Jaffna,Northern,2023-12-21,9.6828,80.02969,9.68372,80.0352,Manual Map Pin,612.0,46.5,Low,False
EVT21373,Village Perahera,U06663,Muhudu Maha Vihara,Hambantota,Southern,2023-03-08,6.33674,81.46735,6.37204,81.5343,Typed Address,8360.8,0.0,Very Low,False
EVT21374,Live Music Night,U01075,Mirissa Whale Watching & Beach,Matara,Southern,2024-08-28,5.94302,80.45601,5.9447,80.45608,GPS Auto-Tag,186.6,79.2,Medium,True
EVT21375,Village Perahera,U17781,Kosgoda Turtle Hatchery,Galle,Southern,2025-04-07,6.07953,79.99733,6.08012,79.99708,GPS Auto-Tag,70.5,91.6,High,True
EVT21376,Temple/Kovil Special Pooja,U11425,Kalametiya Bird Sanctuary,Hambantota,Southern,2025-12-06,6.06592,80.94708,6.0107,81.02666,Typed Address,10711.2,0.0,Very Low,False
EVT21377,Pop-up Local Festival,U05400,Delft Island,Jaffna,Northern,2025-06-02,9.53022,79.66373,9.52757,79.66147,GPS Auto-Tag,384.5,61.8,Medium,True
EVT21378,Community New Year Carnival,U13419,Delft Wild Pony Eco Tour,Jaffna,Northern,2023-12-07,9.54224,79.67895,9.53332,79.68504,Manual Map Pin,1193.7,22.5,Very Low,False
EVT21379,Community New Year Carnival,U10214,Laxapana Falls Trek,Nuwara Eliya,Central,2024-07-15,6.92159,80.49643,6.91701,80.5145,Manual Map Pin,2054.3,7.7,Very Low,False
EVT21380,Temple/Kovil Special Pooja,U14902,Diyasaru Wetland Park,Colombo,Western,2024-05-13,6.89014,79.90607,6.89037,79.906,GPS Auto-Tag,26.7,96.7,High,True
EVT21381,Private Wedding,U02293,Lipton's Seat Viewpoint,Badulla,Uva,2023-03-19,6.80277,81.07488,6.80127,81.07203,Manual Map Pin,355.8,64.1,Medium,True
EVT21382,Corporate Retreat Event,U02043,Nainativu & Nagadeepa,Jaffna,Northern,2023-03-23,9.58744,79.79105,9.55492,79.85097,Typed Address,7486.4,0.0,Very Low,False
EVT21383,Food & Craft Fair,U09979,Kosgoda Turtle Hatchery,Galle,Southern,2023-09-01,6.06273,80.02294,6.0602,80.02238,GPS Auto-Tag,287.7,69.8,Medium,True
EVT21384,Food & Craft Fair,U12795,Yapahuwa Rock Fortress,Kurunegala,North Western,2024-09-20,7.82623,80.2138,7.82776,80.21428,GPS Auto-Tag,177.9,80.1,Medium,True
EVT21385,Food & Craft Fair,U11581,Pasikuda Beach,Batticaloa,Eastern,2023-09-16,7.9225,81.56629,7.96038,81.57736,Typed Address,4377.5,0.4,Very Low,False
EVT21386,Village Perahera,U08508,Mannar Bird Migration Watching,Mannar,Northern,2024-04-30,8.97306,79.90649,8.97412,79.90672,GPS Auto-Tag,120.9,86.0,High,True
EVT21387,Temple/Kovil Special Pooja,U00764,Gal Oya Boat Safari,Ampara,Eastern,2023-08-01,7.17587,81.45595,7.16442,81.45137,Manual Map Pin,1367.2,18.1,Very Low,False
EVT21388,Community New Year Carnival,U15295,Knuckles Conservation Forest Walk,Kandy/Matale,Central,2024-04-11,7.46476,80.76056,7.45043,80.77663,Manual Map Pin,2379.0,5.1,Very Low,False
EVT21389,Live Music Night,U14280,Yala National Park Safari,Hambantota,Southern,2023-04-17,6.37549,81.53706,6.3696,81.52725,Manual Map Pin,1264.2,20.6,Very Low,False
EVT21390,Community New Year Carnival,U15279,Trincomalee Whale Watching,Trincomalee,Eastern,2025-06-23,8.5619,81.24446,8.56335,81.24296,GPS Auto-Tag,231.1,74.9,Medium,True
EVT21391,Village Perahera,U08260,Minneriya-Kaudulla Elephant Corridor,Polonnaruwa,North Central,2023-05-11,8.04435,80.95457,8.04276,80.95026,Manual Map Pin,504.9,53.2,Low,False
EVT21392,Village Perahera,U03495,Sinharaja Rainforest Trekking,Ratnapura/Galle,Sabaragamuwa,2023-09-24,6.3946,80.50173,6.36887,80.48167,Typed Address,3613.3,1.1,Very Low,False
EVT21393,Full Moon Party,U09714,Sinharaja Rainforest Trekking,Ratnapura/Galle,Sabaragamuwa,2023-12-24,6.39262,80.50182,6.39214,80.50176,GPS Auto-Tag,52.9,93.6,High,True
EVT21394,Community New Year Carnival,U06482,Laxapana Falls Trek,Nuwara Eliya,Central,2023-10-07,6.94533,80.50297,6.95208,80.51124,Manual Map Pin,1180.1,22.9,Very Low,False
EVT21395,Community New Year Carnival,U10418,Weligama Surf School,Matara,Southern,2023-01-12,5.97379,80.43375,5.9742,80.434,GPS Auto-Tag,53.7,93.5,High,True
EVT21396,Private Wedding,U08959,Diyasaru Wetland Park,Colombo,Western,2024-06-22,6.90031,79.91942,6.87949,79.92145,Typed Address,2321.3,5.5,Very Low,False
EVT21397,Live Music Night,U05880,Ritigala Forest Monastery,Anuradhapura,North Central,2023-06-01,8.10402,80.66214,8.10437,80.66347,GPS Auto-Tag,151.6,82.7,Medium,True
EVT21398,Private Wedding,U02711,Laxapana Falls Trek,Nuwara Eliya,Central,2023-04-20,6.92371,80.50715,6.92313,80.50695,GPS Auto-Tag,67.8,91.9,High,True
EVT21399,Beach Party,U00240,Arugam Bay Surfing,Ampara,Eastern,2023-09-14,6.84092,81.83001,6.83896,81.82928,GPS Auto-Tag,231.8,74.8,Medium,True
EVT21400,Private Wedding,U13253,Delft Island,Jaffna,Northern,2024-08-13,9.53517,79.66592,9.55195,79.66396,Manual Map Pin,1874.9,9.6,Very Low,False
EVT21401,Pop-up Local Festival,U16789,Meemure Village,Kandy,Central,2025-07-20,7.4707,80.80394,7.48956,80.85691,Typed Address,6194.4,0.0,Very Low,False
EVT21402,Live Music Night,U11458,Bogoda Wooden Bridge,Badulla,Uva,2024-06-17,6.95442,81.02901,6.9545,81.02991,GPS Auto-Tag,100.5,88.2,High,True
EVT21403,Village Perahera,U15507,Haputale Viewpoint & Tea Estates,Badulla,Uva,2025-11-17,6.76202,80.94431,6.79333,80.88347,Typed Address,7553.0,0.0,Very Low,False
EVT21404,Community New Year Carnival,U13317,Wewurukannala & Buduruwagala Carvings,Badulla/Monaragala,Uva,2025-04-20,6.71547,81.16458,6.71727,81.16725,GPS Auto-Tag,356.5,64.0,Medium,True
EVT21405,Live Music Night,U17197,Hurulu Eco Park,Polonnaruwa,North Central,2024-08-29,8.16694,80.88475,8.1649,80.88571,GPS Auto-Tag,250.7,73.1,Medium,True
EVT21406,Corporate Retreat Event,U17637,Wasgamuwa National Park Safari,Matale/Polonnaruwa,Central,2023-03-13,7.77699,80.93444,7.82694,80.94677,Typed Address,5708.3,0.1,Very Low,False
EVT21407,Food & Craft Fair,U02296,Thalangama Wetland Birdwatching,Colombo,Western,2025-02-24,6.86778,79.90942,6.8694,79.89824,Manual Map Pin,1244.9,21.1,Very Low,False
EVT21408,Private Wedding,U08587,Kalpitiya Kite Surfing,Puttalam,North Western,2025-12-22,8.22511,79.7703,8.22152,79.76364,Manual Map Pin,833.4,35.3,Low,False
EVT21409,Community New Year Carnival,U12309,Meemure Village,Kandy,Central,2024-06-06,7.47228,80.79636,7.47263,80.79808,GPS Auto-Tag,193.5,78.5,Medium,True
EVT21410,Full Moon Party,U16276,Madu Ganga Mangrove Boat Tour,Galle,Southern,2025-06-03,6.27305,80.04218,6.1884,80.03691,Typed Address,9413.2,0.0,Very Low,False
EVT21411,Village Perahera,U01887,Sinhala & Tamil New Year Village Games,Anuradhapura,North Central,2025-06-16,8.31789,80.39198,8.31708,80.39214,GPS Auto-Tag,92.0,89.1,High,True
EVT21412,Temple/Kovil Special Pooja,U01226,Mannar Bird Migration Watching,Mannar,Northern,2023-11-28,9.00106,79.90668,8.99988,79.90651,GPS Auto-Tag,132.2,84.8,Medium,True
EVT21413,Pop-up Local Festival,U10755,Dowa Rock Temple,Badulla,Uva,2025-11-24,6.86439,81.03992,6.86776,81.04248,GPS Auto-Tag,467.8,55.7,Low,False
EVT21414,Food & Craft Fair,U02056,Peak Wilderness Sanctuary Trek,Ratnapura,Sabaragamuwa,2024-07-31,6.80003,80.50967,6.79804,80.50793,GPS Auto-Tag,293.0,69.3,Medium,True
EVT21415,Corporate Retreat Event,U02294,Gal Oya Kudugala Village Eco Trek,Ampara,Eastern,2024-06-26,7.16909,81.43911,7.16955,81.4392,GPS Auto-Tag,52.0,93.7,High,True
EVT21416,Private Wedding,U01947,Ravana Caves & Ella Wala Pool,Badulla,Uva,2025-02-14,6.83421,81.03328,6.84531,81.0956,Typed Address,6977.8,0.0,Very Low,False
EVT21417,Full Moon Party,U00849,Royal Botanical Garden Peradeniya,Kandy,Central,2024-12-06,7.25847,80.60191,7.22151,80.57936,Typed Address,4795.1,0.2,Very Low,False
EVT21418,Beach Party,U03862,Sera Ella Waterfall,Matale,Central,2023-05-28,7.53355,80.68073,7.5526,80.67178,Manual Map Pin,2332.9,5.4,Very Low,False
EVT21419,Food & Craft Fair,U12286,Vesak Festival (Colombo & Island-wide),Colombo,Western,2023-04-11,6.9146,79.85047,6.91723,79.85046,GPS Auto-Tag,291.4,69.5,Medium,True
EVT21420,Full Moon Party,U15576,Kanneliya Rainforest Reserve,Galle,Southern,2024-08-11,6.23154,80.3475,6.22992,80.34719,GPS Auto-Tag,183.0,79.6,Medium,True
EVT21421,Live Music Night,U10555,Victoria Park Nuwara Eliya,Nuwara Eliya,Central,2023-01-27,6.96768,80.75971,6.97499,80.75183,Manual Map Pin,1188.7,22.6,Very Low,False
EVT21422,Beach Party,U05710,Arugam Bay Surfing,Ampara,Eastern,2023-01-05,6.85385,81.83711,6.85482,81.8346,GPS Auto-Tag,297.1,69.0,Medium,True
EVT21423,Food & Craft Fair,U15651,Induruwa Turtle Conservation,Galle,Southern,2025-03-21,6.03589,80.03136,6.03755,80.03057,GPS Auto-Tag,204.1,77.5,Medium,True
EVT21424,Community New Year Carnival,U17077,Knuckles Conservation Forest Walk,Kandy/Matale,Central,2025-09-04,7.46891,80.79165,7.46911,80.792,GPS Auto-Tag,45.1,94.5,High,True
EVT21425,Beach Party,U11758,Royal Botanical Garden Peradeniya,Kandy,Central,2024-06-04,7.27041,80.59876,7.29179,80.61049,Manual Map Pin,2702.9,3.4,Very Low,False
EVT21426,Full Moon Party,U05340,Pigeon Island Snorkeling,Trincomalee,Eastern,2023-08-30,8.71042,81.21063,8.71018,81.21514,Manual Map Pin,495.7,53.8,Low,False
EVT21427,Temple/Kovil Special Pooja,U04551,Hakgala Botanical Garden,Nuwara Eliya,Central,2023-03-04,6.89717,80.78031,6.8956,80.78186,GPS Auto-Tag,244.0,73.7,Medium,True
EVT21428,Corporate Retreat Event,U01430,Diyasaru Wetland Park,Colombo,Western,2024-08-20,6.88704,79.91993,6.88867,79.92084,GPS Auto-Tag,206.9,77.2,Medium,True
EVT21429,Food & Craft Fair,U17020,Wasgamuwa National Park Safari,Matale/Polonnaruwa,Central,2024-07-02,7.79479,80.93275,7.80335,80.99308,Typed Address,6702.5,0.0,Very Low,False
EVT21430,Live Music Night,U05259,Gal Oya Boat Safari,Ampara,Eastern,2024-10-02,7.14983,81.45772,7.14964,81.45695,GPS Auto-Tag,87.3,89.7,High,True
EVT21431,Community New Year Carnival,U14293,Ramboda Falls Visit,Nuwara Eliya,Central,2023-12-28,7.03749,80.70654,7.03833,80.70639,GPS Auto-Tag,95.3,88.8,High,True
EVT21432,Corporate Retreat Event,U03975,Ramboda Falls Visit,Nuwara Eliya,Central,2023-01-22,7.03117,80.69602,7.03445,80.69857,Manual Map Pin,460.2,56.3,Low,False
EVT21433,Private Wedding,U10595,Wadduwa Beach Escape,Kalutara,Western,2025-06-25,6.6479,79.92187,6.64807,79.91991,GPS Auto-Tag,216.9,76.3,Medium,True
EVT21434,Full Moon Party,U06628,Polonnaruwa Cycling Tour,Polonnaruwa,North Central,2023-12-26,7.9524,81.02686,7.95226,81.02671,GPS Auto-Tag,23.2,97.1,High,True
EVT21435,Full Moon Party,U04426,Ambalangoda Mask Museum,Galle,Southern,2025-11-22,6.24349,80.05731,6.26307,80.05666,Typed Address,2174.3,6.6,Very Low,False
EVT21436,Full Moon Party,U12475,Gal Oya Boat Safari,Ampara,Eastern,2025-08-10,7.15604,81.44505,7.15447,81.4366,Manual Map Pin,946.6,30.6,Low,False
EVT21437,Temple/Kovil Special Pooja,U17913,Dowa Rock Temple,Badulla,Uva,2024-01-14,6.88235,81.05946,6.88283,81.06066,GPS Auto-Tag,142.9,83.6,Medium,True
EVT21438,Live Music Night,U03563,Royal Botanical Garden Peradeniya,Kandy,Central,2023-08-09,7.28416,80.59422,7.27988,80.68042,Typed Address,9502.7,0.0,Very Low,False
EVT21439,Community New Year Carnival,U16770,Sera Ella Waterfall,Matale,Central,2023-06-08,7.53711,80.69085,7.53021,80.69267,Manual Map Pin,791.7,37.2,Low,False
EVT21440,Temple/Kovil Special Pooja,U06045,Bentota River Safari & Beach,Galle,Southern,2025-04-20,6.42391,80.00747,6.4213,80.01522,Manual Map Pin,903.7,32.3,Low,False
EVT21441,Community New Year Carnival,U16650,Hakgala Botanical Garden,Nuwara Eliya,Central,2023-07-27,6.9226,80.78979,6.92185,80.78949,GPS Auto-Tag,89.3,89.4,High,True
EVT21442,Temple/Kovil Special Pooja,U11154,Muhudu Maha Vihara,Hambantota,Southern,2023-04-06,6.33274,81.4526,6.33075,81.45055,GPS Auto-Tag,315.8,67.4,Medium,True
EVT21443,Live Music Night,U09917,Kalametiya Bird Sanctuary,Hambantota,Southern,2023-06-21,6.06905,80.92045,6.07252,80.9197,Manual Map Pin,393.5,61.1,Medium,True
EVT21444,Temple/Kovil Special Pooja,U14264,Ramboda Falls Visit,Nuwara Eliya,Central,2024-05-31,7.05039,80.68098,7.03485,80.68838,Typed Address,1908.1,9.2,Very Low,False
EVT21445,Pop-up Local Festival,U05712,Polonnaruwa Cycling Tour,Polonnaruwa,North Central,2023-03-13,7.94054,81.00838,7.93729,81.00842,GPS Auto-Tag,360.8,63.7,Medium,True
EVT21446,Village Perahera,U12783,Meemure Village,Kandy,Central,2024-12-27,7.45185,80.80641,7.46074,80.80714,Manual Map Pin,990.1,29.0,Very Low,False
EVT21447,Food & Craft Fair,U17332,Yapahuwa Rock Fortress,Kurunegala,North Western,2024-02-16,7.8346,80.20111,7.84656,80.19284,Manual Map Pin,1609.5,13.4,Very Low,False
EVT21448,Private Wedding,U15270,Madu Ganga Mangrove Boat Tour,Galle,Southern,2025-03-10,6.25796,80.06437,6.2817,80.09192,Typed Address,4023.0,0.7,Very Low,False
EVT21449,Temple/Kovil Special Pooja,U16395,Yala National Park Safari,Hambantota,Southern,2025-08-17,6.38131,81.51785,6.38138,81.51709,GPS Auto-Tag,83.8,90.1,High,True
EVT21450,Live Music Night,U10181,Bopath Ella Falls Trek,Ratnapura,Sabaragamuwa,2024-01-06,6.74009,80.36413,6.74097,80.36238,GPS Auto-Tag,215.9,76.3,Medium,True
EVT21451,Full Moon Party,U17426,Pigeon Island Snorkeling,Trincomalee,Eastern,2025-05-16,8.6981,81.20889,8.6974,81.19721,Manual Map Pin,1283.8,20.1,Very Low,False
EVT21452,Pop-up Local Festival,U03252,Minneriya Elephant Gathering,Polonnaruwa,North Central,2023-06-03,8.03542,80.89735,8.03705,80.89704,GPS Auto-Tag,184.1,79.4,Medium,True
EVT21453,Village Perahera,U17332,Thalangama Wetland Birdwatching,Colombo,Western,2023-02-02,6.87087,79.93834,6.98134,79.8684,Typed Address,14483.5,0.0,Very Low,False
EVT21454,Corporate Retreat Event,U12899,Bellanwila-Attidiya Sanctuary,Colombo,Western,2025-02-24,6.8379,79.88612,6.83943,79.88529,GPS Auto-Tag,193.0,78.6,Medium,True
EVT21455,Village Perahera,U08751,Kitulgala White Water Rafting,Kegalle,Sabaragamuwa,2024-10-01,6.98595,80.42762,6.98356,80.42817,GPS Auto-Tag,272.0,71.2,Medium,True
EVT21456,Temple/Kovil Special Pooja,U11655,Kataragama Esala Perahera,Monaragala,Uva,2023-11-27,6.39695,81.32077,6.32565,81.34922,Typed Address,8513.9,0.0,Very Low,False
EVT21457,Private Wedding,U14995,Riverston (Mini World's End),Matale,Central,2025-06-11,7.46061,80.73564,7.45955,80.73687,GPS Auto-Tag,179.9,79.9,Medium,True
EVT21458,Pop-up Local Festival,U05691,Sinharaja Rainforest Trekking,Ratnapura/Galle,Sabaragamuwa,2024-12-14,6.40963,80.5051,6.40658,80.50488,GPS Auto-Tag,339.6,65.4,Medium,True
EVT21459,Live Music Night,U00069,Trincomalee Whale Watching,Trincomalee,Eastern,2025-07-07,8.57268,81.22584,8.57254,81.22384,GPS Auto-Tag,220.4,75.9,Medium,True
EVT21460,Food & Craft Fair,U03133,Peak Wilderness Sanctuary Trek,Ratnapura,Sabaragamuwa,2024-10-31,6.79893,80.48209,6.78856,80.49982,Manual Map Pin,2267.7,5.9,Very Low,False
EVT21461,Beach Party,U10963,Induruwa Turtle Conservation,Galle,Southern,2024-09-27,6.04438,80.03776,6.03451,80.02614,Manual Map Pin,1686.6,12.1,Very Low,False
EVT21462,Pop-up Local Festival,U12007,Thalangama Wetland Birdwatching,Colombo,Western,2023-08-05,6.89889,79.9307,6.90485,79.91556,Manual Map Pin,1795.4,10.6,Very Low,False
EVT21463,Pop-up Local Festival,U01733,Vesak Festival (Colombo & Island-wide),Colombo,Western,2023-01-04,6.91672,79.86256,6.91858,79.86277,GPS Auto-Tag,208.3,77.1,Medium,True
EVT21464,Food & Craft Fair,U14832,Kandy Esala Perahera,Kandy,Central,2024-11-16,7.2942,80.63263,7.29229,80.63011,GPS Auto-Tag,349.5,64.6,Medium,True
EVT21465,Private Wedding,U10770,Minneriya Elephant Gathering,Polonnaruwa,North Central,2023-09-02,8.04123,80.90034,8.03984,80.89892,GPS Auto-Tag,219.1,76.0,Medium,True
EVT21466,Private Wedding,U01033,Yala National Park Safari,Hambantota,Southern,2025-08-12,6.3743,81.51418,6.37017,81.50429,Manual Map Pin,1182.6,22.8,Very Low,False
EVT21467,Beach Party,U17978,Yapahuwa Rock Fortress,Kurunegala,North Western,2023-10-16,7.82241,80.21294,7.82355,80.21481,GPS Auto-Tag,241.5,73.9,Medium,True
EVT21468,Village Perahera,U10471,Rekawa Turtle Conservation,Hambantota,Southern,2024-06-22,6.05462,80.86307,6.05563,80.85684,Manual Map Pin,696.9,41.8,Low,False
EVT21469,Food & Craft Fair,U01251,Dowa Rock Temple,Badulla,Uva,2023-02-19,6.87303,81.04605,6.87109,81.04374,GPS Auto-Tag,332.4,66.0,Medium,True
EVT21470,Village Perahera,U11968,Gal Oya Boat Safari,Ampara,Eastern,2024-01-16,7.16282,81.44839,7.13493,81.44835,Manual Map Pin,3095.3,2.1,Very Low,False
EVT21471,Corporate Retreat Event,U17702,Vesak Festival (Colombo & Island-wide),Colombo,Western,2024-10-15,6.89883,79.84917,6.83087,79.88314,Typed Address,8421.6,0.0,Very Low,False
EVT21472,Private Wedding,U16621,Pigeon Island Snorkeling,Trincomalee,Eastern,2025-06-11,8.73428,81.2061,8.73643,81.2076,GPS Auto-Tag,289.2,69.7,Medium,True
EVT21473,Private Wedding,U05786,Dowa Rock Temple,Badulla,Uva,2024-12-01,6.88807,81.05859,6.8859,81.06117,GPS Auto-Tag,372.5,62.8,Medium,True
EVT21474,Food & Craft Fair,U03559,Aluvihare Rock Monastery,Matale,Central,2023-02-26,7.49431,80.62347,7.46447,80.60997,Typed Address,3630.6,1.1,Very Low,False
EVT21475,Live Music Night,U16764,Wadduwa Beach Escape,Kalutara,Western,2023-10-16,6.6325,79.9215,6.63045,79.91948,GPS Auto-Tag,318.0,67.2,Medium,True
EVT21476,Temple/Kovil Special Pooja,U07826,Horton Plains & World's End Hike,Nuwara Eliya,Central,2023-07-10,6.80328,80.80632,6.80518,80.80554,Manual Map Pin,228.5,75.2,Medium,True
EVT21477,Pop-up Local Festival,U17038,Knuckles Mountain Range Trekking,Kandy/Matale,Central,2023-11-21,7.45866,80.77165,7.45942,80.77206,GPS Auto-Tag,95.1,88.8,High,True
EVT21478,Private Wedding,U05055,Royal Botanical Garden Peradeniya,Kandy,Central,2023-04-21,7.2716,80.60144,7.27289,80.60141,GPS Auto-Tag,144.2,83.5,Medium,True
EVT21479,Community New Year Carnival,U00715,Madu Ganga Mangrove Boat Tour,Galle,Southern,2024-06-12,6.26365,80.05423,6.26444,80.05403,GPS Auto-Tag,90.3,89.3,High,True
EVT21480,Village Perahera,U02231,Haputale Viewpoint & Tea Estates,Badulla,Uva,2024-05-08,6.75913,80.96342,6.7595,80.96169,GPS Auto-Tag,194.8,78.4,Medium,True
EVT21481,Private Wedding,U01419,Ella Rock & Little Adam's Peak Hike,Badulla,Uva,2024-07-20,6.86949,81.04474,6.87282,81.03708,Manual Map Pin,921.8,31.6,Low,False
EVT21482,Beach Party,U10837,Kandy Esala Perahera,Kandy,Central,2023-01-08,7.28708,80.61994,7.28714,80.62042,GPS Auto-Tag,53.2,93.6,High,True
EVT21483,Village Perahera,U05823,Knuckles Conservation Forest Walk,Kandy/Matale,Central,2024-07-02,7.4638,80.7744,7.46395,80.77436,GPS Auto-Tag,16.9,97.9,High,True
EVT21484,Beach Party,U16491,"Christmas Celebrations, Negombo",Gampaha,Western,2023-08-10,7.19897,79.83089,7.19708,79.82392,Manual Map Pin,795.2,37.0,Low,False
EVT21485,Live Music Night,U09955,Nuwara Eliya Tea Factory Tour,Nuwara Eliya,Central,2024-12-12,6.97804,80.76074,6.97848,80.76125,GPS Auto-Tag,74.8,91.1,High,True
EVT21486,Temple/Kovil Special Pooja,U04650,Induruwa Turtle Conservation,Galle,Southern,2024-08-14,6.05205,80.04796,6.05339,80.04543,GPS Auto-Tag,316.4,67.3,Medium,True
EVT21487,Full Moon Party,U07895,Anuradhapura Cycling Tour,Anuradhapura,North Central,2024-12-26,8.29099,80.38966,8.29341,80.39136,Manual Map Pin,327.4,66.4,Medium,True
EVT21488,Full Moon Party,U00597,Kanneliya Rainforest Reserve,Galle,Southern,2024-05-29,6.25609,80.34614,6.2538,80.34682,GPS Auto-Tag,264.8,71.8,Medium,True
EVT21489,Food & Craft Fair,U07144,Kitulgala White Water Rafting,Kegalle,Sabaragamuwa,2024-04-29,6.98505,80.42937,6.98583,80.41941,Manual Map Pin,1100.8,25.3,Very Low,False
EVT21490,Private Wedding,U05063,Madunagala Hot Springs,Hambantota,Southern,2024-08-24,6.24676,81.24934,6.24004,81.23352,Manual Map Pin,1897.7,9.3,Very Low,False
EVT21491,Corporate Retreat Event,U17355,Ella Rock & Little Adam's Peak Hike,Badulla,Uva,2025-09-01,6.87316,81.05342,6.81372,81.02189,Typed Address,7457.0,0.0,Very Low,False
EVT21492,Private Wedding,U13451,Ella Rock & Little Adam's Peak Hike,Badulla,Uva,2023-02-08,6.8654,81.03346,6.85562,81.04183,Manual Map Pin,1424.5,16.9,Very Low,False
EVT21493,Community New Year Carnival,U02282,Diyasaru Wetland Park,Colombo,Western,2025-07-08,6.89705,79.92484,6.91073,79.94216,Typed Address,2438.4,4.7,Very Low,False
EVT21494,Beach Party,U06186,Gal Oya Kudugala Village Eco Trek,Ampara,Eastern,2025-06-02,7.1682,81.44786,7.16693,81.4584,Manual Map Pin,1168.7,23.2,Very Low,False
EVT21495,Private Wedding,U02256,Kumana National Park Birding & Safari,Ampara,Eastern,2024-08-08,6.58054,81.66252,6.56784,81.65573,Manual Map Pin,1596.5,13.6,Very Low,False
EVT21496,Corporate Retreat Event,U12771,Beddagana Wetland Park,Colombo,Western,2024-12-11,6.90542,79.90636,6.88333,79.90349,Manual Map Pin,2471.6,4.6,Very Low,False
EVT21497,Live Music Night,U01949,Sinhala & Tamil New Year Village Games,Anuradhapura,North Central,2025-03-18,8.30809,80.41523,8.30957,80.41656,GPS Auto-Tag,220.3,75.9,Medium,True
EVT21498,Village Perahera,U15698,Kalpitiya Kite Surfing,Puttalam,North Western,2025-01-06,8.23753,79.76957,8.23642,79.76786,GPS Auto-Tag,224.8,75.5,Medium,True
EVT21499,Community New Year Carnival,U17154,Colombo Galle Face & City Tour,Colombo,Western,2023-05-27,6.92843,79.88322,6.91691,79.89228,Manual Map Pin,1621.8,13.2,Very Low,False
EVT21500,Village Perahera,U08717,Ella Rock & Little Adam's Peak Hike,Badulla,Uva,2023-05-05,6.86655,81.06615,6.84237,81.06093,Manual Map Pin,2745.4,3.2,Very Low,False
EVT21501,Pop-up Local Festival,U02210,Kosgoda Turtle Hatchery,Galle,Southern,2025-11-18,6.08122,79.99991,6.07239,79.91811,Typed Address,9081.2,0.0,Very Low,False
EVT21502,Community New Year Carnival,U00952,Hiriwadunna Village,Anuradhapura,North Central,2025-10-27,7.97718,80.73098,7.97589,80.73172,GPS Auto-Tag,164.6,81.4,Medium,True
EVT21503,Community New Year Carnival,U07224,Kitulgala White Water Rafting,Kegalle,Sabaragamuwa,2023-05-04,6.96705,80.40876,6.89933,80.44613,Typed Address,8570.8,0.0,Very Low,False
EVT21504,Corporate Retreat Event,U13575,Bambarakanda Falls,Badulla,Uva,2023-10-15,6.77129,80.81249,6.68616,80.71233,Typed Address,14531.8,0.0,Very Low,False
EVT21505,Corporate Retreat Event,U14524,Trincomalee Whale Watching,Trincomalee,Eastern,2023-06-06,8.59646,81.22869,8.59773,81.22854,GPS Auto-Tag,141.7,83.8,Medium,True
EVT21506,Corporate Retreat Event,U04363,Wadduwa Beach Escape,Kalutara,Western,2023-02-13,6.6463,79.93729,6.64425,79.93682,GPS Auto-Tag,232.8,74.8,Medium,True
EVT21507,Private Wedding,U03213,Nallur Festival (Nallur Kandaswamy Kovil),Jaffna,Northern,2024-03-24,9.67185,80.01957,9.67021,80.01735,GPS Auto-Tag,303.8,68.4,Medium,True
EVT21508,Live Music Night,U15967,Muhudu Maha Vihara,Hambantota,Southern,2024-10-13,6.35008,81.44708,6.3383,81.42817,Typed Address,2463.2,4.6,Very Low,False
EVT21509,Beach Party,U16491,Gal Oya Kudugala Village Eco Trek,Ampara,Eastern,2023-09-17,7.17217,81.44933,7.17334,81.45004,GPS Auto-Tag,151.3,82.8,Medium,True
EVT21510,Village Perahera,U14522,Haputale Viewpoint & Tea Estates,Badulla,Uva,2023-06-06,6.75758,80.96532,6.76194,80.97171,Manual Map Pin,854.0,34.4,Low,False
EVT21511,Village Perahera,U13965,Kandy Lake Evening Walk,Kandy,Central,2023-03-03,7.29048,80.62153,7.2921,80.60226,Typed Address,2129.7,7.0,Very Low,False
EVT21512,Community New Year Carnival,U16121,Nuwara Eliya April Season,Nuwara Eliya,Central,2024-07-30,6.95499,80.77891,6.94429,80.77982,Manual Map Pin,1192.2,22.5,Very Low,False
EVT21513,Village Perahera,U14923,Ritigala Forest Monastery,Anuradhapura,North Central,2024-04-29,8.1132,80.66599,8.11265,80.66645,GPS Auto-Tag,79.0,90.6,High,True
EVT21514,Food & Craft Fair,U00917,Meemure Village,Kandy,Central,2023-12-24,7.46619,80.79122,7.46568,80.79048,GPS Auto-Tag,99.5,88.3,High,True
EVT21515,Food & Craft Fair,U14772,Kitulgala White Water Rafting,Kegalle,Sabaragamuwa,2023-10-16,6.97584,80.42926,6.98563,80.43655,Manual Map Pin,1350.8,18.5,Very Low,False
EVT21516,Full Moon Party,U03799,Induruwa Turtle Conservation,Galle,Southern,2023-03-28,6.0545,80.04581,6.0451,80.05872,Manual Map Pin,1766.2,11.0,Very Low,False
EVT21517,Live Music Night,U02168,Nuwara Eliya April Season,Nuwara Eliya,Central,2024-03-06,6.94581,80.79203,6.91923,80.7924,Typed Address,2950.6,2.5,Very Low,False
EVT21518,Live Music Night,U02427,Yapahuwa Rock Fortress,Kurunegala,North Western,2023-01-03,7.82737,80.20996,7.82658,80.19617,Manual Map Pin,1519.0,15.0,Very Low,False
EVT21519,Beach Party,U10547,Diyaluma Infinity Pools,Badulla,Uva,2023-12-06,6.71926,81.03947,6.72812,81.05912,Manual Map Pin,2379.1,5.1,Very Low,False
EVT21520,Pop-up Local Festival,U01935,Sinharaja Forest Reserve Nature Walk,Ratnapura/Galle,Sabaragamuwa,2023-09-17,6.39662,80.49083,6.38567,80.47298,Manual Map Pin,2313.5,5.5,Very Low,False
EVT21521,Community New Year Carnival,U17308,Rekawa Turtle Conservation,Hambantota,Southern,2024-05-10,6.04575,80.84632,6.04422,80.84712,GPS Auto-Tag,191.3,78.7,Medium,True
EVT21522,Live Music Night,U01993,Kandy Esala Perahera,Kandy,Central,2024-03-23,7.27733,80.63763,7.28018,80.64117,Manual Map Pin,502.1,53.4,Low,False
EVT21523,Community New Year Carnival,U06381,Diyaluma Infinity Pools,Badulla,Uva,2025-01-11,6.72749,81.04465,6.72854,81.04252,GPS Auto-Tag,262.5,72.0,Medium,True
EVT21524,Pop-up Local Festival,U14244,Riverston (Mini World's End),Matale,Central,2024-08-07,7.46413,80.72929,7.47201,80.73458,Manual Map Pin,1051.4,26.9,Very Low,False
EVT21525,Pop-up Local Festival,U13840,Peak Wilderness Sanctuary Trek,Ratnapura,Sabaragamuwa,2025-03-31,6.8087,80.51735,6.8076,80.51602,GPS Auto-Tag,190.8,78.8,Medium,True
EVT21526,Live Music Night,U02849,Ravana Caves & Ella Wala Pool,Badulla,Uva,2024-02-13,6.85558,81.02633,6.85355,81.02588,GPS Auto-Tag,230.5,75.0,Medium,True
EVT21527,Village Perahera,U16562,Hikkaduwa Diving & Surfing,Galle,Southern,2025-06-11,6.14371,80.08311,6.14514,80.08138,GPS Auto-Tag,247.6,73.4,Medium,True
EVT21528,Private Wedding,U10729,Delft Wild Pony Eco Tour,Jaffna,Northern,2023-04-03,9.53974,79.6698,9.53955,79.66888,GPS Auto-Tag,102.6,88.0,High,True
EVT21529,Temple/Kovil Special Pooja,U03108,Kanneliya Rainforest Reserve,Galle,Southern,2023-06-28,6.23237,80.349,6.27078,80.32886,Typed Address,4809.1,0.2,Very Low,False
EVT21530,Beach Party,U09195,Mulkirigala Rock Monastery,Hambantota,Southern,2023-11-27,6.15792,80.88085,6.15911,80.88052,GPS Auto-Tag,136.6,84.3,Medium,True
EVT21531,Village Perahera,U10975,Riverston (Mini World's End),Matale,Central,2025-10-12,7.48121,80.72147,7.48333,80.72323,GPS Auto-Tag,304.4,68.4,Medium,True
EVT21532,Community New Year Carnival,U15133,Horton Plains & World's End Hike,Nuwara Eliya,Central,2025-11-09,6.80703,80.78006,6.84717,80.72317,Typed Address,7691.3,0.0,Very Low,False
EVT21533,Food & Craft Fair,U11035,Sera Ella Waterfall,Matale,Central,2025-08-15,7.54047,80.68291,7.54046,80.68294,GPS Auto-Tag,2.7,99.7,High,True
EVT21534,Live Music Night,U14768,St. Clair's & Devon Falls Viewpoint,Nuwara Eliya,Central,2023-10-17,7.03866,80.67274,7.05019,80.69064,Manual Map Pin,2350.8,5.3,Very Low,False
EVT21535,Corporate Retreat Event,U12504,Peak Wilderness Sanctuary Trek,Ratnapura,Sabaragamuwa,2025-06-12,6.78883,80.49296,6.79026,80.49352,GPS Auto-Tag,170.4,80.8,Medium,True
EVT21536,Live Music Night,U05865,Pasikuda Beach,Batticaloa,Eastern,2024-07-20,7.92641,81.55317,7.87923,81.54541,Typed Address,5305.8,0.1,Very Low,False
EVT21537,Private Wedding,U15559,Diyasaru Wetland Park,Colombo,Western,2024-04-12,6.87915,79.89523,6.87757,79.89468,GPS Auto-Tag,185.8,79.3,Medium,True
EVT21538,Private Wedding,U12323,Bentota River Safari & Beach,Galle,Southern,2025-12-23,6.41334,80.00176,6.44389,80.08264,Typed Address,9543.6,0.0,Very Low,False
EVT21539,Private Wedding,U03031,Hiriwadunna Village,Anuradhapura,North Central,2024-04-30,7.98993,80.75247,8.01161,80.74634,Manual Map Pin,2500.1,4.4,Very Low,False
EVT21540,Full Moon Party,U01564,Gal Oya Kudugala Village Eco Trek,Ampara,Eastern,2025-09-12,7.1786,81.44392,7.17221,81.41173,Typed Address,3615.4,1.1,Very Low,False
EVT21541,Corporate Retreat Event,U09162,Riverston (Mini World's End),Matale,Central,2023-07-16,7.46369,80.74717,7.46281,80.74551,GPS Auto-Tag,206.7,77.2,Medium,True
EVT21542,Village Perahera,U08674,Pasikuda Beach,Batticaloa,Eastern,2023-04-17,7.91871,81.57595,7.92493,81.55554,Manual Map Pin,2347.6,5.3,Very Low,False
EVT21543,Food & Craft Fair,U16658,Wewurukannala & Buduruwagala Carvings,Badulla/Monaragala,Uva,2024-12-14,6.71185,81.16521,6.83836,81.13507,Typed Address,14431.1,0.0,Very Low,False
EVT21544,Community New Year Carnival,U15978,"Christmas Celebrations, Negombo",Gampaha,Western,2024-06-24,7.18629,79.83396,7.18405,79.83396,GPS Auto-Tag,249.1,73.2,Medium,True
EVT21545,Temple/Kovil Special Pooja,U12120,Udawalawe National Park Safari,Ratnapura/Moneragala,Sabaragamuwa,2024-07-10,6.4682,80.88651,6.42861,80.88958,Typed Address,4407.4,0.4,Very Low,False
EVT21546,Village Perahera,U02869,Ravana Falls Abseiling,Badulla,Uva,2025-11-04,6.87823,81.06854,6.87754,81.06987,GPS Auto-Tag,165.0,81.4,Medium,True
EVT21547,Private Wedding,U09722,Muthurajawela Marsh Boat Safari,Gampaha,Western,2025-04-11,7.06419,79.88767,7.05381,79.88822,Manual Map Pin,1153.1,23.7,Very Low,False
EVT21548,Corporate Retreat Event,U08386,Vidattaltivu Lagoon,Mannar,Northern,2025-04-28,8.95552,80.03108,8.96507,80.02807,Typed Address,1110.3,25.0,Very Low,False
EVT21549,Pop-up Local Festival,U12589,Kumana Bird Sanctuary,Ampara,Eastern,2024-11-02,6.56562,81.67061,6.57832,81.66285,Typed Address,1648.8,12.7,Very Low,False
EVT21550,Temple/Kovil Special Pooja,U14577,Kataragama Esala Perahera,Monaragala,Uva,2025-02-04,6.41906,81.3393,6.42043,81.3374,GPS Auto-Tag,259.2,72.3,Medium,True
EVT21551,Corporate Retreat Event,U15236,Kataragama Esala Perahera,Monaragala,Uva,2023-04-12,6.4249,81.32429,6.42562,81.37659,Typed Address,5770.1,0.1,Very Low,False
EVT21552,Beach Party,U07292,Yala National Park Safari,Hambantota,Southern,2024-08-06,6.36928,81.50642,6.35536,81.49522,Manual Map Pin,1978.3,8.4,Very Low,False
EVT21553,Community New Year Carnival,U16901,Sera Ella Waterfall,Matale,Central,2024-02-19,7.53238,80.69664,7.53561,80.69205,Manual Map Pin,620.6,46.0,Low,False
EVT21554,Pop-up Local Festival,U12183,Mulkirigala Rock Monastery,Hambantota,Southern,2023-06-15,6.14496,80.89924,6.14488,80.89945,GPS Auto-Tag,25.4,96.9,High,True
EVT21555,Village Perahera,U00102,Nainativu & Nagadeepa,Jaffna,Northern,2025-09-22,9.57729,79.75173,9.57246,79.77716,Typed Address,2834.0,2.9,Very Low,False
EVT21556,Village Perahera,U11974,Bogoda Wooden Bridge,Badulla,Uva,2024-11-18,6.95355,81.03341,6.94917,81.01413,Typed Address,2179.0,6.6,Very Low,False
EVT21557,Private Wedding,U14576,Muhudu Maha Vihara,Hambantota,Southern,2024-09-05,6.35087,81.45941,6.34833,81.4596,GPS Auto-Tag,282.7,70.2,Medium,True
EVT21558,Community New Year Carnival,U00253,Tangalle Beach Escape,Hambantota,Southern,2023-08-24,6.0228,80.79045,6.01851,80.79443,Manual Map Pin,648.0,44.5,Low,False
EVT21559,Community New Year Carnival,U04062,Mannar Bird Migration Watching,Mannar,Northern,2025-12-21,8.98587,79.89451,8.99495,79.89187,Manual Map Pin,1049.0,26.9,Very Low,False
EVT21560,Food & Craft Fair,U07051,Sinhala & Tamil New Year Village Games,Anuradhapura,North Central,2025-09-11,8.3026,80.42718,8.30314,80.42681,Manual Map Pin,72.2,91.4,High,True
EVT21561,Private Wedding,U03770,Minneriya-Kaudulla Elephant Corridor,Polonnaruwa,North Central,2025-01-19,8.05105,80.9555,8.06396,80.94719,Manual Map Pin,1698.6,12.0,Very Low,False
EVT21562,Pop-up Local Festival,U14267,Sinharaja Rainforest Trekking,Ratnapura/Galle,Sabaragamuwa,2023-08-04,6.40162,80.51241,6.3999,80.51348,GPS Auto-Tag,224.6,75.5,Medium,True
EVT21563,Food & Craft Fair,U16300,Bambarakanda Falls,Badulla,Uva,2023-04-23,6.78378,80.78333,6.78517,80.78365,GPS Auto-Tag,157.7,82.1,Medium,True
EVT21564,Private Wedding,U11505,Udawalawe Elephant Transit Home,Ratnapura,Sabaragamuwa,2025-08-09,6.44225,80.89195,6.44061,80.89437,GPS Auto-Tag,322.8,66.8,Medium,True
EVT21565,Private Wedding,U06175,Horton Plains Cloud Forest Eco Walk,Nuwara Eliya,Central,2025-12-07,6.80616,80.79243,6.80745,80.78937,GPS Auto-Tag,366.1,63.3,Medium,True
EVT21566,Temple/Kovil Special Pooja,U07001,Kandy Esala Perahera,Kandy,Central,2023-01-19,7.27587,80.62638,7.237,80.70166,Typed Address,9344.7,0.0,Very Low,False
EVT21567,Food & Craft Fair,U02462,Ramboda Falls Visit,Nuwara Eliya,Central,2024-09-24,7.03807,80.68929,7.03586,80.68742,Manual Map Pin,319.8,67.0,Medium,True
EVT21568,Live Music Night,U00821,Sera Ella Waterfall,Matale,Central,2023-12-24,7.54241,80.68921,7.54132,80.6878,GPS Auto-Tag,197.1,78.2,Medium,True
EVT21569,Food & Craft Fair,U05954,Udawalawe National Park Safari,Ratnapura/Moneragala,Sabaragamuwa,2023-09-17,6.47227,80.89956,6.47036,80.89973,GPS Auto-Tag,213.1,76.6,Medium,True
EVT21570,Live Music Night,U10199,Hakgala Botanical Garden,Nuwara Eliya,Central,2025-11-05,6.91413,80.79295,6.91443,80.79412,GPS Auto-Tag,133.4,84.6,Medium,True
EVT21571,Temple/Kovil Special Pooja,U14832,Sinharaja Rainforest Trekking,Ratnapura/Galle,Sabaragamuwa,2023-06-14,6.41493,80.49706,6.41375,80.49564,GPS Auto-Tag,203.5,77.5,Medium,True
EVT21572,Pop-up Local Festival,U14933,Kanniya Hot Springs,Trincomalee,Eastern,2025-09-29,8.5927,81.18556,8.5945,81.18458,GPS Auto-Tag,227.5,75.2,Medium,True
EVT21573,Village Perahera,U10069,Vidattaltivu Lagoon,Mannar,Northern,2023-12-29,8.94333,80.0251,8.94217,80.02449,GPS Auto-Tag,145.1,83.4,Medium,True
EVT21574,Full Moon Party,U07251,Ravana Caves & Ella Wala Pool,Badulla,Uva,2023-05-20,6.82945,81.02562,6.82758,81.02388,GPS Auto-Tag,282.4,70.3,Medium,True
EVT21575,Full Moon Party,U13607,Vesak Festival (Colombo & Island-wide),Colombo,Western,2025-05-20,6.93191,79.85835,6.93689,79.85888,Manual Map Pin,555.2,50.0,Low,False
EVT21576,Corporate Retreat Event,U14750,Madunagala Hot Springs,Hambantota,Southern,2025-02-01,6.23684,81.21818,6.23766,81.21868,GPS Auto-Tag,106.1,87.6,High,True
EVT21577,Pop-up Local Festival,U13159,Nuwara Eliya April Season,Nuwara Eliya,Central,2023-03-13,6.94823,80.79288,6.94842,80.7908,GPS Auto-Tag,230.3,75.0,Medium,True
EVT21578,Village Perahera,U10218,Delft Wild Pony Eco Tour,Jaffna,Northern,2023-08-13,9.52924,79.66287,9.53109,79.66119,GPS Auto-Tag,275.5,70.9,Medium,True
EVT21579,Private Wedding,U05918,Arugam Bay Surfing,Ampara,Eastern,2025-04-15,6.83657,81.84641,6.87017,81.84333,Manual Map Pin,3744.6,0.9,Very Low,False
EVT21580,Temple/Kovil Special Pooja,U17878,Madunagala Hot Springs,Hambantota,Southern,2024-10-11,6.26328,81.2321,6.32774,81.21964,Typed Address,7286.2,0.0,Very Low,False
EVT21581,Village Perahera,U06352,Muthurajawela Marsh Boat Safari,Gampaha,Western,2025-12-06,7.06997,79.87598,7.06922,79.87525,GPS Auto-Tag,116.2,86.5,High,True
EVT21582,Live Music Night,U13238,Knuckles Conservation Forest Walk,Kandy/Matale,Central,2025-12-20,7.47136,80.77003,7.47077,80.76958,GPS Auto-Tag,81.9,90.3,High,True
EVT21583,Food & Craft Fair,U05895,Mulkirigala Rock Monastery,Hambantota,Southern,2024-12-22,6.15231,80.88724,6.12917,80.89018,Manual Map Pin,2589.5,3.9,Very Low,False
EVT21584,Full Moon Party,U11879,Bogoda Wooden Bridge,Badulla,Uva,2024-12-04,6.97608,81.03637,6.97719,81.03602,GPS Auto-Tag,129.3,85.1,High,True
EVT21585,Beach Party,U08855,St. Clair's & Devon Falls Viewpoint,Nuwara Eliya,Central,2023-08-30,7.03049,80.67469,7.02855,80.67282,GPS Auto-Tag,297.1,69.0,Medium,True
EVT21586,Corporate Retreat Event,U01488,Deepavali Festival (Colombo Kovils),Colombo,Western,2024-08-27,6.88424,79.85469,6.88463,79.85289,GPS Auto-Tag,203.5,77.5,Medium,True
EVT21587,Food & Craft Fair,U09559,Muthurajawela Marsh Boat Safari,Gampaha,Western,2024-09-24,7.06516,79.89584,7.0615,79.89349,GPS Auto-Tag,481.3,54.8,Low,False
EVT21588,Pop-up Local Festival,U12585,Wilpattu National Park Safari,Puttalam,North Western,2023-06-28,8.44867,80.04356,8.45521,80.04313,Manual Map Pin,726.9,40.3,Low,False
EVT21589,Private Wedding,U11210,Ritigala Forest Monastery,Anuradhapura,North Central,2024-04-11,8.10427,80.64713,8.1113,80.64466,Manual Map Pin,826.5,35.6,Low,False
EVT21590,Food & Craft Fair,U16721,Mulkirigala Rock Monastery,Hambantota,Southern,2023-06-05,6.16592,80.8897,6.16573,80.88977,GPS Auto-Tag,22.5,97.2,High,True
EVT21591,Private Wedding,U09033,Bopath Ella Falls Trek,Ratnapura,Sabaragamuwa,2024-07-03,6.75099,80.37458,6.75869,80.38739,Manual Map Pin,1650.1,12.7,Very Low,False
EVT21592,Private Wedding,U08068,Diyasaru Wetland Park,Colombo,Western,2023-06-11,6.87934,79.91056,6.89477,79.90353,Typed Address,1880.2,9.5,Very Low,False
EVT21593,Temple/Kovil Special Pooja,U16433,Weligama Surf School,Matara,Southern,2024-10-20,5.98173,80.43038,5.98272,80.4299,GPS Auto-Tag,121.1,86.0,High,True
EVT21594,Pop-up Local Festival,U08645,Delft Wild Pony Eco Tour,Jaffna,Northern,2025-02-25,9.52704,79.67511,9.54895,79.67982,Manual Map Pin,2485.9,4.5,Very Low,False
EVT21595,Pop-up Local Festival,U12168,Trincomalee Whale Watching,Trincomalee,Eastern,2024-05-13,8.58277,81.2374,8.58215,81.23703,GPS Auto-Tag,80.3,90.4,High,True
EVT21596,Private Wedding,U17475,Negombo Lagoon Boat Ride,Gampaha,Western,2024-07-21,7.20254,79.84521,7.156,79.84253,Typed Address,5174.7,0.2,Very Low,False
EVT21597,Temple/Kovil Special Pooja,U14614,Pasikuda Beach,Batticaloa,Eastern,2024-02-13,7.93172,81.5483,7.93463,81.5634,Manual Map Pin,1691.9,12.1,Very Low,False
EVT21598,Beach Party,U02171,Delft Island,Jaffna,Northern,2025-11-15,9.5268,79.67907,9.52702,79.67893,GPS Auto-Tag,29.0,96.4,High,True
EVT21599,Temple/Kovil Special Pooja,U07375,Arugam Bay Surfing,Ampara,Eastern,2024-03-27,6.84325,81.83194,6.84197,81.83056,GPS Auto-Tag,207.5,77.2,Medium,True
EVT21600,Private Wedding,U01552,Sinharaja Rainforest Trekking,Ratnapura/Galle,Sabaragamuwa,2024-02-27,6.38615,80.50069,6.37486,80.49288,Manual Map Pin,1520.1,15.0,Very Low,False
EVT21601,Corporate Retreat Event,U06531,Ambalangoda Mask Museum,Galle,Southern,2025-01-15,6.23148,80.04888,6.23089,80.04988,GPS Auto-Tag,127.8,85.2,High,True
EVT21602,Village Perahera,U15133,Riverston (Mini World's End),Matale,Central,2024-12-20,7.48918,80.73364,7.45701,80.72109,Typed Address,3828.3,0.8,Very Low,False
EVT21603,Temple/Kovil Special Pooja,U17091,Kalpitiya Dolphin Watching Eco Tour,Puttalam,North Western,2024-03-02,8.22865,79.77533,8.22622,79.77524,GPS Auto-Tag,270.1,71.3,Medium,True
EVT21604,Pop-up Local Festival,U09479,Colombo Galle Face & City Tour,Colombo,Western,2025-04-24,6.93659,79.85706,6.9347,79.87707,Manual Map Pin,2214.3,6.3,Very Low,False
EVT21605,Corporate Retreat Event,U10640,Madunagala Hot Springs,Hambantota,Southern,2023-07-07,6.27149,81.21668,6.27199,81.21882,GPS Auto-Tag,242.5,73.9,Medium,True
EVT21606,Community New Year Carnival,U06509,Adam's Peak (Sri Pada) Climb,Ratnapura,Sabaragamuwa,2023-11-13,6.81974,80.49982,6.8188,80.49777,GPS Auto-Tag,248.7,73.3,Medium,True
EVT21607,Beach Party,U00710,Mannar Bird Migration Watching,Mannar,Northern,2024-08-04,8.97608,79.8885,8.97611,79.88641,GPS Auto-Tag,228.4,75.2,Medium,True
EVT21608,Private Wedding,U15937,Kanneliya Rainforest Reserve,Galle,Southern,2023-11-08,6.22649,80.35083,6.22694,80.35477,Manual Map Pin,437.2,57.9,Low,False
EVT21609,Village Perahera,U09056,Kalpitiya Kite Surfing,Puttalam,North Western,2025-09-22,8.22992,79.74811,8.21413,79.74948,Manual Map Pin,1759.4,11.1,Very Low,False
EVT21610,Temple/Kovil Special Pooja,U17667,Kalpitiya Dolphin Watching Eco Tour,Puttalam,North Western,2025-11-07,8.23244,79.76623,8.25039,79.77716,Manual Map Pin,2325.9,5.5,Very Low,False
EVT21611,Pop-up Local Festival,U00451,Sinharaja Forest Reserve Nature Walk,Ratnapura/Galle,Sabaragamuwa,2025-11-14,6.38818,80.51366,6.35517,80.45117,Typed Address,7807.7,0.0,Very Low,False
EVT21612,Full Moon Party,U16633,Kumana Bird Sanctuary,Ampara,Eastern,2023-05-19,6.57197,81.66157,6.63385,81.67411,Typed Address,7006.8,0.0,Very Low,False
EVT21613,Pop-up Local Festival,U03504,Peak Wilderness Sanctuary Trek,Ratnapura,Sabaragamuwa,2024-09-30,6.80337,80.51284,6.8048,80.51921,Manual Map Pin,719.3,40.7,Low,False
EVT21614,Live Music Night,U12365,Hakgala Botanical Garden,Nuwara Eliya,Central,2025-08-28,6.90697,80.78076,6.89592,80.79021,Manual Map Pin,1609.6,13.4,Very Low,False
EVT21615,Pop-up Local Festival,U10728,Arugam Bay Surfing,Ampara,Eastern,2025-09-26,6.8572,81.83523,6.85769,81.83671,GPS Auto-Tag,171.3,80.7,Medium,True
EVT21616,Corporate Retreat Event,U06931,Sinhala & Tamil New Year Village Games,Anuradhapura,North Central,2023-03-12,8.30936,80.41283,8.30931,80.41198,GPS Auto-Tag,92.8,89.0,High,True
EVT21617,Food & Craft Fair,U07134,Deepavali Festival (Colombo Kovils),Colombo,Western,2024-01-15,6.8711,79.85322,6.90744,79.76178,Typed Address,10854.0,0.0,Very Low,False
EVT21618,Full Moon Party,U08456,Kalpitiya Kite Surfing,Puttalam,North Western,2025-07-05,8.24979,79.78334,8.25813,79.77994,Manual Map Pin,997.5,28.7,Very Low,False
EVT21619,Full Moon Party,U04265,Muhudu Maha Vihara,Hambantota,Southern,2025-03-14,6.32828,81.46792,6.34381,81.49593,Typed Address,3538.2,1.2,Very Low,False
EVT21620,Pop-up Local Festival,U11578,Dowa Rock Temple,Badulla,Uva,2023-03-04,6.88593,81.05591,6.88975,81.0761,Typed Address,2264.6,5.9,Very Low,False
EVT21621,Live Music Night,U07790,Knuckles Conservation Forest Walk,Kandy/Matale,Central,2025-09-04,7.45915,80.7681,7.45933,80.76852,GPS Auto-Tag,50.9,93.8,High,True
EVT21622,Food & Craft Fair,U05987,Kalpitiya Kite Surfing,Puttalam,North Western,2024-08-16,8.23227,79.77513,8.22045,79.7834,Manual Map Pin,1595.7,13.6,Very Low,False
EVT21623,Food & Craft Fair,U14403,Delft Wild Pony Eco Tour,Jaffna,Northern,2023-09-25,9.5147,79.66848,9.5127,79.67047,GPS Auto-Tag,311.5,67.7,Medium,True
EVT21624,Full Moon Party,U02600,Sera Ella Waterfall,Matale,Central,2025-07-20,7.55068,80.6824,7.55245,80.6983,Manual Map Pin,1761.3,11.1,Very Low,False
EVT21625,Private Wedding,U04174,Wasgamuwa National Park Safari,Matale/Polonnaruwa,Central,2025-08-22,7.76138,80.92677,7.75944,80.92592,GPS Auto-Tag,234.2,74.6,Medium,True
EVT21626,Beach Party,U15947,Delft Wild Pony Eco Tour,Jaffna,Northern,2023-11-28,9.52528,79.65919,9.47023,79.72732,Typed Address,9641.9,0.0,Very Low,False
EVT21627,Village Perahera,U14024,Wilpattu National Park Safari,Puttalam,North Western,2024-08-21,8.46052,80.05008,8.53712,80.04144,Typed Address,8555.2,0.0,Very Low,False
EVT21628,Corporate Retreat Event,U06389,Lipton's Seat Viewpoint,Badulla,Uva,2023-08-25,6.81845,81.07444,6.81803,81.07309,GPS Auto-Tag,155.3,82.4,Medium,True
EVT21629,Full Moon Party,U14803,Lipton's Seat Viewpoint,Badulla,Uva,2025-12-26,6.81572,81.05265,6.81039,80.97829,Typed Address,8216.4,0.0,Very Low,False
EVT21630,Live Music Night,U12364,Wilpattu National Park Safari,Puttalam,North Western,2025-01-04,8.45308,80.05723,8.44632,80.06623,Manual Map Pin,1240.9,21.2,Very Low,False
EVT21631,Full Moon Party,U00199,Kumana National Park Birding & Safari,Ampara,Eastern,2024-11-22,6.55907,81.66866,6.55983,81.67147,GPS Auto-Tag,321.5,66.9,Medium,True
EVT21632,Live Music Night,U13754,Kataragama Esala Perahera,Monaragala,Uva,2024-04-13,6.43716,81.34977,6.41005,81.36223,Manual Map Pin,3308.6,1.6,Very Low,False
EVT21633,Corporate Retreat Event,U14767,Kanneliya Rainforest Reserve,Galle,Southern,2024-07-31,6.2408,80.36742,6.23201,80.37024,Manual Map Pin,1024.0,27.8,Very Low,False
EVT21634,Beach Party,U05561,Minneriya Elephant Gathering,Polonnaruwa,North Central,2023-03-16,8.03842,80.90065,8.02294,80.93061,Typed Address,3713.8,1.0,Very Low,False
EVT21635,Village Perahera,U15866,Kalametiya Bird Sanctuary,Hambantota,Southern,2024-02-01,6.06546,80.9256,6.08016,80.89952,Typed Address,3308.3,1.6,Very Low,False
EVT21636,Community New Year Carnival,U07304,Muhudu Maha Vihara,Hambantota,Southern,2024-05-06,6.32574,81.48116,6.32609,81.48063,GPS Auto-Tag,70.1,91.6,High,True
EVT21637,Live Music Night,U11194,St. Clair's & Devon Falls Viewpoint,Nuwara Eliya,Central,2023-11-23,7.03268,80.67329,7.03306,80.67558,GPS Auto-Tag,255.2,72.7,Medium,True
EVT21638,Corporate Retreat Event,U04037,Bentota River Safari & Beach,Galle,Southern,2023-12-28,6.41121,79.99592,6.41051,79.99783,GPS Auto-Tag,224.0,75.6,Medium,True
EVT21639,Pop-up Local Festival,U10654,Panama Village,Ampara,Eastern,2025-01-31,6.95344,81.78157,6.93678,81.77641,Manual Map Pin,1935.6,8.9,Very Low,False
EVT21640,Pop-up Local Festival,U17192,Ambalangoda Mask Museum,Galle,Southern,2024-09-11,6.22982,80.06393,6.23192,80.06608,GPS Auto-Tag,332.5,66.0,Medium,True
EVT21641,Food & Craft Fair,U15444,Kitulgala White Water Rafting,Kegalle,Sabaragamuwa,2024-01-26,6.99338,80.40923,6.99408,80.41545,Manual Map Pin,689.6,42.2,Low,False
EVT21642,Corporate Retreat Event,U10730,Kayts Island,Jaffna,Northern,2024-04-27,9.68441,79.97838,9.68424,79.97991,GPS Auto-Tag,168.3,81.0,Medium,True
EVT21643,Village Perahera,U13820,Sinhala & Tamil New Year Village Games,Anuradhapura,North Central,2025-06-16,8.32068,80.3979,8.3219,80.39846,GPS Auto-Tag,148.4,83.1,Medium,True
EVT21644,Corporate Retreat Event,U03912,Madu Ganga Mangrove Boat Tour,Galle,Southern,2024-04-27,6.26722,80.05306,6.25249,80.06749,Manual Map Pin,2282.1,5.8,Very Low,False
EVT21645,Temple/Kovil Special Pooja,U01291,Delft Wild Pony Eco Tour,Jaffna,Northern,2023-09-16,9.54514,79.66901,9.54609,79.67038,GPS Auto-Tag,183.7,79.5,Medium,True
EVT21646,Food & Craft Fair,U10716,Sera Ella Waterfall,Matale,Central,2024-08-30,7.54317,80.69517,7.55463,80.6959,Manual Map Pin,1274.2,20.3,Very Low,False
EVT21647,Pop-up Local Festival,U03003,Mulkirigala Rock Monastery,Hambantota,Southern,2025-09-07,6.18472,80.88423,6.20406,80.86919,Manual Map Pin,2713.5,3.4,Very Low,False
EVT21648,Pop-up Local Festival,U04902,Unawatuna Beach,Galle,Southern,2023-04-16,6.02155,80.24509,6.02157,80.25005,Manual Map Pin,548.0,50.4,Low,False
EVT21649,Live Music Night,U01565,Trincomalee Whale Watching,Trincomalee,Eastern,2023-06-15,8.56446,81.23632,8.58052,81.21884,Typed Address,2618.4,3.8,Very Low,False
EVT21650,Temple/Kovil Special Pooja,U17963,Diyasaru Wetland Park,Colombo,Western,2025-07-28,6.88447,79.89571,6.88774,79.90193,Manual Map Pin,775.9,37.9,Low,False
EVT21651,Food & Craft Fair,U14152,Gal Oya Kudugala Village Eco Trek,Ampara,Eastern,2025-12-21,7.16257,81.43029,7.16715,81.43594,Manual Map Pin,804.4,36.6,Low,False
EVT21652,Live Music Night,U01567,Riverston (Mini World's End),Matale,Central,2025-05-28,7.50092,80.73204,7.52621,80.77407,Typed Address,5410.6,0.1,Very Low,False
EVT21653,Village Perahera,U08794,Knuckles Conservation Forest Walk,Kandy/Matale,Central,2025-03-29,7.47655,80.78798,7.47605,80.78768,GPS Auto-Tag,64.0,92.3,High,True
EVT21654,Private Wedding,U15693,Bellanwila-Attidiya Sanctuary,Colombo,Western,2024-08-27,6.80613,79.88366,6.80579,79.88331,GPS Auto-Tag,53.8,93.5,High,True
EVT21655,Pop-up Local Festival,U04236,Kosgoda Turtle Hatchery,Galle,Southern,2023-03-09,6.08755,79.99817,6.08782,79.99913,GPS Auto-Tag,110.3,87.1,High,True
EVT21656,Live Music Night,U06991,Anawilundawa Ramsar Wetland,Puttalam,North Western,2024-08-18,7.72857,79.80423,7.71409,79.7983,Manual Map Pin,1734.3,11.4,Very Low,False
EVT21657,Temple/Kovil Special Pooja,U17023,Belihuloya River Adventures,Ratnapura,Sabaragamuwa,2023-01-24,6.69495,80.81815,6.69641,80.81869,GPS Auto-Tag,172.3,80.6,Medium,True
EVT21658,Temple/Kovil Special Pooja,U04269,Victoria Park Nuwara Eliya,Nuwara Eliya,Central,2025-09-15,6.95924,80.77674,6.95903,80.77202,Manual Map Pin,520.5,52.2,Low,False
EVT21659,Pop-up Local Festival,U02850,Kandy Lake Evening Walk,Kandy,Central,2023-04-20,7.29042,80.63299,7.28691,80.60729,Typed Address,2856.4,2.8,Very Low,False
EVT21660,Corporate Retreat Event,U16787,Royal Botanical Garden Peradeniya,Kandy,Central,2024-12-15,7.28336,80.5908,7.28484,80.58009,Manual Map Pin,1190.4,22.6,Very Low,False
EVT21661,Community New Year Carnival,U04018,Belihuloya River Adventures,Ratnapura,Sabaragamuwa,2025-04-09,6.68134,80.83472,6.67909,80.83513,GPS Auto-Tag,253.0,72.9,Medium,True
EVT21662,Full Moon Party,U15742,Sinharaja Forest Reserve Nature Walk,Ratnapura/Galle,Sabaragamuwa,2023-04-09,6.41332,80.50338,6.41111,80.50458,GPS Auto-Tag,279.5,70.5,Medium,True
EVT21663,Private Wedding,U00955,Kumana Bird Sanctuary,Ampara,Eastern,2025-03-17,6.56034,81.67411,6.55864,81.67167,GPS Auto-Tag,329.6,66.2,Medium,True
EVT21664,Community New Year Carnival,U13729,Nilaveli Beach,Trincomalee,Eastern,2025-03-13,8.7204,81.1871,8.72112,81.189,GPS Auto-Tag,223.3,75.6,Medium,True
EVT21665,Beach Party,U15567,Diyasaru Wetland Park,Colombo,Western,2025-05-07,6.89235,79.90509,6.89218,79.90532,GPS Auto-Tag,31.4,96.2,High,True
EVT21666,Community New Year Carnival,U03984,Kataragama Esala Perahera,Monaragala,Uva,2024-04-01,6.43314,81.33316,6.42968,81.33308,Manual Map Pin,383.7,61.9,Medium,True
EVT21667,Food & Craft Fair,U07134,Bopath Ella Falls Trek,Ratnapura,Sabaragamuwa,2025-11-12,6.72016,80.3764,6.72009,80.37519,GPS Auto-Tag,134.3,84.5,Medium,True
EVT21668,Temple/Kovil Special Pooja,U10628,Kanneliya Rainforest Reserve,Galle,Southern,2023-03-10,6.22544,80.35542,6.19972,80.3615,Typed Address,2932.3,2.6,Very Low,False
EVT21669,Private Wedding,U16493,Hurulu Eco Park,Polonnaruwa,North Central,2024-01-18,8.17094,80.9067,8.16894,80.90648,GPS Auto-Tag,223.5,75.6,Medium,True
EVT21670,Live Music Night,U00488,Ramboda Falls Visit,Nuwara Eliya,Central,2025-03-30,7.04394,80.70325,7.03594,80.70486,Manual Map Pin,905.7,32.2,Low,False
EVT21671,Beach Party,U07144,Rathnapura Gem Mining Tour,Ratnapura,Sabaragamuwa,2023-09-01,6.67708,80.40294,6.67835,80.40421,GPS Auto-Tag,198.8,78.0,Medium,True
EVT21672,Community New Year Carnival,U16510,"New Year's Eve Countdown, Galle Face",Colombo,Western,2024-03-05,6.91553,79.84325,6.91736,79.84869,Manual Map Pin,633.0,45.3,Low,False
EVT21673,Temple/Kovil Special Pooja,U06226,Bentota River Safari & Beach,Galle,Southern,2025-09-26,6.42925,80.01126,6.428,80.01025,GPS Auto-Tag,177.8,80.1,Medium,True
EVT21674,Private Wedding,U14628,Dowa Rock Temple,Badulla,Uva,2023-05-29,6.8878,81.04987,6.88542,81.05038,GPS Auto-Tag,269.5,71.4,Medium,True
EVT21675,Food & Craft Fair,U12982,Knuckles Mountain Range Trekking,Kandy/Matale,Central,2025-02-05,7.47396,80.77688,7.4728,80.80283,Manual Map Pin,2858.7,2.8,Very Low,False
EVT21676,Community New Year Carnival,U16782,Ritigala Forest Monastery,Anuradhapura,North Central,2025-02-08,8.11999,80.6644,8.12761,80.67594,Typed Address,1523.9,14.9,Very Low,False
EVT21677,Private Wedding,U15518,Diyasaru Wetland Park,Colombo,Western,2023-01-13,6.89376,79.9027,6.89557,79.90146,GPS Auto-Tag,242.6,73.8,Medium,True
EVT21678,Beach Party,U10485,Kumana National Park Birding & Safari,Ampara,Eastern,2024-11-11,6.55769,81.66765,6.51306,81.63032,Typed Address,6440.5,0.0,Very Low,False
EVT21679,Temple/Kovil Special Pooja,U16474,Kochchikade St. Anthony's Feast,Colombo,Western,2023-07-22,6.93733,79.85706,6.93369,79.85623,GPS Auto-Tag,413.9,59.6,Low,False
EVT21680,Community New Year Carnival,U10328,Nuwara Eliya April Season,Nuwara Eliya,Central,2025-11-09,6.92968,80.7957,6.93165,80.79208,GPS Auto-Tag,454.7,56.6,Low,False
EVT21681,Temple/Kovil Special Pooja,U12950,Weligama Surf School,Matara,Southern,2025-05-06,5.97869,80.41476,5.9885,80.43482,Typed Address,2466.9,4.6,Very Low,False
EVT21682,Private Wedding,U02341,St. Clair's & Devon Falls Viewpoint,Nuwara Eliya,Central,2023-06-28,7.03115,80.66031,7.05239,80.66602,Manual Map Pin,2439.8,4.7,Very Low,False
EVT21683,Live Music Night,U13765,Riverston (Mini World's End),Matale,Central,2023-04-05,7.45459,80.74212,7.45512,80.74377,GPS Auto-Tag,191.4,78.7,Medium,True
EVT21684,Temple/Kovil Special Pooja,U00846,Diyaluma Infinity Pools,Badulla,Uva,2025-07-08,6.72878,81.03496,6.73069,81.05604,Typed Address,2333.3,5.4,Very Low,False
EVT21685,Private Wedding,U00823,Nuwara Eliya Gregory Lake Boating,Nuwara Eliya,Central,2023-07-02,6.94748,80.77286,6.94467,80.77667,GPS Auto-Tag,523.1,52.0,Low,False
EVT21686,Live Music Night,U05254,Kochchikade St. Anthony's Feast,Colombo,Western,2024-12-30,6.93644,79.85605,6.93726,79.83822,Manual Map Pin,1967.8,8.5,Very Low,False
EVT21687,Corporate Retreat Event,U16085,Yapahuwa Rock Fortress,Kurunegala,North Western,2024-11-24,7.82963,80.19445,7.83099,80.1926,GPS Auto-Tag,252.4,72.9,Medium,True
EVT21688,Live Music Night,U15932,Mirissa Whale Watching & Beach,Matara,Southern,2023-04-26,5.96195,80.45788,5.96346,80.45826,GPS Auto-Tag,172.2,80.6,Medium,True
EVT21689,Community New Year Carnival,U17203,Haputale Viewpoint & Tea Estates,Badulla,Uva,2023-05-25,6.76313,80.95758,6.76297,80.95521,GPS Auto-Tag,261.6,72.1,Medium,True
EVT21690,Private Wedding,U12613,"New Year's Eve Countdown, Galle Face",Colombo,Western,2024-12-29,6.92776,79.8264,6.94204,79.82695,Manual Map Pin,1586.8,13.8,Very Low,False
EVT21691,Beach Party,U06295,Nallur Festival (Nallur Kandaswamy Kovil),Jaffna,Northern,2025-08-06,9.68452,80.0335,9.68605,80.03331,GPS Auto-Tag,170.6,80.8,Medium,True
EVT21692,Village Perahera,U10354,Nilaveli Beach,Trincomalee,Eastern,2024-10-02,8.72031,81.18186,8.71891,81.18425,Manual Map Pin,304.0,68.4,Medium,True
EVT21693,Pop-up Local Festival,U02876,Kataragama Esala Perahera,Monaragala,Uva,2024-12-06,6.40968,81.3195,6.41207,81.32635,Manual Map Pin,800.6,36.8,Low,False
EVT21694,Private Wedding,U15836,Bopath Ella Falls Trek,Ratnapura,Sabaragamuwa,2025-12-04,6.72397,80.3476,6.64894,80.38236,Typed Address,9168.2,0.0,Very Low,False
EVT21695,Private Wedding,U02081,Trincomalee Whale Watching,Trincomalee,Eastern,2023-09-10,8.56973,81.22849,8.55662,81.23897,Manual Map Pin,1855.2,9.8,Very Low,False
EVT21696,Beach Party,U08204,Minneriya-Kaudulla Elephant Corridor,Polonnaruwa,North Central,2023-12-18,8.03716,80.95508,8.03326,80.95511,Manual Map Pin,432.3,58.3,Low,False
EVT21697,Corporate Retreat Event,U15512,Haputale Viewpoint & Tea Estates,Badulla,Uva,2025-06-24,6.77432,80.95263,6.7735,80.9533,GPS Auto-Tag,117.7,86.3,High,True
EVT21698,Beach Party,U09105,Mirissa Whale Watching & Beach,Matara,Southern,2025-06-03,5.94587,80.46142,5.95759,80.46754,Manual Map Pin,1466.0,16.0,Very Low,False
EVT21699,Temple/Kovil Special Pooja,U09734,Royal Botanical Garden Peradeniya,Kandy,Central,2023-08-23,7.27126,80.61431,7.26929,80.59875,Manual Map Pin,1728.0,11.5,Very Low,False
EVT21700,Pop-up Local Festival,U01569,Kalametiya Bird Sanctuary,Hambantota,Southern,2025-08-12,6.056,80.95825,6.0536,80.96007,GPS Auto-Tag,333.2,65.9,Medium,True
EVT21701,Pop-up Local Festival,U06506,Minneriya-Kaudulla Elephant Corridor,Polonnaruwa,North Central,2023-01-21,8.06225,80.94709,8.06571,80.98094,Typed Address,3739.1,0.9,Very Low,False
EVT21702,Food & Craft Fair,U09483,Riverston (Mini World's End),Matale,Central,2023-09-09,7.47857,80.72911,7.47847,80.73071,GPS Auto-Tag,176.3,80.2,Medium,True
EVT21703,Village Perahera,U15470,Diyasaru Wetland Park,Colombo,Western,2023-04-29,6.89926,79.91736,6.89806,79.91488,GPS Auto-Tag,303.7,68.4,Medium,True
EVT21704,Corporate Retreat Event,U02761,St. Clair's & Devon Falls Viewpoint,Nuwara Eliya,Central,2023-11-23,7.02803,80.66733,7.02872,80.65328,Manual Map Pin,1550.4,14.4,Very Low,False
EVT21705,Village Perahera,U14159,Mirissa Whale Watching & Beach,Matara,Southern,2024-08-21,5.93512,80.45603,5.9443,80.46382,Manual Map Pin,1333.8,18.9,Very Low,False
EVT21706,Full Moon Party,U09159,Kitulgala White Water Rafting,Kegalle,Sabaragamuwa,2024-08-27,6.98713,80.41435,6.97004,80.41251,Manual Map Pin,1907.8,9.2,Very Low,False
EVT21707,Food & Craft Fair,U10066,Nallur Festival (Nallur Kandaswamy Kovil),Jaffna,Northern,2025-01-12,9.67218,80.018,9.67086,80.01824,GPS Auto-Tag,149.9,82.9,Medium,True
EVT21708,Private Wedding,U02596,Meemure Village,Kandy,Central,2023-05-17,7.4644,80.79537,7.46482,80.79644,GPS Auto-Tag,126.6,85.4,High,True
EVT21709,Private Wedding,U15523,Yapahuwa Rock Fortress,Kurunegala,North Western,2025-10-24,7.83296,80.18248,7.84934,80.22289,Typed Address,4801.1,0.2,Very Low,False
EVT21710,Live Music Night,U14082,Kanniya Hot Springs,Trincomalee,Eastern,2024-12-30,8.58818,81.16622,8.59286,81.11381,Typed Address,5775.9,0.1,Very Low,False
EVT21711,Village Perahera,U05871,Gal Oya Kudugala Village Eco Trek,Ampara,Eastern,2024-06-25,7.1645,81.43703,7.16457,81.43779,GPS Auto-Tag,84.2,90.0,High,True
EVT21712,Corporate Retreat Event,U02044,Sinhala & Tamil New Year Village Games,Anuradhapura,North Central,2024-01-01,8.31089,80.39759,8.2889,80.42535,Typed Address,3905.6,0.8,Very Low,False
EVT21713,Private Wedding,U02328,St. Clair's & Devon Falls Viewpoint,Nuwara Eliya,Central,2024-12-28,7.04733,80.66364,7.04737,80.66398,GPS Auto-Tag,37.5,95.4,High,True
EVT21714,Community New Year Carnival,U08333,Unawatuna Beach,Galle,Southern,2023-09-19,6.01847,80.24604,6.02132,80.24538,GPS Auto-Tag,323.7,66.7,Medium,True
EVT21715,Live Music Night,U07988,Udawalawe National Park Safari,Ratnapura/Moneragala,Sabaragamuwa,2024-07-14,6.47138,80.89157,6.46123,80.87656,Typed Address,2002.9,8.2,Very Low,False
EVT21716,Beach Party,U02667,Colombo Galle Face & City Tour,Colombo,Western,2023-01-09,6.92608,79.84957,6.879,79.82504,Typed Address,5883.2,0.1,Very Low,False
EVT21717,Food & Craft Fair,U07954,Mannar Bird Migration Watching,Mannar,Northern,2025-03-16,8.99038,79.90634,8.99064,79.92071,Manual Map Pin,1575.9,13.9,Very Low,False
EVT21718,Community New Year Carnival,U04493,Knuckles Mountain Range Trekking,Kandy/Matale,Central,2025-02-20,7.45826,80.78257,7.469,80.7803,Manual Map Pin,1218.0,21.8,Very Low,False
EVT21719,Private Wedding,U09607,Trincomalee Whale Watching,Trincomalee,Eastern,2025-03-06,8.56574,81.24275,8.56642,81.24322,GPS Auto-Tag,91.5,89.2,High,True
EVT21720,Full Moon Party,U12541,Yala National Park Safari,Hambantota,Southern,2023-01-07,6.38133,81.49971,6.37299,81.48812,Manual Map Pin,1578.2,13.9,Very Low,False
EVT21721,Full Moon Party,U12732,Meemure Village,Kandy,Central,2024-03-02,7.48087,80.79862,7.48208,80.79661,GPS Auto-Tag,258.3,72.4,Medium,True
EVT21722,Corporate Retreat Event,U10637,Hiriwadunna Village,Anuradhapura,North Central,2025-09-05,8.00202,80.73902,7.98347,80.74445,Manual Map Pin,2143.6,6.9,Very Low,False
EVT21723,Pop-up Local Festival,U06043,Udawalawe National Park Safari,Ratnapura/Moneragala,Sabaragamuwa,2025-09-26,6.46681,80.86806,6.4244,80.81531,Typed Address,7484.5,0.0,Very Low,False
EVT21724,Beach Party,U10332,Thalangama Wetland Birdwatching,Colombo,Western,2024-11-20,6.86912,79.9272,6.85141,79.91516,Typed Address,2372.1,5.2,Very Low,False
EVT21725,Live Music Night,U00991,Bentota River Safari & Beach,Galle,Southern,2023-05-03,6.4262,80.01016,6.42431,80.10628,Typed Address,10604.2,0.0,Very Low,False
EVT21726,Food & Craft Fair,U05206,Haputale Viewpoint & Tea Estates,Badulla,Uva,2025-07-07,6.75699,80.94474,6.75575,80.94561,GPS Auto-Tag,167.4,81.1,Medium,True
EVT21727,Pop-up Local Festival,U13026,Tangalle Beach Escape,Hambantota,Southern,2024-05-16,6.02234,80.79812,5.99754,80.78432,Typed Address,3145.8,2.0,Very Low,False
EVT21728,Full Moon Party,U15050,Ella Rock & Little Adam's Peak Hike,Badulla,Uva,2023-09-12,6.86423,81.04761,6.86547,81.04517,GPS Auto-Tag,302.8,68.5,Medium,True
EVT21729,Private Wedding,U12294,Rekawa Turtle Conservation,Hambantota,Southern,2024-03-30,6.0465,80.85689,6.04632,80.85917,GPS Auto-Tag,251.5,73.0,Medium,True
EVT21730,Full Moon Party,U00925,Trincomalee Whale Watching,Trincomalee,Eastern,2023-11-02,8.55955,81.22081,8.56229,81.14728,Typed Address,8076.4,0.0,Very Low,False
EVT21731,Private Wedding,U05142,Udawalawe Elephant Transit Home,Ratnapura,Sabaragamuwa,2023-02-03,6.42067,80.87518,6.41764,80.82106,Typed Address,5979.2,0.1,Very Low,False
EVT21732,Temple/Kovil Special Pooja,U09843,Mulkirigala Rock Monastery,Hambantota,Southern,2024-11-02,6.14179,80.86808,6.14325,80.86728,GPS Auto-Tag,185.4,79.3,Medium,True
EVT21733,Pop-up Local Festival,U10722,Deepavali Festival (Colombo Kovils),Colombo,Western,2025-12-15,6.87192,79.86405,6.87236,79.86348,GPS Auto-Tag,79.5,90.5,High,True
EVT21734,Village Perahera,U12966,Udawalawe National Park Safari,Ratnapura/Moneragala,Sabaragamuwa,2025-03-25,6.47224,80.8848,6.47184,80.8879,GPS Auto-Tag,344.3,65.0,Medium,True
EVT21735,Beach Party,U04257,Colombo Galle Face & City Tour,Colombo,Western,2024-02-02,6.93434,79.86523,6.92378,79.86148,Manual Map Pin,1242.9,21.1,Very Low,False
EVT21736,Private Wedding,U01362,Laxapana Falls Trek,Nuwara Eliya,Central,2025-04-08,6.91534,80.49808,6.90782,80.49389,Manual Map Pin,953.8,30.4,Low,False
EVT21737,Private Wedding,U08413,Kumana Bird Sanctuary,Ampara,Eastern,2024-07-10,6.58601,81.64981,6.58567,81.65064,GPS Auto-Tag,99.3,88.3,High,True
EVT21738,Village Perahera,U09737,Hakgala Botanical Garden,Nuwara Eliya,Central,2025-01-07,6.92879,80.7876,6.93397,80.79503,Manual Map Pin,1000.0,28.7,Very Low,False
EVT21739,Village Perahera,U16904,"Christmas Celebrations, Negombo",Gampaha,Western,2023-02-01,7.21247,79.83544,7.22282,79.84633,Manual Map Pin,1661.1,12.5,Very Low,False
EVT21740,Private Wedding,U10078,Laxapana Falls Trek,Nuwara Eliya,Central,2025-08-26,6.92812,80.51608,6.92626,80.51432,GPS Auto-Tag,283.2,70.2,Medium,True
EVT21741,Village Perahera,U03772,Riverston (Mini World's End),Matale,Central,2023-12-23,7.44915,80.73694,7.44761,80.73622,GPS Auto-Tag,188.4,79.0,Medium,True
EVT21742,Full Moon Party,U10051,Kalpitiya Dolphin Watching Eco Tour,Puttalam,North Western,2024-04-21,8.22534,79.77016,8.22386,79.79718,Manual Map Pin,2972.7,2.4,Very Low,False
EVT21743,Full Moon Party,U09369,Victoria Park Nuwara Eliya,Nuwara Eliya,Central,2024-12-27,6.9918,80.7585,6.99068,80.75836,GPS Auto-Tag,125.1,85.5,High,True
EVT21744,Community New Year Carnival,U01671,Nuwara Eliya Gregory Lake Boating,Nuwara Eliya,Central,2025-03-24,6.95748,80.77539,6.95113,80.77316,Manual Map Pin,745.8,39.4,Low,False
EVT21745,Private Wedding,U01915,Wewurukannala & Buduruwagala Carvings,Badulla/Monaragala,Uva,2025-09-25,6.70314,81.17013,6.72089,81.18935,Manual Map Pin,2893.2,2.7,Very Low,False
EVT21746,Pop-up Local Festival,U07269,Sinharaja Rainforest Trekking,Ratnapura/Galle,Sabaragamuwa,2023-03-25,6.3839,80.5055,6.38415,80.50726,GPS Auto-Tag,195.6,78.3,Medium,True
EVT21747,Beach Party,U01098,Kataragama Esala Perahera,Monaragala,Uva,2023-06-18,6.40536,81.34055,6.39467,81.33568,Manual Map Pin,1301.8,19.6,Very Low,False
EVT21748,Food & Craft Fair,U12059,Kandy Lake Evening Walk,Kandy,Central,2024-12-13,7.29734,80.6513,7.30044,80.67273,Typed Address,2383.9,5.1,Very Low,False
EVT21749,Corporate Retreat Event,U06268,Nilaveli Beach,Trincomalee,Eastern,2025-01-05,8.71343,81.19107,8.72599,81.22124,Typed Address,3592.0,1.1,Very Low,False
EVT21750,Beach Party,U15334,Wilpattu National Park Safari,Puttalam,North Western,2025-06-16,8.46334,80.05579,8.43706,80.1107,Typed Address,6697.7,0.0,Very Low,False
EVT21751,Live Music Night,U06970,Delft Island,Jaffna,Northern,2023-01-07,9.52853,79.6692,9.55683,79.66027,Typed Address,3289.8,1.6,Very Low,False
EVT21752,Village Perahera,U04057,Adam's Peak (Sri Pada) Climb,Ratnapura,Sabaragamuwa,2024-06-10,6.80155,80.4846,6.81394,80.49517,Manual Map Pin,1802.7,10.5,Very Low,False
EVT21753,Beach Party,U09195,Dowa Rock Temple,Badulla,Uva,2024-03-27,6.87531,81.03863,6.88221,81.02521,Manual Map Pin,1665.7,12.5,Very Low,False
EVT21754,Food & Craft Fair,U07104,Vesak Festival (Colombo & Island-wide),Colombo,Western,2023-02-17,6.91149,79.86754,6.91016,79.86604,GPS Auto-Tag,221.7,75.8,Medium,True
EVT21755,Full Moon Party,U02858,Sinharaja Rainforest Trekking,Ratnapura/Galle,Sabaragamuwa,2024-12-20,6.39922,80.497,6.38308,80.4968,Manual Map Pin,1791.4,10.7,Very Low,False
EVT21756,Food & Craft Fair,U01239,Nuwara Eliya April Season,Nuwara Eliya,Central,2025-07-25,6.94902,80.77464,6.96526,80.7836,Manual Map Pin,2055.0,7.7,Very Low,False
EVT21757,Village Perahera,U09153,Horton Plains & World's End Hike,Nuwara Eliya,Central,2024-10-07,6.81391,80.82313,6.81317,80.82518,GPS Auto-Tag,240.5,74.0,Medium,True
EVT21758,Village Perahera,U06597,Victoria Park Nuwara Eliya,Nuwara Eliya,Central,2023-02-22,6.97479,80.7811,6.9749,80.78569,GPS Auto-Tag,506.1,53.1,Low,False
EVT21759,Temple/Kovil Special Pooja,U08940,Thalangama Wetland Birdwatching,Colombo,Western,2023-05-29,6.89568,79.93198,6.89671,79.9315,GPS Auto-Tag,125.2,85.5,High,True
EVT21760,Private Wedding,U16799,Diyaluma Infinity Pools,Badulla,Uva,2023-01-25,6.73755,81.02867,6.73707,81.0315,GPS Auto-Tag,316.5,67.3,Medium,True
EVT21761,Village Perahera,U15313,Anuradhapura Cycling Tour,Anuradhapura,North Central,2025-08-12,8.31444,80.41963,8.36879,80.42634,Typed Address,6078.0,0.1,Very Low,False
EVT21762,Live Music Night,U17701,Kalpitiya Dolphin Watching Eco Tour,Puttalam,North Western,2025-10-13,8.2407,79.76518,8.24793,79.75376,Manual Map Pin,1488.9,15.5,Very Low,False
EVT21763,Food & Craft Fair,U17334,Negombo Lagoon Boat Ride,Gampaha,Western,2024-07-03,7.2179,79.82741,7.20886,79.81778,Manual Map Pin,1460.1,16.1,Very Low,False
EVT21764,Pop-up Local Festival,U16597,Hakgala Botanical Garden,Nuwara Eliya,Central,2025-06-08,6.89722,80.77646,6.89842,80.77724,GPS Auto-Tag,158.9,82.0,Medium,True
EVT21765,Pop-up Local Festival,U07785,Madu Ganga Mangrove Boat Tour,Galle,Southern,2024-09-17,6.25945,80.05387,6.24998,80.04444,Manual Map Pin,1478.2,15.8,Very Low,False
EVT21766,Beach Party,U02715,Riverston (Mini World's End),Matale,Central,2024-02-04,7.48377,80.71488,7.50888,80.74805,Manual Map Pin,4592.2,0.3,Very Low,False
EVT21767,Beach Party,U05292,Tangalle Beach Escape,Hambantota,Southern,2023-10-02,6.00574,80.80045,5.99697,80.78972,Manual Map Pin,1534.0,14.7,Very Low,False
EVT21768,Pop-up Local Festival,U10858,Horton Plains Cloud Forest Eco Walk,Nuwara Eliya,Central,2023-07-03,6.81444,80.79295,6.81439,80.79309,GPS Auto-Tag,17.0,97.9,High,True
EVT21769,Community New Year Carnival,U12731,Unawatuna Beach,Galle,Southern,2025-05-16,6.02996,80.25876,6.03035,80.24234,Manual Map Pin,1812.5,10.4,Very Low,False
EVT21770,Community New Year Carnival,U14480,Hikkaduwa Diving & Surfing,Galle,Southern,2025-03-03,6.1573,80.10356,6.12315,80.13592,Typed Address,5208.3,0.1,Very Low,False
EVT21771,Live Music Night,U15819,Hikkaduwa Diving & Surfing,Galle,Southern,2025-06-27,6.14577,80.0876,6.14047,80.08443,Manual Map Pin,684.8,42.5,Low,False
EVT21772,Food & Craft Fair,U10573,Delft Wild Pony Eco Tour,Jaffna,Northern,2024-06-28,9.55559,79.67519,9.55523,79.67693,GPS Auto-Tag,193.6,78.5,Medium,True
EVT21773,Live Music Night,U07494,Ritigala Forest Monastery,Anuradhapura,North Central,2024-04-18,8.10596,80.6561,8.10601,80.65533,GPS Auto-Tag,84.7,90.0,High,True
EVT21774,Full Moon Party,U15874,Vesak Festival (Colombo & Island-wide),Colombo,Western,2023-11-13,6.89776,79.8773,6.89871,79.87846,GPS Auto-Tag,165.4,81.3,Medium,True
EVT21775,Food & Craft Fair,U11262,Gal Oya Kudugala Village Eco Trek,Ampara,Eastern,2023-04-12,7.16001,81.45752,7.17724,81.43994,Typed Address,2721.3,3.3,Very Low,False
EVT21776,Community New Year Carnival,U14373,Tangalle Beach Escape,Hambantota,Southern,2025-05-23,6.02504,80.7986,6.02227,80.79724,GPS Auto-Tag,342.2,65.2,Medium,True
EVT21777,Village Perahera,U12660,Kalametiya Bird Sanctuary,Hambantota,Southern,2025-06-04,6.06529,80.91562,6.00854,80.91407,Typed Address,6301.6,0.0,Very Low,False
EVT21778,Community New Year Carnival,U11056,Colombo Galle Face & City Tour,Colombo,Western,2025-12-05,6.93473,79.87013,6.93596,79.86677,GPS Auto-Tag,394.2,61.1,Medium,True
EVT21779,Pop-up Local Festival,U08167,Wewurukannala & Buduruwagala Carvings,Badulla/Monaragala,Uva,2024-03-26,6.72816,81.15061,6.72852,81.15244,Manual Map Pin,205.5,77.3,Medium,True
EVT21780,Pop-up Local Festival,U17496,Induruwa Turtle Conservation,Galle,Southern,2024-10-14,6.05687,80.03054,6.06185,80.03148,Manual Map Pin,562.1,49.5,Low,False
EVT21781,Community New Year Carnival,U00680,Kochchikade St. Anthony's Feast,Colombo,Western,2023-03-06,6.93222,79.81509,6.93423,79.81442,GPS Auto-Tag,235.4,74.5,Medium,True
EVT21782,Corporate Retreat Event,U12542,Sera Ella Waterfall,Matale,Central,2024-12-05,7.54411,80.68752,7.54189,80.68897,GPS Auto-Tag,294.0,69.2,Medium,True
EVT21783,Village Perahera,U02521,Vidattaltivu Lagoon,Mannar,Northern,2024-04-07,8.94107,80.04118,8.94256,80.04126,GPS Auto-Tag,165.3,81.3,Medium,True
EVT21784,Food & Craft Fair,U00200,Nuwara Eliya Tea Factory Tour,Nuwara Eliya,Central,2023-10-29,6.95957,80.78423,6.95966,80.78406,GPS Auto-Tag,21.1,97.4,High,True
EVT21785,Private Wedding,U15603,Ravana Falls Abseiling,Badulla,Uva,2023-08-21,6.87755,81.05329,6.92079,81.09177,Typed Address,6404.6,0.0,Very Low,False
EVT21786,Live Music Night,U04602,Bogoda Wooden Bridge,Badulla,Uva,2023-06-09,6.97283,81.02038,6.93245,81.07558,Typed Address,7555.3,0.0,Very Low,False
EVT21787,Live Music Night,U15516,Knuckles Conservation Forest Walk,Kandy/Matale,Central,2023-02-06,7.45662,80.77154,7.45581,80.76815,Manual Map Pin,383.7,61.9,Medium,True
EVT21788,Temple/Kovil Special Pooja,U17359,Bentota River Safari & Beach,Galle,Southern,2024-11-19,6.44626,79.98373,6.42234,79.96723,Typed Address,3218.7,1.8,Very Low,False
EVT21789,Private Wedding,U12999,Kumana Bird Sanctuary,Ampara,Eastern,2023-04-08,6.59411,81.66305,6.59522,81.66176,GPS Auto-Tag,187.8,79.1,Medium,True
EVT21790,Food & Craft Fair,U14783,St. Clair's & Devon Falls Viewpoint,Nuwara Eliya,Central,2024-06-11,7.03457,80.67306,7.05783,80.71272,Typed Address,5075.0,0.2,Very Low,False
EVT21791,Full Moon Party,U12414,Anawilundawa Ramsar Wetland,Puttalam,North Western,2024-07-21,7.72261,79.8066,7.75553,79.74342,Typed Address,7851.4,0.0,Very Low,False
EVT21792,Beach Party,U10076,Sinharaja Rainforest Trekking,Ratnapura/Galle,Sabaragamuwa,2023-01-16,6.41566,80.48286,6.41545,80.48266,GPS Auto-Tag,32.9,96.0,High,True
EVT21793,Community New Year Carnival,U14031,Anawilundawa Ramsar Wetland,Puttalam,North Western,2024-09-24,7.74943,79.82443,7.74972,79.82618,GPS Auto-Tag,194.7,78.4,Medium,True
EVT21794,Food & Craft Fair,U02442,Weligama Surf School,Matara,Southern,2023-07-06,5.97538,80.42437,5.97628,80.42557,GPS Auto-Tag,165.7,81.3,Medium,True
EVT21795,Pop-up Local Festival,U11884,Beddagana Wetland Park,Colombo,Western,2023-03-05,6.88456,79.92297,6.91163,79.89946,Typed Address,3967.2,0.7,Very Low,False
EVT21796,Live Music Night,U01705,Sinharaja Forest Reserve Nature Walk,Ratnapura/Galle,Sabaragamuwa,2025-01-20,6.40339,80.48966,6.40499,80.4909,GPS Auto-Tag,223.9,75.6,Medium,True
EVT21797,Community New Year Carnival,U13186,Kanneliya Rainforest Reserve,Galle,Southern,2025-09-06,6.2385,80.349,6.23944,80.35074,GPS Auto-Tag,218.4,76.1,Medium,True
EVT21798,Community New Year Carnival,U08244,Meemure Village,Kandy,Central,2023-05-10,7.47551,80.78047,7.46883,80.77545,Manual Map Pin,924.0,31.5,Low,False
EVT21799,Live Music Night,U15014,Meemure Village,Kandy,Central,2024-12-14,7.45503,80.80916,7.46734,80.81327,Typed Address,1440.2,16.5,Very Low,False
EVT21800,Food & Craft Fair,U14111,Trincomalee Whale Watching,Trincomalee,Eastern,2023-09-17,8.56411,81.2284,8.56446,81.22735,GPS Auto-Tag,121.5,85.9,High,True
EVT21801,Full Moon Party,U05662,Knuckles Conservation Forest Walk,Kandy/Matale,Central,2024-01-11,7.47623,80.78129,7.48046,80.78603,Manual Map Pin,703.1,41.5,Low,False
EVT21802,Village Perahera,U13529,Ritigala Forest Monastery,Anuradhapura,North Central,2023-06-17,8.1216,80.64879,8.12348,80.64888,GPS Auto-Tag,208.0,77.1,Medium,True
EVT21803,Food & Craft Fair,U08373,Bopath Ella Falls Trek,Ratnapura,Sabaragamuwa,2024-09-19,6.7379,80.37803,6.69064,80.42698,Typed Address,7524.9,0.0,Very Low,False
EVT21804,Pop-up Local Festival,U09287,Sera Ella Waterfall,Matale,Central,2023-01-26,7.53328,80.66473,7.5348,80.66565,GPS Auto-Tag,197.7,78.1,Medium,True
EVT21805,Community New Year Carnival,U10270,Ravana Falls Abseiling,Badulla,Uva,2025-07-08,6.89203,81.04066,6.89116,81.04242,GPS Auto-Tag,216.5,76.3,Medium,True
EVT21806,Pop-up Local Festival,U14342,Delft Wild Pony Eco Tour,Jaffna,Northern,2023-11-19,9.52348,79.65499,9.53212,79.66211,Manual Map Pin,1236.3,21.3,Very Low,False
EVT21807,Private Wedding,U07715,Hurulu Eco Park,Polonnaruwa,North Central,2025-01-31,8.17139,80.88154,8.17189,80.88064,GPS Auto-Tag,112.9,86.8,High,True
EVT21808,Food & Craft Fair,U11170,Panama-Kudumbigala Eco Reserve,Ampara,Eastern,2024-05-19,6.89782,81.77908,6.84869,81.74444,Typed Address,6656.2,0.0,Very Low,False
EVT21809,Pop-up Local Festival,U00835,Kumana Bird Sanctuary,Ampara,Eastern,2023-05-12,6.56786,81.65762,6.56603,81.6547,GPS Auto-Tag,380.0,62.2,Medium,True
EVT21810,Pop-up Local Festival,U07122,Weligama Surf School,Matara,Southern,2025-01-06,5.97692,80.43,5.98326,80.4233,Manual Map Pin,1020.9,27.9,Very Low,False
EVT21811,Full Moon Party,U08156,Meemure Village,Kandy,Central,2025-12-18,7.46575,80.79287,7.54812,80.79638,Typed Address,9151.6,0.0,Very Low,False
EVT21812,Community New Year Carnival,U03793,Anawilundawa Ramsar Wetland,Puttalam,North Western,2025-06-27,7.73865,79.81501,7.73818,79.81541,GPS Auto-Tag,68.0,91.9,High,True
EVT21813,Village Perahera,U09423,Nuwara Eliya April Season,Nuwara Eliya,Central,2023-07-10,6.95743,80.76691,6.95727,80.76514,GPS Auto-Tag,196.3,78.2,Medium,True
EVT21814,Village Perahera,U10069,Udawalawe National Park Safari,Ratnapura/Moneragala,Sabaragamuwa,2024-11-03,6.46036,80.88161,6.45398,80.87913,Manual Map Pin,759.1,38.7,Low,False
EVT21815,Full Moon Party,U15726,Pigeon Island Snorkeling,Trincomalee,Eastern,2025-01-20,8.72417,81.19916,8.72379,81.1995,GPS Auto-Tag,56.3,93.2,High,True
EVT21816,Beach Party,U16305,Bopath Ella Falls Trek,Ratnapura,Sabaragamuwa,2024-10-01,6.73181,80.37362,6.73167,80.30777,Typed Address,7259.0,0.0,Very Low,False
EVT21817,Beach Party,U01899,Wasgamuwa National Park Safari,Matale/Polonnaruwa,Central,2024-03-13,7.78682,80.91527,7.79904,80.91345,Manual Map Pin,1370.3,18.0,Very Low,False
EVT21818,Beach Party,U03681,Rathnapura Gem Mining Tour,Ratnapura,Sabaragamuwa,2025-08-03,6.65496,80.39058,6.63086,80.38,Manual Map Pin,2918.1,2.6,Very Low,False
EVT21819,Private Wedding,U02976,Colombo Galle Face & City Tour,Colombo,Western,2023-05-09,6.93954,79.85717,6.93451,79.85586,Manual Map Pin,577.7,48.6,Low,False
EVT21820,Beach Party,U15445,Kandy Lake Evening Walk,Kandy,Central,2024-03-16,7.28932,80.64852,7.29078,80.64878,GPS Auto-Tag,165.2,81.3,Medium,True
EVT21821,Beach Party,U07444,Sinharaja Forest Reserve Nature Walk,Ratnapura/Galle,Sabaragamuwa,2025-05-25,6.40722,80.50026,6.40724,80.50154,GPS Auto-Tag,141.0,83.8,Medium,True
EVT21822,Village Perahera,U02282,Panama Village,Ampara,Eastern,2025-03-27,6.93132,81.79041,6.98024,81.78674,Typed Address,5445.4,0.1,Very Low,False
EVT21823,Pop-up Local Festival,U06955,Knuckles Conservation Forest Walk,Kandy/Matale,Central,2025-07-26,7.45382,80.79015,7.44786,80.78387,Manual Map Pin,957.0,30.2,Low,False
EVT21824,Private Wedding,U05003,Dowa Rock Temple,Badulla,Uva,2024-07-25,6.88607,81.05969,6.88527,81.06003,GPS Auto-Tag,96.9,88.6,High,True
EVT21825,Pop-up Local Festival,U09428,Hurulu Eco Park,Polonnaruwa,North Central,2025-03-03,8.15639,80.88806,8.15667,80.88999,GPS Auto-Tag,214.1,76.5,Medium,True
EVT21826,Temple/Kovil Special Pooja,U11707,Rekawa Turtle Conservation,Hambantota,Southern,2024-05-14,6.04688,80.85507,6.04441,80.86659,Manual Map Pin,1300.4,19.7,Very Low,False
EVT21827,Beach Party,U16762,Deepavali Festival (Colombo Kovils),Colombo,Western,2023-10-21,6.87798,79.8699,6.8959,79.83924,Typed Address,3921.3,0.7,Very Low,False
EVT21828,Corporate Retreat Event,U15940,Madunagala Hot Springs,Hambantota,Southern,2025-01-23,6.25097,81.23724,6.24833,81.23636,GPS Auto-Tag,308.1,68.0,Medium,True
EVT21829,Food & Craft Fair,U00771,St. Clair's & Devon Falls Viewpoint,Nuwara Eliya,Central,2024-09-03,7.02385,80.67247,7.03573,80.68822,Manual Map Pin,2179.4,6.6,Very Low,False
EVT21830,Private Wedding,U16471,Sinharaja Forest Reserve Nature Walk,Ratnapura/Galle,Sabaragamuwa,2025-02-28,6.39868,80.49865,6.38347,80.44615,Typed Address,6032.2,0.1,Very Low,False
EVT21831,Private Wedding,U09936,Adam's Peak (Sri Pada) Climb,Ratnapura,Sabaragamuwa,2025-11-01,6.80129,80.48069,6.80119,80.47846,GPS Auto-Tag,246.1,73.5,Medium,True
EVT21832,Temple/Kovil Special Pooja,U05125,Kayts Island,Jaffna,Northern,2025-10-16,9.6723,79.95228,9.67065,79.95436,GPS Auto-Tag,292.7,69.4,Medium,True
EVT21833,Beach Party,U02842,Kandy Esala Perahera,Kandy,Central,2023-08-18,7.29569,80.61832,7.29645,80.61864,GPS Auto-Tag,91.8,89.2,High,True
EVT21834,Full Moon Party,U17867,Muhudu Maha Vihara,Hambantota,Southern,2025-09-28,6.33458,81.47742,6.34293,81.47336,Manual Map Pin,1030.2,27.6,Very Low,False
EVT21835,Community New Year Carnival,U00055,Nilaveli Beach,Trincomalee,Eastern,2025-10-19,8.72124,81.17926,8.76858,81.17615,Typed Address,5266.1,0.1,Very Low,False
EVT21836,Full Moon Party,U14179,Delft Island,Jaffna,Northern,2024-07-16,9.53586,79.66414,9.52738,79.66253,Manual Map Pin,957.8,30.2,Low,False
EVT21837,Food & Craft Fair,U02461,"New Year's Eve Countdown, Galle Face",Colombo,Western,2025-08-14,6.92623,79.83513,6.92454,79.81622,Manual Map Pin,2091.5,7.3,Very Low,False
EVT21838,Corporate Retreat Event,U05114,Trincomalee Whale Watching,Trincomalee,Eastern,2024-05-23,8.55392,81.25096,8.55358,81.24964,GPS Auto-Tag,149.2,83.0,Medium,True
EVT21839,Pop-up Local Festival,U06384,Anuradhapura Cycling Tour,Anuradhapura,North Central,2023-12-31,8.31871,80.40082,8.31459,80.40799,Manual Map Pin,911.7,32.0,Low,False
EVT21840,Community New Year Carnival,U08184,Ravana Caves & Ella Wala Pool,Badulla,Uva,2025-04-29,6.83331,81.03478,6.83545,81.03593,GPS Auto-Tag,269.3,71.4,Medium,True
EVT21841,Food & Craft Fair,U03796,Bellanwila-Attidiya Sanctuary,Colombo,Western,2025-05-28,6.83721,79.88342,6.83645,79.88668,GPS Auto-Tag,368.8,63.1,Medium,True
EVT21842,Live Music Night,U03330,Haputale Viewpoint & Tea Estates,Badulla,Uva,2025-01-31,6.76872,80.95692,6.77631,80.95504,Manual Map Pin,867.2,33.8,Low,False
EVT21843,Pop-up Local Festival,U09609,Bogoda Wooden Bridge,Badulla,Uva,2023-03-31,6.98041,81.00141,6.97783,80.99928,GPS Auto-Tag,371.1,62.9,Medium,True
EVT21844,Temple/Kovil Special Pooja,U16798,Panama-Kudumbigala Eco Reserve,Ampara,Eastern,2024-06-04,6.88095,81.79329,6.88151,81.79531,GPS Auto-Tag,231.2,74.9,Medium,True
EVT21845,Community New Year Carnival,U13610,Kayts Island,Jaffna,Northern,2023-08-19,9.6771,79.98584,9.67873,79.98791,GPS Auto-Tag,289.4,69.6,Medium,True
EVT21846,Temple/Kovil Special Pooja,U09570,Kumana National Park Birding & Safari,Ampara,Eastern,2023-02-15,6.55634,81.69179,6.55424,81.69134,GPS Auto-Tag,238.0,74.3,Medium,True
EVT21847,Village Perahera,U01661,Riverston (Mini World's End),Matale,Central,2025-07-01,7.47071,80.73583,7.46474,80.74879,Manual Map Pin,1572.6,14.0,Very Low,False
EVT21848,Temple/Kovil Special Pooja,U11772,Ambalangoda Mask Museum,Galle,Southern,2025-01-03,6.23601,80.0596,6.24083,80.05116,Typed Address,1074.0,26.1,Very Low,False
EVT21849,Beach Party,U17834,Pigeon Island Snorkeling,Trincomalee,Eastern,2023-09-13,8.71454,81.22764,8.80054,81.23951,Typed Address,9633.9,0.0,Very Low,False
EVT21850,Beach Party,U03142,Bellanwila-Attidiya Sanctuary,Colombo,Western,2024-11-21,6.83372,79.8911,6.81588,79.83137,Typed Address,6874.4,0.0,Very Low,False
EVT21851,Temple/Kovil Special Pooja,U10990,Deepavali Festival (Colombo Kovils),Colombo,Western,2024-09-12,6.88615,79.86365,6.88953,79.86531,GPS Auto-Tag,417.1,59.4,Low,False
EVT21852,Corporate Retreat Event,U16637,Kumana National Park Birding & Safari,Ampara,Eastern,2023-10-30,6.57501,81.67186,6.57469,81.67215,GPS Auto-Tag,47.4,94.2,High,True
EVT21853,Temple/Kovil Special Pooja,U16171,Kanneliya Rainforest Reserve,Galle,Southern,2025-10-18,6.21632,80.35854,6.21623,80.35722,GPS Auto-Tag,146.2,83.3,Medium,True
EVT21854,Full Moon Party,U13752,Kandy Lake Evening Walk,Kandy,Central,2024-01-26,7.29127,80.62536,7.28923,80.63511,Manual Map Pin,1096.3,25.4,Very Low,False
EVT21855,Private Wedding,U08216,Panama-Kudumbigala Eco Reserve,Ampara,Eastern,2025-10-05,6.89063,81.77568,6.88987,81.77829,GPS Auto-Tag,299.7,68.8,Medium,True
EVT21856,Live Music Night,U01260,Muhudu Maha Vihara,Hambantota,Southern,2025-08-07,6.3306,81.48879,6.33214,81.48793,GPS Auto-Tag,194.6,78.4,Medium,True
EVT21857,Beach Party,U09835,Kosgoda Turtle Hatchery,Galle,Southern,2025-03-29,6.0799,80.01568,6.07527,80.01446,Manual Map Pin,531.4,51.5,Low,False
EVT21858,Live Music Night,U08442,Kataragama Esala Perahera,Monaragala,Uva,2023-06-23,6.40396,81.32977,6.37947,81.36652,Typed Address,4881.8,0.2,Very Low,False
EVT21859,Temple/Kovil Special Pooja,U10488,Thalangama Wetland Birdwatching,Colombo,Western,2024-01-13,6.88549,79.93464,6.84595,79.96924,Typed Address,5814.1,0.1,Very Low,False
EVT21860,Full Moon Party,U01236,Horton Plains Cloud Forest Eco Walk,Nuwara Eliya,Central,2024-12-19,6.8118,80.79315,6.79872,80.79473,Manual Map Pin,1462.1,16.1,Very Low,False
EVT21861,Village Perahera,U16987,Bundala Wetland Birdwatching,Hambantota,Southern,2024-03-16,6.20404,81.23107,6.20452,81.23016,GPS Auto-Tag,113.5,86.8,High,True
EVT21862,Live Music Night,U10701,Vidattaltivu Lagoon,Mannar,Northern,2025-11-11,8.94503,80.02423,8.94131,80.01924,Manual Map Pin,686.6,42.4,Low,False
EVT21863,Corporate Retreat Event,U06640,Kitulgala White Water Rafting,Kegalle,Sabaragamuwa,2024-12-14,6.9758,80.41076,6.97504,80.42378,Manual Map Pin,1436.9,16.6,Very Low,False
EVT21864,Private Wedding,U10061,Diyasaru Wetland Park,Colombo,Western,2025-12-29,6.89169,79.90823,6.88011,79.90976,Manual Map Pin,1296.0,19.8,Very Low,False
EVT21865,Private Wedding,U01523,Haputale Viewpoint & Tea Estates,Badulla,Uva,2024-05-10,6.76605,80.94469,6.77241,80.96769,Typed Address,2631.9,3.7,Very Low,False
EVT21866,Food & Craft Fair,U12254,Bundala Wetland Birdwatching,Hambantota,Southern,2024-04-30,6.22004,81.21572,6.20209,81.20294,Manual Map Pin,2440.2,4.7,Very Low,False
EVT21867,Pop-up Local Festival,U15354,Kosgoda Turtle Hatchery,Galle,Southern,2025-01-17,6.08883,79.99899,6.06523,80.00282,Manual Map Pin,2653.7,3.6,Very Low,False
EVT21868,Village Perahera,U10894,Kitulgala White Water Rafting,Kegalle,Sabaragamuwa,2023-01-15,7.01088,80.40856,7.03476,80.41206,Manual Map Pin,2678.9,3.5,Very Low,False
EVT21869,Pop-up Local Festival,U10370,Madu Ganga Mangrove Boat Tour,Galle,Southern,2025-11-21,6.26648,80.0466,6.26715,80.04577,GPS Auto-Tag,117.3,86.4,High,True
EVT21870,Community New Year Carnival,U06417,Kitulgala White Water Rafting,Kegalle,Sabaragamuwa,2023-12-28,6.98321,80.41587,6.98343,80.4161,GPS Auto-Tag,34.7,95.8,High,True
EVT21871,Full Moon Party,U09756,Vidattaltivu Lagoon,Mannar,Northern,2025-12-10,8.95069,80.02162,8.95126,80.02155,GPS Auto-Tag,63.6,92.4,High,True
EVT21872,Full Moon Party,U06482,Polonnaruwa Cycling Tour,Polonnaruwa,North Central,2023-02-26,7.94035,80.9992,7.94084,80.9975,GPS Auto-Tag,194.5,78.4,Medium,True
EVT21873,Full Moon Party,U12828,Horton Plains Cloud Forest Eco Walk,Nuwara Eliya,Central,2023-07-02,6.80751,80.7936,6.80821,80.79472,GPS Auto-Tag,146.6,83.3,Medium,True
EVT21874,Live Music Night,U10001,Hikkaduwa Diving & Surfing,Galle,Southern,2025-11-05,6.13931,80.11383,6.01861,80.14496,Typed Address,13831.3,0.0,Very Low,False
EVT21875,Private Wedding,U10391,Nuwara Eliya April Season,Nuwara Eliya,Central,2023-03-11,6.93422,80.78494,6.90979,80.75238,Typed Address,4496.7,0.4,Very Low,False
EVT21876,Pop-up Local Festival,U01886,Mirissa Whale Watching & Beach,Matara,Southern,2024-06-26,5.94405,80.46149,5.93068,80.42914,Typed Address,3867.9,0.8,Very Low,False
EVT21877,Live Music Night,U04535,Wasgamuwa National Park Safari,Matale/Polonnaruwa,Central,2025-03-16,7.77954,80.90492,7.779,80.90515,GPS Auto-Tag,65.6,92.1,High,True
EVT21878,Live Music Night,U06547,Beruwala Beach Resort Leisure,Kalutara,Western,2024-03-18,6.46467,79.97543,6.46649,79.97688,GPS Auto-Tag,257.7,72.5,Medium,True
EVT21879,Beach Party,U14141,Diyasaru Wetland Park,Colombo,Western,2024-10-10,6.9018,79.89447,6.94635,79.91242,Typed Address,5325.8,0.1,Very Low,False
EVT21880,Village Perahera,U05657,Hakgala Botanical Garden,Nuwara Eliya,Central,2024-12-04,6.91076,80.76344,6.91232,80.76673,GPS Auto-Tag,402.1,60.5,Medium,True
EVT21881,Food & Craft Fair,U02346,Mannar Bird Migration Watching,Mannar,Northern,2024-08-04,8.95695,79.91036,8.95946,79.90965,GPS Auto-Tag,289.7,69.6,Medium,True
EVT21882,Full Moon Party,U09564,Bambarakanda Falls,Badulla,Uva,2025-06-24,6.78678,80.82452,6.78629,80.82423,GPS Auto-Tag,62.9,92.4,High,True
EVT21883,Private Wedding,U02977,Kitulgala White Water Rafting,Kegalle,Sabaragamuwa,2024-10-01,6.99993,80.43255,6.99981,80.4328,GPS Auto-Tag,30.7,96.2,High,True
EVT21884,Food & Craft Fair,U15533,Kanniya Hot Springs,Trincomalee,Eastern,2023-04-05,8.59254,81.16058,8.59986,81.15347,Manual Map Pin,1127.0,24.4,Very Low,False
EVT21885,Village Perahera,U10057,Ambalangoda Mask Museum,Galle,Southern,2023-02-22,6.24138,80.05178,6.24418,80.05547,GPS Auto-Tag,512.7,52.7,Low,False
EVT21886,Community New Year Carnival,U17826,Gal Oya Kudugala Village Eco Trek,Ampara,Eastern,2025-06-13,7.16483,81.42859,7.16436,81.43164,GPS Auto-Tag,339.9,65.4,Medium,True
EVT21887,Full Moon Party,U08688,Kanniya Hot Springs,Trincomalee,Eastern,2024-10-31,8.61052,81.15728,8.61321,81.14397,Manual Map Pin,1491.4,15.5,Very Low,False
EVT21888,Live Music Night,U10283,Riverston (Mini World's End),Matale,Central,2024-11-17,7.4588,80.74159,7.49576,80.71821,Manual Map Pin,4843.3,0.2,Very Low,False
EVT21889,Corporate Retreat Event,U07976,Hurulu Eco Park,Polonnaruwa,North Central,2024-04-20,8.15579,80.89358,8.11024,80.91603,Typed Address,5625.9,0.1,Very Low,False
EVT21890,Beach Party,U06858,Hiriwadunna Village,Anuradhapura,North Central,2023-06-04,7.97584,80.76006,7.97472,80.76062,GPS Auto-Tag,137.9,84.2,Medium,True
EVT21891,Food & Craft Fair,U14914,Kalpitiya Dolphin Watching Eco Tour,Puttalam,North Western,2023-01-27,8.2065,79.77355,8.20606,79.77339,GPS Auto-Tag,52.7,93.6,High,True
EVT21892,Temple/Kovil Special Pooja,U17656,Royal Botanical Garden Peradeniya,Kandy,Central,2024-07-11,7.2671,80.5821,7.26566,80.58195,GPS Auto-Tag,160.4,81.8,Medium,True
EVT21893,Temple/Kovil Special Pooja,U07405,Unawatuna Beach,Galle,Southern,2024-10-21,6.02183,80.24544,6.01919,80.23872,Manual Map Pin,797.0,36.9,Low,False
EVT21894,Corporate Retreat Event,U17163,Beddagana Wetland Park,Colombo,Western,2025-11-16,6.88016,79.89265,6.88148,79.87227,Manual Map Pin,2250.1,6.0,Very Low,False
EVT21895,Private Wedding,U13850,Kataragama Esala Perahera,Monaragala,Uva,2024-09-07,6.40025,81.33282,6.39552,81.3445,Typed Address,1390.6,17.6,Very Low,False
EVT21896,Temple/Kovil Special Pooja,U10057,Vidattaltivu Lagoon,Mannar,Northern,2025-08-27,8.95645,80.03525,8.97961,80.02396,Manual Map Pin,2852.8,2.8,Very Low,False
EVT21897,Pop-up Local Festival,U12854,Peak Wilderness Sanctuary Trek,Ratnapura,Sabaragamuwa,2025-03-12,6.79698,80.48698,6.79683,80.49101,GPS Auto-Tag,443.8,57.4,Low,False
EVT21898,Community New Year Carnival,U12601,Vesak Festival (Colombo & Island-wide),Colombo,Western,2025-10-13,6.91188,79.85997,6.91311,79.86802,Manual Map Pin,897.2,32.6,Low,False
EVT21899,Beach Party,U03001,Ravana Falls Abseiling,Badulla,Uva,2023-02-28,6.86839,81.04446,6.87033,81.04381,GPS Auto-Tag,227.0,75.3,Medium,True
EVT21900,Live Music Night,U02680,Muthurajawela Marsh Boat Safari,Gampaha,Western,2023-03-02,7.05459,79.88073,7.0532,79.87867,GPS Auto-Tag,275.0,70.9,Medium,True
EVT21901,Village Perahera,U07431,Sinharaja Forest Reserve Nature Walk,Ratnapura/Galle,Sabaragamuwa,2024-01-02,6.40995,80.48221,6.40847,80.48508,GPS Auto-Tag,357.1,64.0,Medium,True
EVT21902,Pop-up Local Festival,U05087,Mulkirigala Rock Monastery,Hambantota,Southern,2025-10-05,6.14945,80.88657,6.15141,80.88658,GPS Auto-Tag,218.0,76.1,Medium,True
EVT21903,Temple/Kovil Special Pooja,U14749,Delft Wild Pony Eco Tour,Jaffna,Northern,2023-08-06,9.55936,79.67675,9.55857,79.67527,GPS Auto-Tag,184.9,79.4,Medium,True
EVT21904,Temple/Kovil Special Pooja,U15813,Horton Plains & World's End Hike,Nuwara Eliya,Central,2025-08-04,6.7981,80.7911,6.80729,80.81481,Typed Address,2805.5,3.0,Very Low,False
EVT21905,Pop-up Local Festival,U13743,Galle Fort Walking Tour,Galle,Southern,2023-10-28,6.01275,80.22247,6.01782,80.22294,GPS Auto-Tag,564.6,49.4,Low,False
EVT21906,Temple/Kovil Special Pooja,U12266,Muhudu Maha Vihara,Hambantota,Southern,2025-03-03,6.34464,81.454,6.34251,81.45625,GPS Auto-Tag,342.1,65.2,Medium,True
EVT21907,Private Wedding,U00586,Mannar Bird Migration Watching,Mannar,Northern,2024-03-09,8.97371,79.90111,8.97485,79.90064,GPS Auto-Tag,136.5,84.3,Medium,True
EVT21908,Live Music Night,U17586,Hakgala Botanical Garden,Nuwara Eliya,Central,2025-04-02,6.91484,80.79113,6.91544,80.79084,GPS Auto-Tag,74.3,91.1,High,True
EVT21909,Corporate Retreat Event,U10402,Kosgoda Turtle Hatchery,Galle,Southern,2025-01-13,6.07678,80.01162,6.07192,79.99776,Manual Map Pin,1621.9,13.2,Very Low,False
EVT21910,Village Perahera,U05185,Aluvihare Rock Monastery,Matale,Central,2024-03-25,7.49447,80.62455,7.48261,80.62192,Manual Map Pin,1347.3,18.6,Very Low,False
EVT21911,Live Music Night,U14172,Wilpattu National Park Safari,Puttalam,North Western,2025-04-30,8.45274,80.03542,8.47559,79.97735,Typed Address,6862.6,0.0,Very Low,False
EVT21912,Food & Craft Fair,U06066,Madunagala Hot Springs,Hambantota,Southern,2025-11-20,6.25069,81.23937,6.25292,81.2314,Manual Map Pin,914.3,31.9,Low,False
EVT21913,Corporate Retreat Event,U09108,Rekawa Turtle Conservation,Hambantota,Southern,2025-12-28,6.04935,80.866,6.04401,80.85591,Typed Address,1261.7,20.7,Very Low,False
EVT21914,Full Moon Party,U00770,Wadduwa Beach Escape,Kalutara,Western,2023-08-25,6.6559,79.91729,6.64993,79.91826,Manual Map Pin,671.8,43.2,Low,False
EVT21915,Food & Craft Fair,U13734,Kochchikade St. Anthony's Feast,Colombo,Western,2025-06-09,6.92443,79.85672,6.93712,79.84584,Manual Map Pin,1849.4,9.9,Very Low,False
EVT21916,Corporate Retreat Event,U11702,Kalpitiya Kite Surfing,Puttalam,North Western,2024-03-30,8.23352,79.75839,8.23127,79.75781,GPS Auto-Tag,258.2,72.4,Medium,True
EVT21917,Community New Year Carnival,U02292,Kayts Island,Jaffna,Northern,2023-04-14,9.67984,79.99297,9.68026,79.99283,GPS Auto-Tag,48.7,94.1,High,True
EVT21918,Live Music Night,U01596,Riverston (Mini World's End),Matale,Central,2024-09-21,7.46739,80.72281,7.49069,80.72693,Manual Map Pin,2625.3,3.8,Very Low,False
EVT21919,Live Music Night,U13076,Belihuloya River Adventures,Ratnapura,Sabaragamuwa,2024-02-22,6.68059,80.83281,6.68139,80.83343,GPS Auto-Tag,112.0,86.9,High,True
EVT21920,Village Perahera,U10075,Panama Village,Ampara,Eastern,2025-02-20,6.9383,81.77673,6.93839,81.77797,GPS Auto-Tag,137.8,84.2,Medium,True
EVT21921,Pop-up Local Festival,U14921,Sinharaja Forest Reserve Nature Walk,Ratnapura/Galle,Sabaragamuwa,2023-06-11,6.40579,80.50817,6.3965,80.49807,Manual Map Pin,1517.9,15.0,Very Low,False
EVT21922,Full Moon Party,U11529,"New Year's Eve Countdown, Galle Face",Colombo,Western,2023-10-12,6.91359,79.83905,6.91798,79.81879,Manual Map Pin,2285.2,5.7,Very Low,False
EVT21923,Community New Year Carnival,U06088,Ravana Falls Abseiling,Badulla,Uva,2023-05-01,6.8691,81.03949,6.87226,81.03943,GPS Auto-Tag,350.3,64.5,Medium,True
EVT21924,Private Wedding,U15084,Adam's Peak (Sri Pada) Climb,Ratnapura,Sabaragamuwa,2023-11-02,6.81187,80.49132,6.81238,80.49129,GPS Auto-Tag,56.3,93.2,High,True
EVT21925,Food & Craft Fair,U16565,Wasgamuwa National Park Safari,Matale/Polonnaruwa,Central,2025-06-06,7.78044,80.91186,7.77802,80.91364,GPS Auto-Tag,332.7,66.0,Medium,True
EVT21926,Food & Craft Fair,U09758,Yapahuwa Rock Fortress,Kurunegala,North Western,2023-07-08,7.83628,80.20073,7.83994,80.20623,Manual Map Pin,728.9,40.2,Low,False
EVT21927,Beach Party,U06747,Tangalle Beach Escape,Hambantota,Southern,2025-03-24,6.01358,80.79266,6.0126,80.79493,GPS Auto-Tag,273.5,71.0,Medium,True
EVT21928,Food & Craft Fair,U05043,Kayts Island,Jaffna,Northern,2025-05-02,9.674,79.99573,9.66844,80.00172,Manual Map Pin,899.4,32.5,Low,False
EVT21929,Village Perahera,U07252,Peak Wilderness Sanctuary Trek,Ratnapura,Sabaragamuwa,2023-10-10,6.81721,80.50202,6.81853,80.50087,GPS Auto-Tag,194.3,78.4,Medium,True
EVT21930,Village Perahera,U03700,Nuwara Eliya Tea Factory Tour,Nuwara Eliya,Central,2024-01-15,6.96412,80.78592,6.9823,80.78606,Manual Map Pin,2017.8,8.0,Very Low,False
EVT21931,Beach Party,U12917,Bentota River Safari & Beach,Galle,Southern,2023-09-17,6.42778,80.01021,6.42654,80.00978,GPS Auto-Tag,146.2,83.3,Medium,True
EVT21932,Private Wedding,U08360,Hiriwadunna Village,Anuradhapura,North Central,2025-02-09,7.98813,80.74639,7.98916,80.74039,Manual Map Pin,669.6,43.3,Low,False
EVT21933,Live Music Night,U08537,Ritigala Forest Monastery,Anuradhapura,North Central,2023-10-31,8.12159,80.64432,8.12453,80.64403,GPS Auto-Tag,328.2,66.3,Medium,True
EVT21934,Food & Craft Fair,U10858,Bentota River Safari & Beach,Galle,Southern,2024-12-04,6.42861,79.9873,6.42308,79.98579,Manual Map Pin,637.0,45.1,Low,False
EVT21935,Food & Craft Fair,U17231,Muhudu Maha Vihara,Hambantota,Southern,2024-01-02,6.32911,81.47108,6.32943,81.47105,GPS Auto-Tag,35.9,95.6,High,True
EVT21936,Temple/Kovil Special Pooja,U06480,Bogoda Wooden Bridge,Badulla,Uva,2025-07-07,6.96363,81.01509,6.98312,81.00188,Manual Map Pin,2608.1,3.8,Very Low,False
EVT21937,Temple/Kovil Special Pooja,U11957,Udawalawe National Park Safari,Ratnapura/Moneragala,Sabaragamuwa,2025-05-03,6.4749,80.89198,6.37475,80.98979,Typed Address,15490.2,0.0,Very Low,False
EVT21938,Pop-up Local Festival,U14642,Arugam Bay Surfing,Ampara,Eastern,2023-01-10,6.8498,81.83131,6.87075,81.86998,Typed Address,4854.6,0.2,Very Low,False
EVT21939,Pop-up Local Festival,U16831,Meemure Village,Kandy,Central,2024-03-16,7.46593,80.8063,7.46362,80.80789,GPS Auto-Tag,310.6,67.8,Medium,True
EVT21940,Pop-up Local Festival,U12871,Colombo Galle Face & City Tour,Colombo,Western,2025-04-14,6.94058,79.87431,6.93025,79.85989,Manual Map Pin,1958.7,8.6,Very Low,False
EVT21941,Full Moon Party,U04051,Madunagala Hot Springs,Hambantota,Southern,2025-03-07,6.24599,81.22909,6.28303,81.21159,Typed Address,4542.2,0.3,Very Low,False
EVT21942,Temple/Kovil Special Pooja,U01816,Beddagana Wetland Park,Colombo,Western,2024-03-04,6.88665,79.90108,6.88689,79.90113,GPS Auto-Tag,26.9,96.7,High,True
EVT21943,Village Perahera,U10689,Nainativu & Nagadeepa,Jaffna,Northern,2023-11-05,9.57556,79.77677,9.57322,79.76876,Manual Map Pin,914.9,31.9,Low,False
EVT21944,Full Moon Party,U00874,Bentota River Safari & Beach,Galle,Southern,2023-09-08,6.43389,79.99094,6.41074,79.99682,Manual Map Pin,2650.0,3.6,Very Low,False
EVT21945,Community New Year Carnival,U17973,Panama Village,Ampara,Eastern,2024-07-23,6.93978,81.79819,6.91256,81.8409,Typed Address,5592.0,0.1,Very Low,False
EVT21946,Full Moon Party,U14952,Mannar Bird Migration Watching,Mannar,Northern,2024-05-14,8.97706,79.90883,8.95839,79.92851,Typed Address,2991.8,2.4,Very Low,False
EVT21947,Full Moon Party,U04491,Ambalangoda Mask Museum,Galle,Southern,2023-07-11,6.2408,80.06345,6.2415,80.06395,GPS Auto-Tag,95.3,88.8,High,True
EVT21948,Temple/Kovil Special Pooja,U09051,Hurulu Eco Park,Polonnaruwa,North Central,2023-01-03,8.17216,80.8932,8.17479,80.8939,GPS Auto-Tag,301.1,68.6,Medium,True
EVT21949,Temple/Kovil Special Pooja,U11220,Bentota River Safari & Beach,Galle,Southern,2023-12-16,6.3947,79.98442,6.39817,79.98326,GPS Auto-Tag,406.4,60.2,Medium,True
EVT21950,Private Wedding,U15293,Haputale Viewpoint & Tea Estates,Badulla,Uva,2023-01-31,6.77251,80.9528,6.76911,80.94683,Manual Map Pin,758.6,38.7,Low,False
EVT21951,Full Moon Party,U14210,Sinhala & Tamil New Year Village Games,Anuradhapura,North Central,2025-12-19,8.32219,80.39685,8.31914,80.39761,Manual Map Pin,348.6,64.7,Medium,True
EVT21952,Pop-up Local Festival,U13985,Nallur Festival (Nallur Kandaswamy Kovil),Jaffna,Northern,2025-04-08,9.66167,80.02086,9.66121,80.02062,GPS Auto-Tag,58.0,93.0,High,True
EVT21953,Live Music Night,U16762,Vidattaltivu Lagoon,Mannar,Northern,2023-01-22,8.94746,80.03823,8.94544,80.03896,GPS Auto-Tag,238.7,74.2,Medium,True
EVT21954,Pop-up Local Festival,U13088,Knuckles Mountain Range Trekking,Kandy/Matale,Central,2024-03-21,7.47033,80.78718,7.46869,80.78779,GPS Auto-Tag,194.1,78.5,Medium,True
EVT21955,Temple/Kovil Special Pooja,U06568,Kandy Esala Perahera,Kandy,Central,2024-01-10,7.30077,80.62583,7.30044,80.62448,GPS Auto-Tag,153.0,82.6,Medium,True
EVT21956,Live Music Night,U15497,Lipton's Seat Viewpoint,Badulla,Uva,2024-10-19,6.81483,81.07125,6.79855,81.07375,Manual Map Pin,1827.1,10.2,Very Low,False
EVT21957,Full Moon Party,U02144,Kalpitiya Kite Surfing,Puttalam,North Western,2025-12-18,8.24029,79.77652,8.24038,79.77502,GPS Auto-Tag,165.9,81.3,Medium,True
EVT21958,Village Perahera,U01988,Anuradhapura Cycling Tour,Anuradhapura,North Central,2023-05-27,8.30238,80.39606,8.29865,80.39699,GPS Auto-Tag,426.9,58.6,Low,False
EVT21959,Live Music Night,U12226,Horton Plains Cloud Forest Eco Walk,Nuwara Eliya,Central,2023-08-16,6.8054,80.78184,6.80346,80.78648,GPS Auto-Tag,554.7,50.0,Low,False
EVT21960,Village Perahera,U14959,Dowa Rock Temple,Badulla,Uva,2025-04-12,6.86633,81.05764,6.86456,81.05825,GPS Auto-Tag,207.0,77.2,Medium,True
EVT21961,Temple/Kovil Special Pooja,U15601,Ravana Falls Abseiling,Badulla,Uva,2023-08-23,6.87529,81.07043,6.86844,81.05628,Manual Map Pin,1733.8,11.4,Very Low,False
EVT21962,Community New Year Carnival,U10498,Udawalawe National Park Safari,Ratnapura/Moneragala,Sabaragamuwa,2024-02-02,6.47879,80.88193,6.45866,80.88165,Manual Map Pin,2234.4,6.1,Very Low,False
EVT21963,Food & Craft Fair,U06102,Udawalawe National Park Safari,Ratnapura/Moneragala,Sabaragamuwa,2024-07-19,6.46249,80.87358,6.47737,80.87403,Manual Map Pin,1653.0,12.7,Very Low,False
EVT21964,Village Perahera,U13613,Rekawa Turtle Conservation,Hambantota,Southern,2025-11-17,6.05542,80.84581,6.05415,80.84458,GPS Auto-Tag,195.8,78.3,Medium,True
EVT21965,Food & Craft Fair,U08166,Minneriya Elephant Gathering,Polonnaruwa,North Central,2025-05-09,8.03047,80.8928,8.0259,80.89262,Manual Map Pin,508.4,53.0,Low,False
EVT21966,Beach Party,U04089,Wewurukannala & Buduruwagala Carvings,Badulla/Monaragala,Uva,2024-11-10,6.72784,81.15038,6.72754,81.14883,GPS Auto-Tag,173.8,80.5,Medium,True
EVT21967,Pop-up Local Festival,U06292,Trincomalee Whale Watching,Trincomalee,Eastern,2023-06-04,8.57345,81.25364,8.57312,81.25213,GPS Auto-Tag,168.9,81.0,Medium,True
EVT21968,Private Wedding,U15888,Nainativu & Nagadeepa,Jaffna,Northern,2024-07-18,9.59925,79.77557,9.59881,79.77348,GPS Auto-Tag,233.5,74.7,Medium,True
EVT21969,Pop-up Local Festival,U02392,Tangalle Beach Escape,Hambantota,Southern,2023-12-07,6.01172,80.80566,6.01325,80.80514,GPS Auto-Tag,179.3,79.9,Medium,True
EVT21970,Temple/Kovil Special Pooja,U00395,Colombo Galle Face & City Tour,Colombo,Western,2024-07-22,6.93559,79.86026,6.93166,79.86173,GPS Auto-Tag,465.7,55.9,Low,False
EVT21971,Food & Craft Fair,U00554,Nuwara Eliya Tea Factory Tour,Nuwara Eliya,Central,2023-10-28,6.96784,80.76041,6.96667,80.76324,GPS Auto-Tag,338.0,65.5,Medium,True
EVT21972,Live Music Night,U14256,Sera Ella Waterfall,Matale,Central,2025-06-10,7.53585,80.67752,7.57142,80.65274,Typed Address,4798.0,0.2,Very Low,False
EVT21973,Corporate Retreat Event,U03674,Nallur Festival (Nallur Kandaswamy Kovil),Jaffna,Northern,2023-05-13,9.66928,80.03774,9.59359,79.98184,Typed Address,10392.3,0.0,Very Low,False
EVT21974,Private Wedding,U02097,Belihuloya River Adventures,Ratnapura,Sabaragamuwa,2023-03-22,6.70112,80.83768,6.70109,80.83781,GPS Auto-Tag,15.5,98.1,High,True
EVT21975,Beach Party,U02059,Peak Wilderness Sanctuary Trek,Ratnapura,Sabaragamuwa,2025-04-12,6.7801,80.50452,6.78302,80.50256,GPS Auto-Tag,389.8,61.4,Medium,True
EVT21976,Community New Year Carnival,U07302,Royal Botanical Garden Peradeniya,Kandy,Central,2023-07-12,7.27369,80.59873,7.27309,80.59949,GPS Auto-Tag,107.2,87.5,High,True
EVT21977,Live Music Night,U11885,Weligama Surf School,Matara,Southern,2025-04-27,5.97262,80.42614,5.97382,80.4283,GPS Auto-Tag,273.5,71.0,Medium,True
EVT21978,Corporate Retreat Event,U14149,Nuwara Eliya Tea Factory Tour,Nuwara Eliya,Central,2023-03-03,6.97142,80.76413,6.97379,80.76332,GPS Auto-Tag,277.3,70.7,Medium,True
EVT21979,Full Moon Party,U14866,Ravana Caves & Ella Wala Pool,Badulla,Uva,2025-06-26,6.83681,81.03046,6.83855,81.03136,GPS Auto-Tag,217.0,76.2,Medium,True
EVT21980,Private Wedding,U02310,"Christmas Celebrations, Negombo",Gampaha,Western,2023-10-05,7.21042,79.83993,7.19342,79.82349,Manual Map Pin,2615.3,3.8,Very Low,False
EVT21981,Temple/Kovil Special Pooja,U14147,Madu Ganga Mangrove Boat Tour,Galle,Southern,2025-06-16,6.26126,80.04432,6.25563,80.04204,Manual Map Pin,674.5,43.0,Low,False
EVT21982,Village Perahera,U16530,Ravana Caves & Ella Wala Pool,Badulla,Uva,2024-12-07,6.85108,81.03505,6.84904,81.03452,GPS Auto-Tag,234.5,74.6,Medium,True
EVT21983,Beach Party,U09867,Kandy Lake Evening Walk,Kandy,Central,2025-01-10,7.29528,80.64921,7.29517,80.65027,GPS Auto-Tag,117.7,86.3,High,True
EVT21984,Live Music Night,U15382,Arugam Bay Surfing,Ampara,Eastern,2024-02-27,6.82505,81.83519,6.84132,81.83164,Typed Address,1847.7,9.9,Very Low,False
EVT21985,Food & Craft Fair,U00330,Bentota River Safari & Beach,Galle,Southern,2023-02-26,6.41557,80.01389,6.42562,80.03074,Manual Map Pin,2167.8,6.7,Very Low,False
EVT21986,Village Perahera,U13659,Yapahuwa Rock Fortress,Kurunegala,North Western,2025-11-30,7.83129,80.21358,7.82859,80.21288,GPS Auto-Tag,309.2,67.9,Medium,True
EVT21987,Village Perahera,U00141,Mulkirigala Rock Monastery,Hambantota,Southern,2024-01-25,6.17107,80.87712,6.16011,80.8607,Typed Address,2182.6,6.5,Very Low,False
EVT21988,Community New Year Carnival,U12851,Ella Rock & Little Adam's Peak Hike,Badulla,Uva,2024-12-13,6.86384,81.04365,6.86426,81.04396,GPS Auto-Tag,57.2,93.1,High,True
EVT21989,Full Moon Party,U08851,Bogoda Wooden Bridge,Badulla,Uva,2025-10-31,6.96351,81.02062,6.96384,81.01887,GPS Auto-Tag,196.7,78.2,Medium,True
EVT21990,Corporate Retreat Event,U11309,Kanneliya Rainforest Reserve,Galle,Southern,2023-10-31,6.23483,80.37227,6.17016,80.36896,Typed Address,7186.9,0.0,Very Low,False
EVT21991,Pop-up Local Festival,U05374,Kitulgala White Water Rafting,Kegalle,Sabaragamuwa,2025-02-02,6.9857,80.42308,6.98684,80.42039,GPS Auto-Tag,322.4,66.8,Medium,True
EVT21992,Full Moon Party,U17615,Anuradhapura Cycling Tour,Anuradhapura,North Central,2023-05-20,8.29635,80.38598,8.29552,80.38625,GPS Auto-Tag,96.2,88.7,High,True
EVT21993,Corporate Retreat Event,U13784,Yala National Park Safari,Hambantota,Southern,2024-06-24,6.35653,81.51466,6.29305,81.55019,Typed Address,8062.9,0.0,Very Low,False
EVT21994,Full Moon Party,U17457,Kochchikade St. Anthony's Feast,Colombo,Western,2024-11-05,6.932,79.85356,6.93288,79.85551,GPS Auto-Tag,235.6,74.5,Medium,True
EVT21995,Live Music Night,U06779,Bellanwila-Attidiya Sanctuary,Colombo,Western,2023-08-11,6.84774,79.89676,6.84782,79.89524,GPS Auto-Tag,167.7,81.1,Medium,True
EVT21996,Food & Craft Fair,U14343,Horton Plains Cloud Forest Eco Walk,Nuwara Eliya,Central,2023-10-21,6.81241,80.80835,6.81137,80.80854,GPS Auto-Tag,117.6,86.3,High,True
EVT21997,Beach Party,U06281,Kosgoda Turtle Hatchery,Galle,Southern,2024-10-07,6.07615,79.99757,6.06418,80.00702,Manual Map Pin,1689.6,12.1,Very Low,False
EVT21998,Beach Party,U15496,Kitulgala White Water Rafting,Kegalle,Sabaragamuwa,2023-03-03,6.97956,80.4117,6.97854,80.41234,GPS Auto-Tag,133.2,84.7,Medium,True
EVT21999,Live Music Night,U17183,Ambalangoda Mask Museum,Galle,Southern,2025-05-12,6.23308,80.0515,6.24262,80.05046,Manual Map Pin,1064.9,26.4,Very Low,False
EVT22000,Beach Party,U07648,Nuwara Eliya Gregory Lake Boating,Nuwara Eliya,Central,2025-02-04,6.95529,80.80232,6.95516,80.81987,Manual Map Pin,1934.3,8.9,Very Low,False
EVT22001,Village Perahera,U03916,Kumana National Park Birding & Safari,Ampara,Eastern,2025-07-25,6.55977,81.66223,6.56127,81.66323,GPS Auto-Tag,199.8,77.9,Medium,True
EVT22002,Community New Year Carnival,U07357,Kalpitiya Dolphin Watching Eco Tour,Puttalam,North Western,2024-08-02,8.22768,79.76368,8.22812,79.76316,GPS Auto-Tag,75.9,90.9,High,True
EVT22003,Village Perahera,U06474,Riverston (Mini World's End),Matale,Central,2023-10-23,7.46733,80.72299,7.46934,80.72451,GPS Auto-Tag,279.4,70.5,Medium,True
EVT22004,Community New Year Carnival,U14853,Arugam Bay Surfing,Ampara,Eastern,2024-04-25,6.83988,81.83705,6.83946,81.83611,GPS Auto-Tag,114.2,86.7,High,True
EVT22005,Corporate Retreat Event,U08075,Bambarakanda Falls,Badulla,Uva,2025-05-07,6.79412,80.79265,6.79701,80.79337,Manual Map Pin,331.3,66.1,Medium,True
EVT22006,Pop-up Local Festival,U02301,Kochchikade St. Anthony's Feast,Colombo,Western,2024-02-02,6.92996,79.84718,6.93095,79.84828,GPS Auto-Tag,163.2,81.5,Medium,True
EVT22007,Temple/Kovil Special Pooja,U15346,Ravana Caves & Ella Wala Pool,Badulla,Uva,2023-10-29,6.85814,81.02662,6.87867,81.01675,Typed Address,2525.0,4.3,Very Low,False
EVT22008,Food & Craft Fair,U17570,Kanniya Hot Springs,Trincomalee,Eastern,2025-04-01,8.58874,81.18183,8.58613,81.18186,GPS Auto-Tag,289.5,69.6,Medium,True
EVT22009,Full Moon Party,U09480,Adam's Peak (Sri Pada) Climb,Ratnapura,Sabaragamuwa,2023-10-12,6.79712,80.4968,6.79644,80.4975,GPS Auto-Tag,107.8,87.4,High,True
EVT22010,Pop-up Local Festival,U09224,Sera Ella Waterfall,Matale,Central,2023-05-26,7.524,80.6878,7.52135,80.6878,GPS Auto-Tag,294.1,69.2,Medium,True
EVT22011,Beach Party,U02626,Hurulu Eco Park,Polonnaruwa,North Central,2023-12-18,8.17087,80.87467,8.16744,80.87438,GPS Auto-Tag,382.3,62.0,Medium,True
EVT22012,Temple/Kovil Special Pooja,U14049,Hiriwadunna Village,Anuradhapura,North Central,2025-05-06,7.98789,80.74982,7.98924,80.75557,Manual Map Pin,649.3,44.4,Low,False
EVT22013,Community New Year Carnival,U02915,Yapahuwa Rock Fortress,Kurunegala,North Western,2024-01-04,7.85434,80.22464,7.8557,80.22515,GPS Auto-Tag,160.6,81.8,Medium,True
EVT22014,Pop-up Local Festival,U08094,Aluvihare Rock Monastery,Matale,Central,2024-04-01,7.48219,80.62081,7.48304,80.625,Manual Map Pin,470.5,55.5,Low,False
EVT22015,Pop-up Local Festival,U15171,Mannar Bird Migration Watching,Mannar,Northern,2023-08-25,8.99112,79.90628,8.97339,79.91137,Manual Map Pin,2045.0,7.8,Very Low,False
EVT22016,Food & Craft Fair,U03884,Bellanwila-Attidiya Sanctuary,Colombo,Western,2024-05-24,6.83968,79.89971,6.83871,79.90025,GPS Auto-Tag,123.2,85.7,High,True
EVT22017,Pop-up Local Festival,U10577,Unawatuna Beach,Galle,Southern,2025-07-27,6.02076,80.23869,6.00148,80.24586,Manual Map Pin,2281.4,5.8,Very Low,False
EVT22018,Live Music Night,U08087,Kalpitiya Dolphin Watching Eco Tour,Puttalam,North Western,2023-08-16,8.25192,79.757,8.16229,79.83175,Typed Address,12900.4,0.0,Very Low,False
EVT22019,Village Perahera,U12769,Anuradhapura Cycling Tour,Anuradhapura,North Central,2023-11-05,8.32017,80.39819,8.32036,80.39578,GPS Auto-Tag,265.7,71.7,Medium,True
EVT22020,Village Perahera,U17951,Panama-Kudumbigala Eco Reserve,Ampara,Eastern,2023-02-07,6.90122,81.79404,6.89949,81.79569,GPS Auto-Tag,264.0,71.9,Medium,True
EVT22021,Temple/Kovil Special Pooja,U01442,Bentota River Safari & Beach,Galle,Southern,2025-08-10,6.43293,79.97324,6.43224,79.97209,GPS Auto-Tag,148.2,83.1,Medium,True
EVT22022,Full Moon Party,U11787,Vesak Festival (Colombo & Island-wide),Colombo,Western,2024-08-08,6.92808,79.85071,6.92829,79.85108,GPS Auto-Tag,46.9,94.3,High,True
EVT22023,Private Wedding,U07546,Bundala Wetland Birdwatching,Hambantota,Southern,2025-07-07,6.19571,81.20406,6.19699,81.20117,GPS Auto-Tag,348.6,64.7,Medium,True
EVT22024,Live Music Night,U06253,Horton Plains Cloud Forest Eco Walk,Nuwara Eliya,Central,2023-05-25,6.80406,80.80355,6.84364,80.78308,Typed Address,4938.6,0.2,Very Low,False
EVT22025,Full Moon Party,U10903,Knuckles Conservation Forest Walk,Kandy/Matale,Central,2024-06-25,7.44606,80.7872,7.49273,80.82081,Typed Address,6365.9,0.0,Very Low,False
EVT22026,Temple/Kovil Special Pooja,U05599,Kochchikade St. Anthony's Feast,Colombo,Western,2024-04-22,6.93485,79.81986,6.93067,79.82413,Manual Map Pin,660.4,43.8,Low,False
EVT22027,Food & Craft Fair,U09012,Udawalawe National Park Safari,Ratnapura/Moneragala,Sabaragamuwa,2025-09-06,6.49737,80.85874,6.49768,80.87154,Manual Map Pin,1412.0,17.1,Very Low,False
EVT22028,Private Wedding,U02122,Wewurukannala & Buduruwagala Carvings,Badulla/Monaragala,Uva,2023-11-24,6.70103,81.16705,6.71112,81.17648,Typed Address,1527.6,14.8,Very Low,False
EVT22029,Community New Year Carnival,U00581,Bundala Wetland Birdwatching,Hambantota,Southern,2025-09-04,6.19117,81.23154,6.20297,81.23692,Typed Address,1438.5,16.6,Very Low,False
EVT22030,Corporate Retreat Event,U02787,Bellanwila-Attidiya Sanctuary,Colombo,Western,2024-04-22,6.8354,79.91417,6.83119,79.92818,Manual Map Pin,1612.6,13.3,Very Low,False
EVT22031,Corporate Retreat Event,U12843,"Christmas Celebrations, Negombo",Gampaha,Western,2024-11-23,7.20809,79.82789,7.20843,79.82911,GPS Auto-Tag,139.2,84.0,Medium,True
EVT22032,Temple/Kovil Special Pooja,U04449,Kochchikade St. Anthony's Feast,Colombo,Western,2023-04-13,6.93606,79.82989,6.93545,79.83112,GPS Auto-Tag,152.0,82.7,Medium,True
EVT22033,Pop-up Local Festival,U04100,Induruwa Turtle Conservation,Galle,Southern,2023-07-31,6.04587,80.03643,6.0477,80.05911,Manual Map Pin,2511.3,4.3,Very Low,False
EVT22034,Food & Craft Fair,U02586,Udawalawe Elephant Transit Home,Ratnapura,Sabaragamuwa,2024-09-27,6.42271,80.89554,6.42217,80.89476,GPS Auto-Tag,104.5,87.8,High,True
EVT22035,Beach Party,U05350,Kandy Lake Evening Walk,Kandy,Central,2025-06-08,7.27215,80.62905,7.25801,80.63127,Manual Map Pin,1588.9,13.7,Very Low,False
EVT22036,Private Wedding,U07074,Deepavali Festival (Colombo Kovils),Colombo,Western,2025-10-28,6.88559,79.8503,6.89118,79.86178,Manual Map Pin,1408.9,17.2,Very Low,False
EVT22037,Pop-up Local Festival,U05890,Anuradhapura Cycling Tour,Anuradhapura,North Central,2024-03-18,8.32032,80.41149,8.31827,80.40661,Manual Map Pin,582.0,48.3,Low,False
EVT22038,Food & Craft Fair,U15540,Galle Fort Walking Tour,Galle,Southern,2024-04-13,6.01332,80.22059,6.01257,80.21947,GPS Auto-Tag,148.9,83.0,Medium,True
EVT22039,Full Moon Party,U09722,Wasgamuwa National Park Safari,Matale/Polonnaruwa,Central,2023-01-20,7.78194,80.92919,7.78983,80.93529,Manual Map Pin,1102.9,25.2,Very Low,False
EVT22040,Village Perahera,U06125,Panama-Kudumbigala Eco Reserve,Ampara,Eastern,2024-01-10,6.9027,81.77705,6.82679,81.80922,Typed Address,9140.9,0.0,Very Low,False
EVT22041,Live Music Night,U12768,Bentota River Safari & Beach,Galle,Southern,2024-02-02,6.42125,80.00187,6.42077,80.00162,GPS Auto-Tag,59.6,92.8,High,True
EVT22042,Temple/Kovil Special Pooja,U00750,Yala National Park Safari,Hambantota,Southern,2025-03-29,6.36962,81.52269,6.37755,81.53408,Typed Address,1533.8,14.7,Very Low,False
EVT22043,Corporate Retreat Event,U07538,Rathnapura Gem Mining Tour,Ratnapura,Sabaragamuwa,2025-10-09,6.67475,80.40374,6.71883,80.39489,Typed Address,4988.9,0.2,Very Low,False
EVT22044,Pop-up Local Festival,U02009,Colombo Galle Face & City Tour,Colombo,Western,2025-03-23,6.91293,79.8723,6.92377,79.88263,Manual Map Pin,1656.8,12.6,Very Low,False
EVT22045,Food & Craft Fair,U17962,"Christmas Celebrations, Negombo",Gampaha,Western,2025-03-05,7.21726,79.83867,7.21776,79.83624,Manual Map Pin,274.1,71.0,Medium,True
EVT22046,Beach Party,U12045,Beddagana Wetland Park,Colombo,Western,2023-09-12,6.90798,79.88312,6.90335,79.87701,Manual Map Pin,846.6,34.7,Low,False
EVT22047,Full Moon Party,U06787,Kayts Island,Jaffna,Northern,2025-08-02,9.68512,79.99214,9.68188,79.97927,Manual Map Pin,1453.3,16.3,Very Low,False
EVT22048,Village Perahera,U13814,Gal Oya Kudugala Village Eco Trek,Ampara,Eastern,2024-03-24,7.16829,81.45737,7.16931,81.45778,GPS Auto-Tag,121.7,85.9,High,True
EVT22049,Temple/Kovil Special Pooja,U04895,Minneriya-Kaudulla Elephant Corridor,Polonnaruwa,North Central,2024-12-24,8.05614,80.96611,8.05292,80.96837,Typed Address,435.4,58.0,Low,False
EVT22050,Beach Party,U03845,Kandy Esala Perahera,Kandy,Central,2024-01-22,7.28687,80.61242,7.28912,80.61384,Manual Map Pin,294.0,69.2,Medium,True
EVT22051,Food & Craft Fair,U14561,Wewurukannala & Buduruwagala Carvings,Badulla/Monaragala,Uva,2025-11-24,6.72545,81.17233,6.73004,81.17491,Manual Map Pin,582.5,48.3,Low,False
EVT22052,Live Music Night,U12944,Kalpitiya Dolphin Watching Eco Tour,Puttalam,North Western,2024-03-31,8.23531,79.76641,8.23517,79.7667,GPS Auto-Tag,35.7,95.6,High,True
EVT22053,Temple/Kovil Special Pooja,U14916,Rathnapura Gem Mining Tour,Ratnapura,Sabaragamuwa,2023-05-27,6.6862,80.39559,6.69759,80.37487,Typed Address,2611.0,3.8,Very Low,False
EVT22054,Beach Party,U15675,Diyaluma Infinity Pools,Badulla,Uva,2024-02-20,6.7283,81.03214,6.72985,81.03359,GPS Auto-Tag,236.1,74.4,Medium,True
EVT22055,Full Moon Party,U14123,Wewurukannala & Buduruwagala Carvings,Badulla/Monaragala,Uva,2025-02-07,6.72011,81.16741,6.71812,81.16737,GPS Auto-Tag,220.2,75.9,Medium,True
EVT22056,Community New Year Carnival,U16728,Kosgoda Turtle Hatchery,Galle,Southern,2023-07-31,6.08844,80.00336,6.08913,80.00163,GPS Auto-Tag,205.3,77.4,Medium,True
EVT22057,Temple/Kovil Special Pooja,U10874,Gal Oya Boat Safari,Ampara,Eastern,2024-08-27,7.1651,81.43494,7.16787,81.43407,GPS Auto-Tag,322.1,66.9,Medium,True
EVT22058,Pop-up Local Festival,U15063,Victoria Park Nuwara Eliya,Nuwara Eliya,Central,2024-07-08,6.97287,80.75214,6.9719,80.75209,GPS Auto-Tag,108.4,87.3,High,True
EVT22059,Pop-up Local Festival,U17671,Horton Plains Cloud Forest Eco Walk,Nuwara Eliya,Central,2024-07-09,6.81819,80.79941,6.80641,80.78997,Manual Map Pin,1671.6,12.4,Very Low,False
EVT22060,Community New Year Carnival,U16208,Tangalle Beach Escape,Hambantota,Southern,2024-07-25,6.02751,80.80183,6.02757,80.80052,GPS Auto-Tag,144.9,83.4,Medium,True
EVT22061,Private Wedding,U00332,Nainativu & Nagadeepa,Jaffna,Northern,2023-01-27,9.58252,79.77416,9.58307,79.77316,GPS Auto-Tag,125.8,85.4,High,True
EVT22062,Full Moon Party,U08035,Weligama Surf School,Matara,Southern,2024-08-20,5.9828,80.42454,5.97969,80.42483,GPS Auto-Tag,347.2,64.8,Medium,True
EVT22063,Live Music Night,U01804,Peak Wilderness Sanctuary Trek,Ratnapura,Sabaragamuwa,2024-04-12,6.78992,80.49442,6.78744,80.50283,Manual Map Pin,967.2,29.8,Very Low,False
EVT22064,Temple/Kovil Special Pooja,U00376,Nallur Festival (Nallur Kandaswamy Kovil),Jaffna,Northern,2023-10-28,9.65716,80.02097,9.57694,80.0573,Typed Address,9751.4,0.0,Very Low,False
EVT22065,Private Wedding,U04115,Ravana Caves & Ella Wala Pool,Badulla,Uva,2023-11-08,6.84357,81.03794,6.84183,81.03454,GPS Auto-Tag,421.7,59.0,Low,False
EVT22066,Corporate Retreat Event,U00141,"Christmas Celebrations, Negombo",Gampaha,Western,2024-05-31,7.20687,79.81656,7.22886,79.80165,Manual Map Pin,2940.8,2.5,Very Low,False
EVT22067,Live Music Night,U17289,Anawilundawa Ramsar Wetland,Puttalam,North Western,2023-03-25,7.74528,79.82106,7.76284,79.80495,Manual Map Pin,2634.4,3.7,Very Low,False
EVT22068,Temple/Kovil Special Pooja,U10849,Negombo Lagoon Boat Ride,Gampaha,Western,2024-05-20,7.21184,79.83043,7.20713,79.84959,Manual Map Pin,2174.5,6.6,Very Low,False
EVT22069,Village Perahera,U12267,Panama-Kudumbigala Eco Reserve,Ampara,Eastern,2023-12-06,6.89447,81.79242,6.89649,81.79237,GPS Auto-Tag,224.1,75.6,Medium,True
EVT22070,Corporate Retreat Event,U12936,Gal Oya Kudugala Village Eco Trek,Ampara,Eastern,2024-12-22,7.15569,81.45116,7.18346,81.45454,Manual Map Pin,3104.0,2.1,Very Low,False
EVT22071,Pop-up Local Festival,U01371,Vesak Festival (Colombo & Island-wide),Colombo,Western,2025-12-22,6.9028,79.84734,6.90404,79.84786,GPS Auto-Tag,150.1,82.9,Medium,True
EVT22072,Full Moon Party,U16765,Tangalle Beach Escape,Hambantota,Southern,2025-05-20,6.02381,80.78911,6.02317,80.78789,GPS Auto-Tag,153.4,82.6,Medium,True
EVT22073,Temple/Kovil Special Pooja,U03499,Ambalangoda Mask Museum,Galle,Southern,2023-07-04,6.21914,80.04297,6.22269,80.04884,Manual Map Pin,758.4,38.8,Low,False
EVT22074,Corporate Retreat Event,U03678,Knuckles Conservation Forest Walk,Kandy/Matale,Central,2025-02-10,7.47947,80.79092,7.50471,80.71362,Typed Address,8956.9,0.0,Very Low,False
EVT22075,Beach Party,U04397,Hikkaduwa Diving & Surfing,Galle,Southern,2024-12-26,6.14052,80.10207,6.14122,80.10301,GPS Auto-Tag,129.3,85.1,High,True
EVT22076,Private Wedding,U05595,Ramboda Falls Visit,Nuwara Eliya,Central,2023-12-21,7.05056,80.70163,7.05481,80.69386,Manual Map Pin,976.9,29.5,Very Low,False
EVT22077,Pop-up Local Festival,U10975,Aluvihare Rock Monastery,Matale,Central,2025-11-09,7.49926,80.61068,7.50067,80.60857,GPS Auto-Tag,280.3,70.4,Medium,True
EVT22078,Corporate Retreat Event,U16880,Gal Oya Boat Safari,Ampara,Eastern,2023-02-13,7.18596,81.44362,7.17635,81.4441,Manual Map Pin,1067.4,26.3,Very Low,False
EVT22079,Beach Party,U14008,Hakgala Botanical Garden,Nuwara Eliya,Central,2024-07-20,6.93363,80.79131,6.93173,80.78923,GPS Auto-Tag,311.6,67.7,Medium,True
EVT22080,Pop-up Local Festival,U02902,Bundala Wetland Birdwatching,Hambantota,Southern,2025-07-16,6.20019,81.23022,6.19957,81.23036,GPS Auto-Tag,70.0,91.6,High,True
EVT22081,Pop-up Local Festival,U10520,Beruwala Beach Resort Leisure,Kalutara,Western,2025-08-13,6.48747,79.98399,6.45105,80.02125,Typed Address,5764.2,0.1,Very Low,False
EVT22082,Corporate Retreat Event,U11281,Delft Wild Pony Eco Tour,Jaffna,Northern,2024-09-19,9.53961,79.66863,9.54142,79.67834,Manual Map Pin,1081.5,25.9,Very Low,False
EVT22083,Village Perahera,U03227,Ambalangoda Mask Museum,Galle,Southern,2024-10-23,6.22689,80.03954,6.22866,80.0386,GPS Auto-Tag,222.2,75.7,Medium,True
EVT22084,Beach Party,U07956,"New Year's Eve Countdown, Galle Face",Colombo,Western,2023-04-20,6.92758,79.84395,6.92773,79.84037,GPS Auto-Tag,393.9,61.1,Medium,True
EVT22085,Temple/Kovil Special Pooja,U03278,Sinharaja Forest Reserve Nature Walk,Ratnapura/Galle,Sabaragamuwa,2025-03-24,6.40131,80.48862,6.38923,80.49968,Typed Address,1812.7,10.4,Very Low,False
EVT22086,Pop-up Local Festival,U04032,Diyaluma Infinity Pools,Badulla,Uva,2025-01-03,6.73488,81.03913,6.73427,81.041,GPS Auto-Tag,217.7,76.2,Medium,True
EVT22087,Pop-up Local Festival,U13566,Rekawa Turtle Conservation,Hambantota,Southern,2024-07-15,6.05616,80.84477,6.05671,80.82238,Manual Map Pin,2471.7,4.6,Very Low,False
EVT22088,Community New Year Carnival,U10007,Adam's Peak (Sri Pada) Climb,Ratnapura,Sabaragamuwa,2025-06-23,6.80292,80.48065,6.80484,80.48018,GPS Auto-Tag,220.0,76.0,Medium,True
EVT22089,Pop-up Local Festival,U02569,Kalpitiya Kite Surfing,Puttalam,North Western,2024-07-19,8.23786,79.78218,8.2319,79.77994,Manual Map Pin,706.2,41.4,Low,False
EVT22090,Food & Craft Fair,U08026,Beddagana Wetland Park,Colombo,Western,2025-07-16,6.9057,79.91579,6.90692,79.91739,GPS Auto-Tag,222.5,75.7,Medium,True
EVT22091,Full Moon Party,U06149,Ramboda Falls Visit,Nuwara Eliya,Central,2023-03-06,7.06419,80.70475,7.11909,80.70894,Typed Address,6110.6,0.0,Very Low,False
EVT22092,Corporate Retreat Event,U01881,Panama Village,Ampara,Eastern,2023-10-09,6.93931,81.7885,6.99648,81.77982,Typed Address,6418.2,0.0,Very Low,False
EVT22093,Community New Year Carnival,U11237,Knuckles Conservation Forest Walk,Kandy/Matale,Central,2023-01-04,7.45599,80.78551,7.453,80.78383,GPS Auto-Tag,380.9,62.1,Medium,True
EVT22094,Community New Year Carnival,U05035,Sinharaja Forest Reserve Nature Walk,Ratnapura/Galle,Sabaragamuwa,2025-11-25,6.41504,80.49497,6.42123,80.50802,Manual Map Pin,1594.7,13.6,Very Low,False
EVT22095,Corporate Retreat Event,U17390,Delft Wild Pony Eco Tour,Jaffna,Northern,2025-09-15,9.52966,79.65168,9.53413,79.63929,Manual Map Pin,1445.0,16.4,Very Low,False
EVT22096,Temple/Kovil Special Pooja,U04948,Mirissa Whale Watching & Beach,Matara,Southern,2023-09-19,5.94631,80.47129,5.95091,80.47225,Manual Map Pin,521.5,52.1,Low,False
EVT22097,Village Perahera,U03834,Riverston (Mini World's End),Matale,Central,2025-04-09,7.47274,80.73849,7.47109,80.73925,GPS Auto-Tag,200.8,77.8,Medium,True
EVT22098,Live Music Night,U17441,Anawilundawa Ramsar Wetland,Puttalam,North Western,2024-05-10,7.74662,79.83679,7.74866,79.83817,GPS Auto-Tag,272.5,71.1,Medium,True
EVT22099,Temple/Kovil Special Pooja,U10408,Kosgoda Turtle Hatchery,Galle,Southern,2024-07-01,6.09632,80.00646,6.08975,80.00404,Manual Map Pin,776.7,37.9,Low,False
EVT22100,Pop-up Local Festival,U15453,Colombo Galle Face & City Tour,Colombo,Western,2024-04-21,6.93352,79.87313,6.93724,79.88924,Manual Map Pin,1822.7,10.2,Very Low,False
EVT22101,Beach Party,U07024,"Christmas Celebrations, Negombo",Gampaha,Western,2025-07-03,7.19971,79.82753,7.21032,79.81599,Manual Map Pin,1732.8,11.5,Very Low,False
EVT22102,Food & Craft Fair,U15374,Kalametiya Bird Sanctuary,Hambantota,Southern,2023-07-27,6.05728,80.94094,6.04876,80.94323,Manual Map Pin,979.0,29.4,Very Low,False
EVT22103,Corporate Retreat Event,U12209,Bundala Wetland Birdwatching,Hambantota,Southern,2024-04-13,6.20496,81.21285,6.20425,81.2116,GPS Auto-Tag,159.1,82.0,Medium,True
EVT22104,Temple/Kovil Special Pooja,U08578,Royal Botanical Garden Peradeniya,Kandy,Central,2025-12-08,7.28127,80.59743,7.27994,80.59709,GPS Auto-Tag,152.9,82.6,Medium,True
EVT22105,Temple/Kovil Special Pooja,U08918,Kanniya Hot Springs,Trincomalee,Eastern,2024-08-22,8.60974,81.1578,8.62361,81.1608,Manual Map Pin,1574.0,14.0,Very Low,False
EVT22106,Village Perahera,U05368,Muhudu Maha Vihara,Hambantota,Southern,2024-07-01,6.32323,81.46137,6.32403,81.46314,GPS Auto-Tag,214.3,76.5,Medium,True
EVT22107,Full Moon Party,U17802,Thalangama Wetland Birdwatching,Colombo,Western,2025-11-26,6.87125,79.92674,6.87071,79.92618,GPS Auto-Tag,86.0,89.8,High,True
EVT22108,Corporate Retreat Event,U11372,"New Year's Eve Countdown, Galle Face",Colombo,Western,2024-12-06,6.94178,79.83432,6.95379,79.83096,Manual Map Pin,1383.5,17.7,Very Low,False
EVT22109,Live Music Night,U00167,Colombo Galle Face & City Tour,Colombo,Western,2023-09-29,6.94308,79.85899,6.94267,79.86055,GPS Auto-Tag,177.3,80.1,Medium,True
EVT22110,Pop-up Local Festival,U16068,Dowa Rock Temple,Badulla,Uva,2024-03-16,6.87845,81.04906,6.8741,81.05187,Manual Map Pin,573.7,48.8,Low,False
EVT22111,Pop-up Local Festival,U06837,Gal Oya Kudugala Village Eco Trek,Ampara,Eastern,2025-02-24,7.16367,81.45171,7.1628,81.45264,GPS Auto-Tag,141.0,83.8,Medium,True
EVT22112,Corporate Retreat Event,U02745,Bambarakanda Falls,Badulla,Uva,2024-05-02,6.78872,80.78879,6.79167,80.79093,GPS Auto-Tag,403.9,60.4,Medium,True
EVT22113,Community New Year Carnival,U03200,Arugam Bay Surfing,Ampara,Eastern,2023-04-12,6.8439,81.81935,6.84585,81.82189,GPS Auto-Tag,353.7,64.3,Medium,True
EVT22114,Live Music Night,U01653,Wadduwa Beach Escape,Kalutara,Western,2025-12-14,6.64673,79.9354,6.58626,79.94252,Typed Address,6757.9,0.0,Very Low,False
EVT22115,Full Moon Party,U02093,Kumana National Park Birding & Safari,Ampara,Eastern,2025-12-16,6.56887,81.66891,6.61786,81.7218,Typed Address,7974.0,0.0,Very Low,False
EVT22116,Community New Year Carnival,U17007,Wasgamuwa National Park Safari,Matale/Polonnaruwa,Central,2023-01-16,7.76823,80.94254,7.76822,80.9438,GPS Auto-Tag,138.2,84.1,Medium,True
EVT22117,Village Perahera,U15911,Unawatuna Beach,Galle,Southern,2024-11-11,6.00582,80.23537,6.0065,80.23506,GPS Auto-Tag,83.6,90.1,High,True
EVT22118,Temple/Kovil Special Pooja,U04293,Anuradhapura Cycling Tour,Anuradhapura,North Central,2025-12-31,8.31853,80.40727,8.31772,80.40704,GPS Auto-Tag,93.6,89.0,High,True
EVT22119,Village Perahera,U03415,Ravana Falls Abseiling,Badulla,Uva,2023-08-03,6.87345,81.0575,6.87567,80.98058,Typed Address,8480.6,0.0,Very Low,False
EVT22120,Beach Party,U05966,Sera Ella Waterfall,Matale,Central,2023-07-17,7.51093,80.68269,7.5112,80.6829,GPS Auto-Tag,37.8,95.4,High,True
EVT22121,Village Perahera,U11264,Knuckles Conservation Forest Walk,Kandy/Matale,Central,2025-03-17,7.48277,80.78063,7.47735,80.79067,Manual Map Pin,1257.0,20.8,Very Low,False
EVT22122,Private Wedding,U14171,Diyasaru Wetland Park,Colombo,Western,2023-11-25,6.8709,79.91365,6.87056,79.91527,GPS Auto-Tag,182.0,79.7,Medium,True
EVT22123,Temple/Kovil Special Pooja,U12615,Kitulgala White Water Rafting,Kegalle,Sabaragamuwa,2023-10-21,6.97757,80.42898,6.97352,80.41587,Manual Map Pin,1513.2,15.1,Very Low,False
EVT22124,Temple/Kovil Special Pooja,U01635,Knuckles Mountain Range Trekking,Kandy/Matale,Central,2024-11-21,7.48165,80.78494,7.48231,80.78335,GPS Auto-Tag,189.6,78.9,Medium,True
EVT22125,Village Perahera,U13482,Muhudu Maha Vihara,Hambantota,Southern,2025-07-14,6.33053,81.47691,6.33839,81.47896,Manual Map Pin,901.8,32.4,Low,False
EVT22126,Community New Year Carnival,U01230,Kalpitiya Dolphin Watching Eco Tour,Puttalam,North Western,2023-03-18,8.22193,79.76479,8.22232,79.76532,GPS Auto-Tag,72.6,91.3,High,True
EVT22127,Live Music Night,U03980,Horton Plains Cloud Forest Eco Walk,Nuwara Eliya,Central,2025-03-16,6.82414,80.81673,6.82781,80.80364,Manual Map Pin,1498.5,15.4,Very Low,False
EVT22128,Corporate Retreat Event,U15882,Mannar Bird Migration Watching,Mannar,Northern,2024-06-27,8.97015,79.912,8.97492,79.89577,Manual Map Pin,1855.8,9.8,Very Low,False
EVT22129,Corporate Retreat Event,U01409,Horton Plains Cloud Forest Eco Walk,Nuwara Eliya,Central,2025-09-30,6.80612,80.79374,6.80764,80.79578,GPS Auto-Tag,280.3,70.4,Medium,True
EVT22130,Food & Craft Fair,U02573,Delft Wild Pony Eco Tour,Jaffna,Northern,2025-03-08,9.53763,79.66474,9.51243,79.658,Manual Map Pin,2893.4,2.7,Very Low,False
EVT22131,Village Perahera,U07148,Galle Fort Walking Tour,Galle,Southern,2024-04-03,6.01916,80.21363,5.95689,80.26928,Typed Address,9247.9,0.0,Very Low,False
EVT22132,Food & Craft Fair,U16330,Mulkirigala Rock Monastery,Hambantota,Southern,2024-12-05,6.1636,80.87981,6.16752,80.8896,Manual Map Pin,1164.5,23.3,Very Low,False
EVT22133,Corporate Retreat Event,U16505,Trincomalee Whale Watching,Trincomalee,Eastern,2025-06-24,8.54639,81.2302,8.54828,81.23063,GPS Auto-Tag,214.3,76.5,Medium,True
EVT22134,Community New Year Carnival,U06198,Aluvihare Rock Monastery,Matale,Central,2025-09-20,7.49252,80.60234,7.49129,80.60088,GPS Auto-Tag,210.5,76.9,Medium,True
EVT22135,Beach Party,U09480,Rekawa Turtle Conservation,Hambantota,Southern,2024-12-18,6.05713,80.84594,6.04815,80.85141,Manual Map Pin,1165.5,23.3,Very Low,False
EVT22136,Food & Craft Fair,U10969,Hakgala Botanical Garden,Nuwara Eliya,Central,2023-11-25,6.91978,80.79725,6.92147,80.76527,Manual Map Pin,3529.1,1.2,Very Low,False
EVT22137,Pop-up Local Festival,U06683,Nuwara Eliya Gregory Lake Boating,Nuwara Eliya,Central,2024-01-03,6.95274,80.79046,6.96956,80.83269,Typed Address,5012.9,0.2,Very Low,False
EVT22138,Community New Year Carnival,U00232,Beruwala Beach Resort Leisure,Kalutara,Western,2023-08-28,6.4728,79.99494,6.46034,80.00361,Manual Map Pin,1682.0,12.2,Very Low,False
EVT22139,Corporate Retreat Event,U15696,Yapahuwa Rock Fortress,Kurunegala,North Western,2023-11-09,7.83435,80.2081,7.81347,80.20805,Typed Address,2317.5,5.5,Very Low,False
EVT22140,Corporate Retreat Event,U03346,Rathnapura Gem Mining Tour,Ratnapura,Sabaragamuwa,2023-05-24,6.67702,80.40441,6.68513,80.41578,Manual Map Pin,1543.1,14.5,Very Low,False
EVT22141,Pop-up Local Festival,U00085,Bogoda Wooden Bridge,Badulla,Uva,2023-07-19,6.96859,81.02493,6.96838,81.02476,GPS Auto-Tag,29.5,96.4,High,True
EVT22142,Beach Party,U10476,Mannar Bird Migration Watching,Mannar,Northern,2023-07-23,8.97806,79.90482,8.9765,79.906,GPS Auto-Tag,216.4,76.3,Medium,True
EVT22143,Live Music Night,U12802,Laxapana Falls Trek,Nuwara Eliya,Central,2025-06-15,6.93674,80.50275,6.93729,80.50287,GPS Auto-Tag,62.2,92.5,High,True
EVT22144,Full Moon Party,U14322,Kumana Bird Sanctuary,Ampara,Eastern,2023-08-29,6.55024,81.67214,6.55688,81.66629,Manual Map Pin,979.0,29.4,Very Low,False
EVT22145,Temple/Kovil Special Pooja,U15611,Bopath Ella Falls Trek,Ratnapura,Sabaragamuwa,2023-05-06,6.72417,80.37222,6.72323,80.37457,GPS Auto-Tag,279.4,70.5,Medium,True
EVT22146,Pop-up Local Festival,U03810,Bogoda Wooden Bridge,Badulla,Uva,2023-07-22,6.96333,81.00855,6.96235,81.0084,GPS Auto-Tag,109.9,87.2,High,True
EVT22147,Temple/Kovil Special Pooja,U01569,Delft Wild Pony Eco Tour,Jaffna,Northern,2025-07-20,9.5123,79.6662,9.5348,79.71002,Typed Address,5408.2,0.1,Very Low,False
EVT22148,Corporate Retreat Event,U17361,Kalpitiya Kite Surfing,Puttalam,North Western,2025-07-25,8.22202,79.74867,8.2232,79.74938,GPS Auto-Tag,152.6,82.6,Medium,True
EVT22149,Food & Craft Fair,U09294,Kandy Lake Evening Walk,Kandy,Central,2023-05-31,7.26949,80.63896,7.26863,80.6372,GPS Auto-Tag,215.9,76.3,Medium,True
EVT22150,Live Music Night,U06880,Ritigala Forest Monastery,Anuradhapura,North Central,2023-09-04,8.10368,80.63053,8.10503,80.62886,GPS Auto-Tag,236.2,74.4,Medium,True
EVT22151,Corporate Retreat Event,U03154,Meemure Village,Kandy,Central,2023-05-01,7.4588,80.80405,7.45787,80.80422,GPS Auto-Tag,105.1,87.7,High,True
EVT22152,Private Wedding,U03249,Kitulgala White Water Rafting,Kegalle,Sabaragamuwa,2024-10-19,6.98579,80.41021,6.98996,80.41023,GPS Auto-Tag,463.2,56.0,Low,False
EVT22153,Private Wedding,U14573,Yapahuwa Rock Fortress,Kurunegala,North Western,2023-12-17,7.83761,80.2057,7.83819,80.20667,GPS Auto-Tag,125.3,85.5,High,True
EVT22154,Food & Craft Fair,U14279,"Christmas Celebrations, Negombo",Gampaha,Western,2024-01-05,7.20484,79.83097,7.21151,79.77347,Typed Address,6375.0,0.0,Very Low,False
EVT22155,Beach Party,U14269,Delft Wild Pony Eco Tour,Jaffna,Northern,2025-05-09,9.53777,79.66886,9.53994,79.66794,GPS Auto-Tag,261.2,72.1,Medium,True
EVT22156,Corporate Retreat Event,U05669,Gal Oya Boat Safari,Ampara,Eastern,2024-12-03,7.172,81.44478,7.16213,81.4722,Manual Map Pin,3212.2,1.8,Very Low,False
EVT22157,Temple/Kovil Special Pooja,U17220,Weligama Surf School,Matara,Southern,2024-01-01,5.96814,80.45832,5.94008,80.50734,Typed Address,6244.1,0.0,Very Low,False
EVT22158,Community New Year Carnival,U11047,Aluvihare Rock Monastery,Matale,Central,2023-03-30,7.47847,80.63183,7.47675,80.62025,Manual Map Pin,1288.6,20.0,Very Low,False
EVT22159,Temple/Kovil Special Pooja,U05205,Kataragama Esala Perahera,Monaragala,Uva,2023-07-18,6.42894,81.33877,6.42678,81.33838,GPS Auto-Tag,244.0,73.7,Medium,True
EVT22160,Temple/Kovil Special Pooja,U02287,Kandy Lake Evening Walk,Kandy,Central,2023-01-11,7.2998,80.63832,7.29938,80.64012,GPS Auto-Tag,202.6,77.6,Medium,True
EVT22161,Temple/Kovil Special Pooja,U03629,Kataragama Esala Perahera,Monaragala,Uva,2024-08-22,6.41445,81.33319,6.41461,81.33499,GPS Auto-Tag,199.5,77.9,Medium,True
EVT22162,Corporate Retreat Event,U00251,St. Clair's & Devon Falls Viewpoint,Nuwara Eliya,Central,2023-09-30,7.03454,80.67677,7.03306,80.66168,Manual Map Pin,1670.7,12.4,Very Low,False
EVT22163,Temple/Kovil Special Pooja,U08145,St. Clair's & Devon Falls Viewpoint,Nuwara Eliya,Central,2023-07-19,7.03232,80.66906,7.03287,80.66499,Manual Map Pin,452.1,56.8,Low,False
EVT22164,Temple/Kovil Special Pooja,U12625,Muthurajawela Marsh Boat Safari,Gampaha,Western,2023-03-15,7.07037,79.88136,7.07112,79.88208,GPS Auto-Tag,115.4,86.6,High,True
EVT22165,Food & Craft Fair,U15136,Hakgala Botanical Garden,Nuwara Eliya,Central,2025-09-20,6.91151,80.76623,6.91157,80.76509,GPS Auto-Tag,125.9,85.4,High,True
EVT22166,Village Perahera,U09894,Mannar Bird Migration Watching,Mannar,Northern,2025-03-13,8.97555,79.90417,8.98113,79.9145,Manual Map Pin,1291.3,19.9,Very Low,False
EVT22167,Corporate Retreat Event,U11663,Bellanwila-Attidiya Sanctuary,Colombo,Western,2023-03-08,6.85203,79.90522,6.85498,79.90674,GPS Auto-Tag,368.4,63.1,Medium,True
EVT22168,Pop-up Local Festival,U01896,Diyaluma Infinity Pools,Badulla,Uva,2024-04-09,6.73889,81.02083,6.79617,80.96579,Typed Address,8789.2,0.0,Very Low,False
EVT22169,Corporate Retreat Event,U09638,Kanniya Hot Springs,Trincomalee,Eastern,2023-05-25,8.5923,81.16616,8.52605,81.15825,Typed Address,7404.5,0.0,Very Low,False
EVT22170,Community New Year Carnival,U10648,Kandy Lake Evening Walk,Kandy,Central,2024-04-10,7.27953,80.61679,7.26678,80.62029,Manual Map Pin,1466.6,16.0,Very Low,False
EVT22171,Village Perahera,U07657,Wadduwa Beach Escape,Kalutara,Western,2023-07-05,6.65218,79.93082,6.65326,79.92958,GPS Auto-Tag,182.2,79.6,Medium,True
EVT22172,Community New Year Carnival,U10607,Ramboda Falls Visit,Nuwara Eliya,Central,2025-05-23,7.04474,80.68842,7.04316,80.69066,GPS Auto-Tag,302.3,68.5,Medium,True
EVT22173,Food & Craft Fair,U02364,Beddagana Wetland Park,Colombo,Western,2024-05-02,6.89064,79.89996,6.85826,79.92316,Typed Address,4410.7,0.4,Very Low,False
EVT22174,Beach Party,U10103,Wadduwa Beach Escape,Kalutara,Western,2024-04-20,6.62702,79.93282,6.56238,80.00953,Typed Address,11091.7,0.0,Very Low,False
EVT22175,Temple/Kovil Special Pooja,U09364,Royal Botanical Garden Peradeniya,Kandy,Central,2023-01-01,7.26682,80.59661,7.26806,80.60732,Manual Map Pin,1186.9,22.7,Very Low,False
EVT22176,Corporate Retreat Event,U09741,Kosgoda Turtle Hatchery,Galle,Southern,2023-11-28,6.07114,80.00911,6.07166,80.00859,GPS Auto-Tag,81.1,90.4,High,True
EVT22177,Corporate Retreat Event,U02851,Muhudu Maha Vihara,Hambantota,Southern,2024-04-15,6.33788,81.46313,6.33863,81.46098,GPS Auto-Tag,252.2,73.0,Medium,True
EVT22178,Full Moon Party,U02048,Thalangama Wetland Birdwatching,Colombo,Western,2025-06-08,6.87459,79.93055,6.88401,79.94458,Manual Map Pin,1865.5,9.7,Very Low,False
EVT22179,Live Music Night,U15557,Ravana Falls Abseiling,Badulla,Uva,2023-06-13,6.87891,81.05029,6.88551,81.04432,Manual Map Pin,985.3,29.2,Very Low,False
EVT22180,Private Wedding,U06966,Kandy Esala Perahera,Kandy,Central,2025-05-04,7.28695,80.63316,7.28848,80.63175,GPS Auto-Tag,231.1,74.9,Medium,True
EVT22181,Beach Party,U03347,Laxapana Falls Trek,Nuwara Eliya,Central,2023-10-04,6.93969,80.51348,6.9392,80.51036,Manual Map Pin,347.8,64.7,Medium,True
EVT22182,Pop-up Local Festival,U12457,Deepavali Festival (Colombo Kovils),Colombo,Western,2024-04-07,6.87755,79.84169,6.88973,79.84762,Manual Map Pin,1501.8,15.3,Very Low,False
EVT22183,Corporate Retreat Event,U15213,Udawalawe Elephant Transit Home,Ratnapura,Sabaragamuwa,2024-01-29,6.4427,80.89089,6.44192,80.88875,GPS Auto-Tag,251.1,73.1,Medium,True
EVT22184,Live Music Night,U09416,Galle Fort Walking Tour,Galle,Southern,2024-07-01,6.04156,80.21054,6.03594,80.2241,Manual Map Pin,1621.7,13.2,Very Low,False
EVT22185,Corporate Retreat Event,U11485,Hikkaduwa Diving & Surfing,Galle,Southern,2024-09-22,6.14399,80.09298,6.13876,80.12071,Typed Address,3114.9,2.0,Very Low,False
EVT22186,Beach Party,U01066,Ritigala Forest Monastery,Anuradhapura,North Central,2025-08-08,8.11669,80.64873,8.09638,80.65959,Typed Address,2550.6,4.1,Very Low,False
EVT22187,Full Moon Party,U09769,Bogoda Wooden Bridge,Badulla,Uva,2025-02-03,6.95591,81.01996,6.95032,81.02238,Manual Map Pin,674.8,43.0,Low,False
EVT22188,Pop-up Local Festival,U11762,St. Clair's & Devon Falls Viewpoint,Nuwara Eliya,Central,2023-07-11,7.03439,80.66888,7.0597,80.67146,Manual Map Pin,2823.5,2.9,Very Low,False
EVT22189,Private Wedding,U16731,Nilaveli Beach,Trincomalee,Eastern,2024-04-27,8.72624,81.18961,8.76776,81.20256,Typed Address,4822.9,0.2,Very Low,False
EVT22190,Full Moon Party,U04241,Bentota River Safari & Beach,Galle,Southern,2025-11-11,6.41239,80.00667,6.41489,80.00511,GPS Auto-Tag,326.4,66.5,Medium,True
EVT22191,Community New Year Carnival,U12289,Gal Oya Kudugala Village Eco Trek,Ampara,Eastern,2025-07-10,7.16966,81.43895,7.16612,81.38907,Typed Address,5508.0,0.1,Very Low,False
EVT22192,Live Music Night,U09772,Negombo Lagoon Boat Ride,Gampaha,Western,2023-08-15,7.21803,79.84166,7.20623,79.85554,Manual Map Pin,2012.8,8.1,Very Low,False
EVT22193,Live Music Night,U07781,Hurulu Eco Park,Polonnaruwa,North Central,2023-08-29,8.16902,80.88031,8.16785,80.87852,GPS Auto-Tag,236.0,74.5,Medium,True
EVT22194,Village Perahera,U08623,Yapahuwa Rock Fortress,Kurunegala,North Western,2024-08-14,7.83998,80.20275,7.83875,80.20084,GPS Auto-Tag,250.1,73.2,Medium,True
EVT22195,Temple/Kovil Special Pooja,U10096,Deepavali Festival (Colombo Kovils),Colombo,Western,2024-08-04,6.88703,79.84149,6.88677,79.83894,GPS Auto-Tag,283.1,70.2,Medium,True
EVT22196,Beach Party,U10104,Ella Rock & Little Adam's Peak Hike,Badulla,Uva,2024-11-14,6.86192,81.05995,6.86139,81.05936,GPS Auto-Tag,87.7,89.6,High,True
EVT22197,Food & Craft Fair,U12177,Horton Plains Cloud Forest Eco Walk,Nuwara Eliya,Central,2024-04-14,6.8178,80.79032,6.82108,80.7865,Manual Map Pin,556.9,49.9,Low,False
EVT22198,Pop-up Local Festival,U03573,Ambalangoda Mask Museum,Galle,Southern,2025-05-19,6.23712,80.06676,6.22644,80.06694,Manual Map Pin,1186.3,22.7,Very Low,False
EVT22199,Full Moon Party,U08612,Knuckles Conservation Forest Walk,Kandy/Matale,Central,2023-09-02,7.47075,80.78796,7.45937,80.83528,Typed Address,5358.7,0.1,Very Low,False
EVT22200,Private Wedding,U04257,Kalpitiya Dolphin Watching Eco Tour,Puttalam,North Western,2024-10-28,8.23587,79.76554,8.29149,79.81258,Typed Address,8050.5,0.0,Very Low,False
EVT22201,Corporate Retreat Event,U01689,Knuckles Mountain Range Trekking,Kandy/Matale,Central,2024-06-26,7.47883,80.78885,7.47935,80.78821,GPS Auto-Tag,91.5,89.2,High,True
EVT22202,Temple/Kovil Special Pooja,U04801,Ravana Caves & Ella Wala Pool,Badulla,Uva,2025-08-07,6.84589,81.02893,6.8448,81.026,GPS Auto-Tag,344.4,65.0,Medium,True
EVT22203,Private Wedding,U02891,Royal Botanical Garden Peradeniya,Kandy,Central,2023-06-14,7.26603,80.59937,7.26725,80.60237,GPS Auto-Tag,356.3,64.1,Medium,True
EVT22204,Live Music Night,U02100,Dowa Rock Temple,Badulla,Uva,2024-05-10,6.87216,81.05554,6.87365,81.05681,GPS Auto-Tag,216.6,76.3,Medium,True
EVT22205,Private Wedding,U04346,Sera Ella Waterfall,Matale,Central,2023-06-16,7.52501,80.67882,7.60377,80.67607,Typed Address,8747.2,0.0,Very Low,False
EVT22206,Pop-up Local Festival,U10751,Diyasaru Wetland Park,Colombo,Western,2025-01-19,6.90266,79.89175,6.91413,79.89296,Manual Map Pin,1280.2,20.2,Very Low,False
EVT22207,Live Music Night,U03709,Bentota River Safari & Beach,Galle,Southern,2024-07-11,6.42655,80.01355,6.4251,80.00513,Manual Map Pin,942.5,30.8,Low,False
EVT22208,Village Perahera,U08549,Lipton's Seat Viewpoint,Badulla,Uva,2023-09-16,6.8277,81.08619,6.82878,81.0867,GPS Auto-Tag,132.9,84.7,Medium,True
EVT22209,Food & Craft Fair,U11289,Kalpitiya Kite Surfing,Puttalam,North Western,2025-12-19,8.23922,79.77978,8.26005,79.779,Manual Map Pin,2313.0,5.6,Very Low,False
EVT22210,Village Perahera,U10111,Sera Ella Waterfall,Matale,Central,2024-11-12,7.51784,80.68741,7.51951,80.68742,GPS Auto-Tag,184.9,79.4,Medium,True
EVT22211,Village Perahera,U12918,Panama Village,Ampara,Eastern,2023-09-06,6.94386,81.79049,6.94605,81.79233,GPS Auto-Tag,317.0,67.3,Medium,True
EVT22212,Full Moon Party,U17687,Beruwala Beach Resort Leisure,Kalutara,Western,2023-04-16,6.48391,79.99077,6.48412,79.9905,GPS Auto-Tag,38.2,95.3,High,True
EVT22213,Village Perahera,U14227,Diyasaru Wetland Park,Colombo,Western,2023-04-16,6.89744,79.90175,6.8971,79.90217,GPS Auto-Tag,59.8,92.8,High,True
EVT22214,Food & Craft Fair,U12203,Kumana National Park Birding & Safari,Ampara,Eastern,2025-08-01,6.57373,81.6793,6.61299,81.68499,Typed Address,4403.2,0.4,Very Low,False
EVT22215,Temple/Kovil Special Pooja,U10284,Bundala Wetland Birdwatching,Hambantota,Southern,2024-06-29,6.19261,81.21203,6.19041,81.20424,Manual Map Pin,894.2,32.7,Low,False
EVT22216,Food & Craft Fair,U07749,Kalpitiya Dolphin Watching Eco Tour,Puttalam,North Western,2024-04-04,8.2278,79.76428,8.22833,79.76349,GPS Auto-Tag,104.6,87.7,High,True
EVT22217,Food & Craft Fair,U01461,St. Clair's & Devon Falls Viewpoint,Nuwara Eliya,Central,2024-01-10,7.02234,80.67111,7.02126,80.67246,GPS Auto-Tag,191.0,78.8,Medium,True
EVT22218,Temple/Kovil Special Pooja,U00980,Bundala Wetland Birdwatching,Hambantota,Southern,2025-03-04,6.2026,81.21363,6.20412,81.22281,Manual Map Pin,1027.7,27.7,Very Low,False
EVT22219,Full Moon Party,U00889,Beddagana Wetland Park,Colombo,Western,2025-11-10,6.90391,79.89144,6.90608,79.89202,GPS Auto-Tag,249.0,73.3,Medium,True
EVT22220,Private Wedding,U04098,Dowa Rock Temple,Badulla,Uva,2024-02-29,6.86976,81.04165,6.84227,81.09327,Typed Address,6455.6,0.0,Very Low,False
EVT22221,Corporate Retreat Event,U15046,Galle Fort Walking Tour,Galle,Southern,2023-08-11,6.01614,80.1956,6.01208,80.17923,Manual Map Pin,1862.7,9.7,Very Low,False
EVT22222,Live Music Night,U04862,Hurulu Eco Park,Polonnaruwa,North Central,2025-09-09,8.17807,80.87992,8.17941,80.88182,GPS Auto-Tag,257.4,72.5,Medium,True
EVT22223,Corporate Retreat Event,U09882,Panama Village,Ampara,Eastern,2023-02-26,6.92962,81.77902,6.93052,81.78059,GPS Auto-Tag,199.7,77.9,Medium,True
EVT22224,Live Music Night,U17842,Kandy Esala Perahera,Kandy,Central,2023-07-21,7.2921,80.63888,7.29321,80.63895,GPS Auto-Tag,123.5,85.7,High,True
EVT22225,Full Moon Party,U16023,Sinhala & Tamil New Year Village Games,Anuradhapura,North Central,2024-02-11,8.31194,80.40162,8.31156,80.40091,GPS Auto-Tag,88.0,89.6,High,True
EVT22226,Food & Craft Fair,U13948,Horton Plains Cloud Forest Eco Walk,Nuwara Eliya,Central,2024-08-16,6.79957,80.78079,6.80138,80.78193,GPS Auto-Tag,237.0,74.4,Medium,True
EVT22227,Pop-up Local Festival,U13636,Knuckles Conservation Forest Walk,Kandy/Matale,Central,2025-12-19,7.46883,80.78777,7.46758,80.78935,GPS Auto-Tag,222.3,75.7,Medium,True
EVT22228,Village Perahera,U15042,Udawalawe Elephant Transit Home,Ratnapura,Sabaragamuwa,2025-03-09,6.42143,80.90815,6.42079,80.90817,GPS Auto-Tag,71.3,91.5,High,True
EVT22229,Village Perahera,U13734,Diyaluma Infinity Pools,Badulla,Uva,2024-09-04,6.73275,81.0342,6.72686,81.01198,Manual Map Pin,2535.1,4.2,Very Low,False
EVT22230,Pop-up Local Festival,U08069,Negombo Lagoon Boat Ride,Gampaha,Western,2025-06-06,7.1983,79.83915,7.20827,79.85411,Typed Address,1983.8,8.4,Very Low,False
EVT22231,Community New Year Carnival,U04770,Kalametiya Bird Sanctuary,Hambantota,Southern,2024-09-28,6.07082,80.94721,6.06955,80.9466,GPS Auto-Tag,155.7,82.3,Medium,True
EVT22232,Temple/Kovil Special Pooja,U07684,Udawalawe Elephant Transit Home,Ratnapura,Sabaragamuwa,2023-10-21,6.43509,80.87807,6.43751,80.87753,GPS Auto-Tag,274.7,70.9,Medium,True
EVT22233,Food & Craft Fair,U02120,Kalpitiya Dolphin Watching Eco Tour,Puttalam,North Western,2024-07-01,8.24328,79.76593,8.23711,79.77968,Manual Map Pin,1658.7,12.6,Very Low,False
EVT22234,Full Moon Party,U09434,Mirissa Whale Watching & Beach,Matara,Southern,2023-08-26,5.94684,80.45526,5.94557,80.45697,Manual Map Pin,235.0,74.5,Medium,True
EVT22235,Corporate Retreat Event,U13608,Sinhala & Tamil New Year Village Games,Anuradhapura,North Central,2025-06-06,8.30208,80.41953,8.30238,80.41994,GPS Auto-Tag,56.8,93.1,High,True
EVT22236,Temple/Kovil Special Pooja,U15306,Colombo Galle Face & City Tour,Colombo,Western,2023-04-22,6.92739,79.86341,6.8948,79.88367,Typed Address,4250.0,0.5,Very Low,False
EVT22237,Corporate Retreat Event,U08736,Rathnapura Gem Mining Tour,Ratnapura,Sabaragamuwa,2024-05-29,6.68342,80.407,6.74612,80.41028,Typed Address,6969.1,0.0,Very Low,False
EVT22238,Live Music Night,U05009,Nuwara Eliya Tea Factory Tour,Nuwara Eliya,Central,2023-03-14,6.9439,80.78162,6.9196,80.78508,Manual Map Pin,2724.2,3.3,Very Low,False
EVT22239,Village Perahera,U16974,Kandy Esala Perahera,Kandy,Central,2025-01-06,7.28562,80.6413,7.28545,80.64066,GPS Auto-Tag,72.5,91.3,High,True
EVT22240,Food & Craft Fair,U03386,Trincomalee Whale Watching,Trincomalee,Eastern,2025-05-23,8.5539,81.24097,8.47145,81.20232,Typed Address,10088.0,0.0,Very Low,False
EVT22241,Beach Party,U13410,Ramboda Falls Visit,Nuwara Eliya,Central,2023-03-30,7.05887,80.69922,7.05213,80.69267,Typed Address,1039.8,27.3,Very Low,False
EVT22242,Live Music Night,U05811,Nallur Festival (Nallur Kandaswamy Kovil),Jaffna,Northern,2025-11-16,9.67723,80.03562,9.67592,80.0377,GPS Auto-Tag,270.5,71.3,Medium,True
EVT22243,Food & Craft Fair,U10850,Bellanwila-Attidiya Sanctuary,Colombo,Western,2025-09-05,6.82436,79.89013,6.82263,79.89007,GPS Auto-Tag,192.6,78.6,Medium,True
EVT22244,Food & Craft Fair,U08845,"Christmas Celebrations, Negombo",Gampaha,Western,2023-08-15,7.1932,79.86003,7.19288,79.85873,GPS Auto-Tag,147.3,83.2,Medium,True
EVT22245,Corporate Retreat Event,U16309,Minneriya-Kaudulla Elephant Corridor,Polonnaruwa,North Central,2024-10-19,8.05683,80.96463,8.05684,80.96052,GPS Auto-Tag,451.6,56.9,Low,False
EVT22246,Pop-up Local Festival,U04255,Anuradhapura Cycling Tour,Anuradhapura,North Central,2023-03-16,8.30436,80.40935,8.27529,80.39683,Typed Address,3508.3,1.2,Very Low,False
EVT22247,Community New Year Carnival,U09910,Riverston (Mini World's End),Matale,Central,2024-04-04,7.45359,80.72702,7.4555,80.67574,Typed Address,5648.0,0.1,Very Low,False
EVT22248,Pop-up Local Festival,U15461,Negombo Lagoon Boat Ride,Gampaha,Western,2023-06-30,7.21079,79.84922,7.21057,79.84847,GPS Auto-Tag,85.9,89.8,High,True
EVT22249,Live Music Night,U02786,Kumana Bird Sanctuary,Ampara,Eastern,2024-12-26,6.55003,81.65811,6.54905,81.65571,GPS Auto-Tag,287.0,69.9,Medium,True
EVT22250,Full Moon Party,U02103,Nuwara Eliya Gregory Lake Boating,Nuwara Eliya,Central,2023-06-14,6.9549,80.78382,6.96291,80.75826,Manual Map Pin,2953.5,2.5,Very Low,False
EVT22251,Beach Party,U16342,Sinharaja Forest Reserve Nature Walk,Ratnapura/Galle,Sabaragamuwa,2025-04-13,6.41409,80.48907,6.41312,80.46652,Manual Map Pin,2490.3,4.4,Very Low,False
EVT22252,Private Wedding,U14776,Negombo Lagoon Boat Ride,Gampaha,Western,2025-03-21,7.21568,79.82365,7.21596,79.82219,GPS Auto-Tag,163.6,81.5,Medium,True
EVT22253,Temple/Kovil Special Pooja,U02736,Muthurajawela Marsh Boat Safari,Gampaha,Western,2025-12-20,7.07598,79.87499,7.07246,79.85595,Manual Map Pin,2133.9,6.9,Very Low,False
EVT22254,Beach Party,U14231,Unawatuna Beach,Galle,Southern,2025-06-15,6.00035,80.24879,6.00098,80.24824,GPS Auto-Tag,92.8,89.0,High,True
EVT22255,Live Music Night,U02002,Bopath Ella Falls Trek,Ratnapura,Sabaragamuwa,2023-04-12,6.75003,80.36053,6.74794,80.36106,GPS Auto-Tag,239.1,74.2,Medium,True
EVT22256,Temple/Kovil Special Pooja,U03408,Muhudu Maha Vihara,Hambantota,Southern,2024-06-20,6.32974,81.4567,6.35268,81.47062,Typed Address,2972.8,2.4,Very Low,False
EVT22257,Community New Year Carnival,U14528,St. Clair's & Devon Falls Viewpoint,Nuwara Eliya,Central,2024-03-22,7.03966,80.66041,7.0407,80.66244,GPS Auto-Tag,251.3,73.0,Medium,True
EVT22258,Live Music Night,U08905,Bopath Ella Falls Trek,Ratnapura,Sabaragamuwa,2025-09-19,6.71003,80.35015,6.71357,80.35033,GPS Auto-Tag,393.9,61.1,Medium,True
EVT22259,Corporate Retreat Event,U02466,Bopath Ella Falls Trek,Ratnapura,Sabaragamuwa,2024-08-21,6.73783,80.36328,6.74188,80.36908,Manual Map Pin,781.5,37.6,Low,False
EVT22260,Corporate Retreat Event,U09985,Kataragama Esala Perahera,Monaragala,Uva,2025-05-13,6.40144,81.34039,6.39913,81.33972,GPS Auto-Tag,267.0,71.6,Medium,True
EVT22261,Beach Party,U11250,Anuradhapura Cycling Tour,Anuradhapura,North Central,2024-09-04,8.30613,80.39593,8.30721,80.39491,GPS Auto-Tag,164.5,81.4,Medium,True
EVT22262,Corporate Retreat Event,U15652,Sinharaja Forest Reserve Nature Walk,Ratnapura/Galle,Sabaragamuwa,2025-05-19,6.3984,80.51382,6.39831,80.51568,GPS Auto-Tag,206.1,77.3,Medium,True
EVT22263,Full Moon Party,U02861,Horton Plains & World's End Hike,Nuwara Eliya,Central,2023-02-17,6.78534,80.79467,6.7669,80.8056,Manual Map Pin,2374.2,5.1,Very Low,False
EVT22264,Corporate Retreat Event,U02738,Mannar Bird Migration Watching,Mannar,Northern,2025-09-16,8.97212,79.92695,8.97543,79.92571,GPS Auto-Tag,391.0,61.3,Medium,True
EVT22265,Food & Craft Fair,U10782,Galle Fort Walking Tour,Galle,Southern,2025-02-04,6.02993,80.22247,6.05228,80.2897,Typed Address,7824.1,0.0,Very Low,False
EVT22266,Private Wedding,U07648,Horton Plains & World's End Hike,Nuwara Eliya,Central,2025-07-29,6.82523,80.80148,6.81665,80.80647,Manual Map Pin,1099.5,25.3,Very Low,False
EVT22267,Beach Party,U02757,Hurulu Eco Park,Polonnaruwa,North Central,2023-07-17,8.16885,80.89974,8.16868,80.90097,GPS Auto-Tag,136.2,84.3,Medium,True
EVT22268,Temple/Kovil Special Pooja,U01976,Victoria Park Nuwara Eliya,Nuwara Eliya,Central,2025-03-20,6.96339,80.78686,6.96292,80.785,GPS Auto-Tag,211.8,76.7,Medium,True
EVT22269,Food & Craft Fair,U01480,Vesak Festival (Colombo & Island-wide),Colombo,Western,2025-06-20,6.92353,79.87223,6.96272,79.82904,Typed Address,6448.0,0.0,Very Low,False
EVT22270,Pop-up Local Festival,U00333,Mirissa Whale Watching & Beach,Matara,Southern,2023-12-21,5.95379,80.46856,5.95052,80.46597,GPS Auto-Tag,462.7,56.1,Low,False
EVT22271,Pop-up Local Festival,U14591,Dowa Rock Temple,Badulla,Uva,2025-08-20,6.88213,81.06073,6.8821,81.06066,GPS Auto-Tag,8.4,99.0,High,True
EVT22272,Full Moon Party,U09907,Wadduwa Beach Escape,Kalutara,Western,2025-04-21,6.63626,79.92188,6.64638,79.93715,Manual Map Pin,2023.8,8.0,Very Low,False
EVT22273,Live Music Night,U07820,Udawalawe National Park Safari,Ratnapura/Moneragala,Sabaragamuwa,2023-10-25,6.45797,80.87913,6.45868,80.88108,GPS Auto-Tag,228.8,75.1,Medium,True
EVT22274,Live Music Night,U01073,Bambarakanda Falls,Badulla,Uva,2023-12-06,6.79557,80.79269,6.79572,80.7941,GPS Auto-Tag,156.7,82.2,Medium,True
EVT22275,Live Music Night,U14782,Knuckles Conservation Forest Walk,Kandy/Matale,Central,2023-03-13,7.46767,80.78855,7.46627,80.78731,GPS Auto-Tag,206.5,77.2,Medium,True
EVT22276,Full Moon Party,U12946,Lipton's Seat Viewpoint,Badulla,Uva,2025-02-06,6.82287,81.08088,6.80891,81.01347,Typed Address,7588.9,0.0,Very Low,False
EVT22277,Community New Year Carnival,U03238,Dowa Rock Temple,Badulla,Uva,2024-04-28,6.90417,81.03117,6.90225,81.02927,GPS Auto-Tag,299.1,68.8,Medium,True
EVT22278,Full Moon Party,U11552,Rekawa Turtle Conservation,Hambantota,Southern,2023-08-21,6.05061,80.84587,6.04877,80.84657,GPS Auto-Tag,218.6,76.1,Medium,True
EVT22279,Village Perahera,U09126,Nilaveli Beach,Trincomalee,Eastern,2025-03-14,8.73135,81.19326,8.73094,81.19303,GPS Auto-Tag,51.1,93.8,High,True
EVT22280,Pop-up Local Festival,U08249,Nilaveli Beach,Trincomalee,Eastern,2024-04-18,8.73064,81.17539,8.73145,81.17609,Manual Map Pin,118.5,86.2,High,True
EVT22281,Corporate Retreat Event,U09593,Yala National Park Safari,Hambantota,Southern,2024-09-03,6.37113,81.50709,6.35992,81.49657,Manual Map Pin,1701.1,11.9,Very Low,False
EVT22282,Pop-up Local Festival,U03896,Colombo Galle Face & City Tour,Colombo,Western,2025-11-16,6.91859,79.8559,6.93104,79.87863,Typed Address,2860.4,2.8,Very Low,False
EVT22283,Community New Year Carnival,U17044,Kumana National Park Birding & Safari,Ampara,Eastern,2023-04-08,6.57052,81.66828,6.57204,81.66546,Manual Map Pin,353.7,64.3,Medium,True
EVT22284,Live Music Night,U08476,Wewurukannala & Buduruwagala Carvings,Badulla/Monaragala,Uva,2023-01-06,6.71713,81.15878,6.71426,81.15776,GPS Auto-Tag,337.7,65.6,Medium,True
EVT22285,Live Music Night,U13750,Hurulu Eco Park,Polonnaruwa,North Central,2024-06-23,8.16182,80.90413,8.14097,80.87037,Typed Address,4372.4,0.4,Very Low,False
EVT22286,Village Perahera,U09522,Udawalawe Elephant Transit Home,Ratnapura,Sabaragamuwa,2025-02-26,6.42456,80.87185,6.42197,80.87121,GPS Auto-Tag,296.4,69.0,Medium,True
EVT22287,Village Perahera,U16531,Bopath Ella Falls Trek,Ratnapura,Sabaragamuwa,2024-06-18,6.7388,80.35573,6.73947,80.35584,GPS Auto-Tag,75.1,91.0,High,True
EVT22288,Beach Party,U17396,Udawalawe Elephant Transit Home,Ratnapura,Sabaragamuwa,2023-11-28,6.44598,80.8801,6.4461,80.88061,GPS Auto-Tag,57.8,93.0,High,True
EVT22289,Live Music Night,U12576,Thalangama Wetland Birdwatching,Colombo,Western,2024-04-05,6.87961,79.92919,6.86972,79.93276,Manual Map Pin,1165.6,23.3,Very Low,False
EVT22290,Village Perahera,U07482,Bentota River Safari & Beach,Galle,Southern,2023-12-15,6.42826,79.99666,6.42815,79.99452,GPS Auto-Tag,236.4,74.4,Medium,True
EVT22291,Full Moon Party,U12325,Minneriya Elephant Gathering,Polonnaruwa,North Central,2023-01-23,8.02953,80.89178,8.02834,80.89341,GPS Auto-Tag,223.4,75.6,Medium,True
EVT22292,Community New Year Carnival,U05108,Sera Ella Waterfall,Matale,Central,2023-06-07,7.53461,80.67844,7.53442,80.67729,GPS Auto-Tag,128.5,85.2,High,True
EVT22293,Live Music Night,U06120,"New Year's Eve Countdown, Galle Face",Colombo,Western,2024-01-15,6.92933,79.85619,6.93007,79.86065,Manual Map Pin,498.7,53.6,Low,False
EVT22294,Temple/Kovil Special Pooja,U15181,Peak Wilderness Sanctuary Trek,Ratnapura,Sabaragamuwa,2025-09-14,6.80617,80.51803,6.80771,80.51546,GPS Auto-Tag,330.5,66.2,Medium,True
EVT22295,Community New Year Carnival,U01526,Kumana National Park Birding & Safari,Ampara,Eastern,2024-05-08,6.56068,81.66065,6.56099,81.66129,GPS Auto-Tag,78.0,90.7,High,True
EVT22296,Corporate Retreat Event,U04156,Kalpitiya Kite Surfing,Puttalam,North Western,2025-08-26,8.22764,79.78755,8.22853,79.78791,GPS Auto-Tag,106.2,87.6,High,True
EVT22297,Temple/Kovil Special Pooja,U09877,Colombo Galle Face & City Tour,Colombo,Western,2023-08-26,6.92038,79.85861,6.90967,79.85803,Manual Map Pin,1190.0,22.6,Very Low,False
EVT22298,Private Wedding,U04464,Nainativu & Nagadeepa,Jaffna,Northern,2025-12-26,9.58777,79.77659,9.58911,79.77601,GPS Auto-Tag,161.9,81.7,Medium,True
EVT22299,Beach Party,U04473,Nuwara Eliya April Season,Nuwara Eliya,Central,2023-09-02,6.96562,80.80231,6.96538,80.8021,GPS Auto-Tag,34.9,95.7,High,True
EVT22300,Private Wedding,U14901,Hiriwadunna Village,Anuradhapura,North Central,2023-12-23,7.9793,80.74424,7.92333,80.77677,Typed Address,7167.8,0.0,Very Low,False
EVT22301,Live Music Night,U00633,Udawalawe National Park Safari,Ratnapura/Moneragala,Sabaragamuwa,2025-09-07,6.4528,80.88295,6.44937,80.88207,GPS Auto-Tag,392.9,61.2,Medium,True
EVT22302,Temple/Kovil Special Pooja,U11400,Mulkirigala Rock Monastery,Hambantota,Southern,2023-06-08,6.14037,80.8931,6.13889,80.89253,GPS Auto-Tag,175.0,80.4,Medium,True
EVT22303,Live Music Night,U04027,Panama Village,Ampara,Eastern,2023-08-27,6.92773,81.79126,6.93121,81.78967,GPS Auto-Tag,424.2,58.8,Low,False
EVT22304,Food & Craft Fair,U12024,Wadduwa Beach Escape,Kalutara,Western,2024-06-28,6.64957,79.9252,6.64863,79.92618,GPS Auto-Tag,149.8,82.9,Medium,True
EVT22305,Corporate Retreat Event,U11430,Kumana National Park Birding & Safari,Ampara,Eastern,2024-10-12,6.55416,81.66624,6.5547,81.66368,GPS Auto-Tag,289.1,69.7,Medium,True
EVT22306,Food & Craft Fair,U07843,Kumana National Park Birding & Safari,Ampara,Eastern,2024-10-17,6.56129,81.65939,6.61705,81.64643,Typed Address,6351.6,0.0,Very Low,False
EVT22307,Temple/Kovil Special Pooja,U07779,Madunagala Hot Springs,Hambantota,Southern,2025-06-24,6.24325,81.24599,6.26256,81.25697,Manual Map Pin,2462.4,4.6,Very Low,False
EVT22308,Village Perahera,U14516,Udawalawe Elephant Transit Home,Ratnapura,Sabaragamuwa,2025-08-15,6.43172,80.89229,6.4311,80.8911,GPS Auto-Tag,148.0,83.1,Medium,True
EVT22309,Full Moon Party,U08386,Hakgala Botanical Garden,Nuwara Eliya,Central,2025-07-20,6.91844,80.7844,6.91975,80.78232,Manual Map Pin,270.5,71.3,Medium,True
EVT22310,Food & Craft Fair,U10632,Sinharaja Rainforest Trekking,Ratnapura/Galle,Sabaragamuwa,2025-02-19,6.40112,80.49361,6.40014,80.49346,GPS Auto-Tag,109.9,87.2,High,True
EVT22311,Full Moon Party,U03678,Knuckles Conservation Forest Walk,Kandy/Matale,Central,2025-05-11,7.47561,80.7853,7.47554,80.78561,GPS Auto-Tag,34.8,95.7,High,True
EVT22312,Village Perahera,U03230,Kochchikade St. Anthony's Feast,Colombo,Western,2023-11-21,6.93905,79.85767,6.98411,79.87623,Typed Address,5403.8,0.1,Very Low,False
EVT22313,Community New Year Carnival,U02488,Colombo Galle Face & City Tour,Colombo,Western,2024-09-20,6.9135,79.86875,6.92669,79.88618,Manual Map Pin,2414.8,4.9,Very Low,False
EVT22314,Food & Craft Fair,U08387,Kalametiya Bird Sanctuary,Hambantota,Southern,2024-09-30,6.05012,80.92799,6.05029,80.92478,GPS Auto-Tag,355.3,64.1,Medium,True
EVT22315,Village Perahera,U15148,Ella Rock & Little Adam's Peak Hike,Badulla,Uva,2023-07-09,6.87625,81.04925,6.87595,81.05148,GPS Auto-Tag,248.2,73.3,Medium,True
EVT22316,Temple/Kovil Special Pooja,U00080,Nuwara Eliya April Season,Nuwara Eliya,Central,2023-07-14,6.95008,80.77319,6.95103,80.77236,GPS Auto-Tag,139.5,84.0,Medium,True
EVT22317,Temple/Kovil Special Pooja,U14067,Kosgoda Turtle Hatchery,Galle,Southern,2023-10-10,6.0915,80.01072,6.0903,80.01164,GPS Auto-Tag,167.1,81.1,Medium,True
EVT22318,Pop-up Local Festival,U10080,Wewurukannala & Buduruwagala Carvings,Badulla/Monaragala,Uva,2023-09-20,6.7196,81.15556,6.71953,81.15448,GPS Auto-Tag,119.2,86.2,High,True
EVT22319,Corporate Retreat Event,U14918,Hikkaduwa Diving & Surfing,Galle,Southern,2024-08-12,6.1331,80.10505,6.13127,80.10616,GPS Auto-Tag,237.2,74.3,Medium,True
EVT22320,Village Perahera,U06607,Yala National Park Safari,Hambantota,Southern,2024-03-12,6.3532,81.49978,6.30602,81.50037,Typed Address,5236.8,0.1,Very Low,False
EVT22321,Village Perahera,U08546,Madu Ganga Mangrove Boat Tour,Galle,Southern,2023-04-09,6.25569,80.04562,6.23571,80.04829,Typed Address,2237.2,6.1,Very Low,False
EVT22322,Temple/Kovil Special Pooja,U05566,Royal Botanical Garden Peradeniya,Kandy,Central,2024-02-06,7.25896,80.57791,7.26066,80.57843,GPS Auto-Tag,197.7,78.1,Medium,True
EVT22323,Corporate Retreat Event,U11375,Nilaveli Beach,Trincomalee,Eastern,2025-03-01,8.72431,81.19288,8.73199,81.15999,Typed Address,3708.2,1.0,Very Low,False
EVT22324,Village Perahera,U00812,Delft Island,Jaffna,Northern,2024-09-18,9.52903,79.66797,9.52971,79.67213,Manual Map Pin,461.6,56.2,Low,False
EVT22325,Community New Year Carnival,U03149,Sera Ella Waterfall,Matale,Central,2025-09-11,7.53013,80.68238,7.52689,80.6781,Manual Map Pin,593.5,47.6,Low,False
EVT22326,Beach Party,U07541,Laxapana Falls Trek,Nuwara Eliya,Central,2023-10-12,6.92592,80.49074,6.94638,80.49532,Manual Map Pin,2326.2,5.5,Very Low,False
EVT22327,Full Moon Party,U09599,Adam's Peak (Sri Pada) Climb,Ratnapura,Sabaragamuwa,2024-09-17,6.80472,80.49306,6.80494,80.49246,GPS Auto-Tag,70.1,91.6,High,True
EVT22328,Corporate Retreat Event,U11591,Sinhala & Tamil New Year Village Games,Anuradhapura,North Central,2023-12-21,8.31173,80.4201,8.31254,80.41986,GPS Auto-Tag,93.9,88.9,High,True
EVT22329,Community New Year Carnival,U08989,Hiriwadunna Village,Anuradhapura,North Central,2025-04-02,7.97679,80.76347,7.96896,80.74187,Manual Map Pin,2528.6,4.2,Very Low,False
EVT22330,Pop-up Local Festival,U15282,Bundala Wetland Birdwatching,Hambantota,Southern,2023-03-14,6.20386,81.22088,6.20316,81.22176,GPS Auto-Tag,125.2,85.5,High,True
EVT22331,Live Music Night,U04394,Gal Oya Boat Safari,Ampara,Eastern,2025-06-27,7.16535,81.44507,7.16447,81.44403,GPS Auto-Tag,149.8,82.9,Medium,True
EVT22332,Live Music Night,U06655,Delft Wild Pony Eco Tour,Jaffna,Northern,2024-07-28,9.54376,79.65262,9.54519,79.65237,Manual Map Pin,160.8,81.8,Medium,True
EVT22333,Pop-up Local Festival,U16264,Hikkaduwa Diving & Surfing,Galle,Southern,2025-02-14,6.14411,80.09185,6.16037,80.08258,Typed Address,2074.8,7.5,Very Low,False
EVT22334,Pop-up Local Festival,U17305,Horton Plains Cloud Forest Eco Walk,Nuwara Eliya,Central,2023-04-10,6.79332,80.80203,6.81051,80.79501,Manual Map Pin,2058.9,7.6,Very Low,False
EVT22335,Community New Year Carnival,U16429,Weligama Surf School,Matara,Southern,2024-10-03,5.98172,80.4398,5.98266,80.44024,GPS Auto-Tag,115.8,86.5,High,True
EVT22336,Live Music Night,U15996,Rekawa Turtle Conservation,Hambantota,Southern,2025-10-13,6.04251,80.85335,6.04187,80.8529,GPS Auto-Tag,86.4,89.8,High,True
EVT22337,Food & Craft Fair,U11866,"New Year's Eve Countdown, Galle Face",Colombo,Western,2025-06-06,6.91493,79.84693,6.91552,79.84836,GPS Auto-Tag,171.1,80.7,Medium,True
EVT22338,Community New Year Carnival,U04619,Victoria Park Nuwara Eliya,Nuwara Eliya,Central,2023-04-01,6.97269,80.77054,6.99925,80.71674,Typed Address,6620.8,0.0,Very Low,False
EVT22339,Food & Craft Fair,U13148,Bogoda Wooden Bridge,Badulla,Uva,2025-06-15,6.98009,81.01524,6.97911,81.01561,GPS Auto-Tag,116.5,86.4,High,True
EVT22340,Village Perahera,U13254,Aluvihare Rock Monastery,Matale,Central,2023-06-18,7.49387,80.607,7.49146,80.60721,GPS Auto-Tag,268.9,71.5,Medium,True
EVT22341,Private Wedding,U10994,Minneriya Elephant Gathering,Polonnaruwa,North Central,2025-12-10,8.03081,80.8936,8.04558,80.85126,Typed Address,4933.8,0.2,Very Low,False
EVT22342,Corporate Retreat Event,U10665,Kayts Island,Jaffna,Northern,2024-03-03,9.69204,79.98387,9.67981,79.96843,Manual Map Pin,2167.6,6.7,Very Low,False
EVT22343,Beach Party,U17971,Ravana Caves & Ella Wala Pool,Badulla,Uva,2025-08-13,6.84499,81.03306,6.81054,81.08312,Typed Address,6711.7,0.0,Very Low,False
EVT22344,Private Wedding,U00765,Hurulu Eco Park,Polonnaruwa,North Central,2023-07-25,8.17346,80.86874,8.16156,80.79674,Typed Address,8019.5,0.0,Very Low,False
EVT22345,Private Wedding,U07612,Beddagana Wetland Park,Colombo,Western,2023-02-20,6.90926,79.91825,6.9165,79.9292,Manual Map Pin,1449.1,16.3,Very Low,False
EVT22346,Beach Party,U07558,Hakgala Botanical Garden,Nuwara Eliya,Central,2023-09-07,6.93953,80.78891,6.92809,80.786,Manual Map Pin,1310.4,19.4,Very Low,False
EVT22347,Community New Year Carnival,U12946,Unawatuna Beach,Galle,Southern,2024-09-24,6.0128,80.24532,6.00315,80.24848,Manual Map Pin,1125.9,24.5,Very Low,False
EVT22348,Temple/Kovil Special Pooja,U02706,Mannar Bird Migration Watching,Mannar,Northern,2025-10-25,8.98504,79.9197,9.03724,79.89647,Typed Address,6329.8,0.0,Very Low,False
EVT22349,Pop-up Local Festival,U13688,Minneriya Elephant Gathering,Polonnaruwa,North Central,2024-08-05,8.03066,80.9054,8.03006,80.90259,GPS Auto-Tag,316.1,67.4,Medium,True
EVT22350,Community New Year Carnival,U06558,Yala National Park Safari,Hambantota,Southern,2023-08-04,6.35191,81.51658,6.36003,81.51451,Manual Map Pin,929.5,31.3,Low,False
EVT22351,Food & Craft Fair,U13019,Wadduwa Beach Escape,Kalutara,Western,2024-09-18,6.65155,79.93838,6.58398,79.98381,Typed Address,9019.7,0.0,Very Low,False
EVT22352,Private Wedding,U15951,Diyasaru Wetland Park,Colombo,Western,2023-09-23,6.89382,79.92721,6.8822,79.92062,Manual Map Pin,1479.3,15.7,Very Low,False
EVT22353,Community New Year Carnival,U16994,Kosgoda Turtle Hatchery,Galle,Southern,2023-01-02,6.10186,80.01554,6.10324,80.0149,GPS Auto-Tag,167.8,81.1,Medium,True
EVT22354,Community New Year Carnival,U00546,Pasikuda Beach,Batticaloa,Eastern,2024-02-10,7.95149,81.54984,7.95435,81.5233,Typed Address,2934.9,2.6,Very Low,False
EVT22355,Full Moon Party,U00781,Ritigala Forest Monastery,Anuradhapura,North Central,2025-08-11,8.10188,80.65012,8.10923,80.66534,Typed Address,1860.9,9.8,Very Low,False
EVT22356,Private Wedding,U03066,Kitulgala White Water Rafting,Kegalle,Sabaragamuwa,2024-05-10,6.98099,80.42797,6.98378,80.42516,Manual Map Pin,438.2,57.8,Low,False
EVT22357,Village Perahera,U15860,Kanneliya Rainforest Reserve,Galle,Southern,2025-10-16,6.23565,80.3612,6.23608,80.36292,GPS Auto-Tag,195.4,78.3,Medium,True
EVT22358,Corporate Retreat Event,U16137,Kosgoda Turtle Hatchery,Galle,Southern,2025-07-14,6.08024,80.00679,6.14847,79.96939,Typed Address,8625.7,0.0,Very Low,False
EVT22359,Live Music Night,U13858,Beruwala Beach Resort Leisure,Kalutara,Western,2024-05-24,6.48872,79.97751,6.48649,79.98143,Manual Map Pin,498.0,53.7,Low,False
EVT22360,Private Wedding,U13601,Anawilundawa Ramsar Wetland,Puttalam,North Western,2024-01-21,7.72147,79.80426,7.73429,79.79233,Manual Map Pin,1935.5,8.9,Very Low,False
EVT22361,Private Wedding,U17785,Udawalawe National Park Safari,Ratnapura/Moneragala,Sabaragamuwa,2023-12-28,6.46505,80.86518,6.47961,80.86388,Manual Map Pin,1622.1,13.2,Very Low,False
EVT22362,Village Perahera,U06158,Wadduwa Beach Escape,Kalutara,Western,2024-08-03,6.64967,79.91669,6.64781,79.91495,GPS Auto-Tag,282.3,70.3,Medium,True
EVT22363,Beach Party,U06996,Mulkirigala Rock Monastery,Hambantota,Southern,2024-09-10,6.16993,80.8718,6.17116,80.87146,GPS Auto-Tag,142.2,83.7,Medium,True
EVT22364,Village Perahera,U08330,Beddagana Wetland Park,Colombo,Western,2025-04-15,6.88982,79.91117,6.89144,79.91245,GPS Auto-Tag,228.8,75.1,Medium,True
EVT22365,Village Perahera,U03624,Wilpattu National Park Safari,Puttalam,North Western,2025-05-02,8.45533,80.03328,8.40695,79.92097,Typed Address,13449.4,0.0,Very Low,False
EVT22366,Food & Craft Fair,U15815,Knuckles Mountain Range Trekking,Kandy/Matale,Central,2024-03-29,7.47354,80.79393,7.48178,80.78112,Manual Map Pin,1680.6,12.2,Very Low,False
EVT22367,Village Perahera,U16644,Kayts Island,Jaffna,Northern,2025-09-05,9.68087,80.00061,9.68556,80.00244,Manual Map Pin,558.2,49.8,Low,False
EVT22368,Food & Craft Fair,U05857,Hiriwadunna Village,Anuradhapura,North Central,2023-10-18,7.96561,80.74216,7.96475,80.74308,GPS Auto-Tag,139.7,84.0,Medium,True
EVT22369,Private Wedding,U16269,Peak Wilderness Sanctuary Trek,Ratnapura,Sabaragamuwa,2024-05-01,6.80078,80.51096,6.79342,80.51838,Manual Map Pin,1155.3,23.6,Very Low,False
EVT22370,Live Music Night,U00733,Ravana Caves & Ella Wala Pool,Badulla,Uva,2024-02-22,6.86453,81.02311,6.86197,81.02241,GPS Auto-Tag,294.7,69.2,Medium,True
EVT22371,Private Wedding,U16377,Kalametiya Bird Sanctuary,Hambantota,Southern,2023-09-29,6.07119,80.9544,6.084,80.94214,Manual Map Pin,1962.7,8.6,Very Low,False
EVT22372,Full Moon Party,U00814,Kumana Bird Sanctuary,Ampara,Eastern,2023-07-13,6.56808,81.66947,6.56771,81.66584,GPS Auto-Tag,401.8,60.5,Medium,True
EVT22373,Full Moon Party,U06601,Thalangama Wetland Birdwatching,Colombo,Western,2024-11-26,6.88597,79.91448,6.89835,79.91179,Manual Map Pin,1405.8,17.3,Very Low,False
EVT22374,Full Moon Party,U02343,Sinhala & Tamil New Year Village Games,Anuradhapura,North Central,2025-04-30,8.31112,80.40444,8.29349,80.40512,Manual Map Pin,1959.0,8.6,Very Low,False
EVT22375,Full Moon Party,U16335,Ella Rock & Little Adam's Peak Hike,Badulla,Uva,2024-01-27,6.88247,81.06873,6.88231,81.07052,GPS Auto-Tag,198.5,78.0,Medium,True
EVT22376,Corporate Retreat Event,U04934,Kataragama Esala Perahera,Monaragala,Uva,2023-07-26,6.42379,81.33906,6.42082,81.33912,GPS Auto-Tag,329.8,66.2,Medium,True
EVT22377,Private Wedding,U01233,Pigeon Island Snorkeling,Trincomalee,Eastern,2025-05-10,8.71418,81.19802,8.71268,81.20054,GPS Auto-Tag,321.7,66.9,Medium,True
EVT22378,Community New Year Carnival,U08210,Muthurajawela Marsh Boat Safari,Gampaha,Western,2024-01-12,7.06225,79.87605,7.07559,79.87894,Manual Map Pin,1514.5,15.1,Very Low,False
EVT22379,Village Perahera,U14469,Hurulu Eco Park,Polonnaruwa,North Central,2023-04-11,8.18579,80.88633,8.18694,80.88594,GPS Auto-Tag,134.7,84.5,Medium,True
EVT22380,Beach Party,U07589,Arugam Bay Surfing,Ampara,Eastern,2025-01-22,6.83858,81.82989,6.8375,81.82721,GPS Auto-Tag,318.4,67.2,Medium,True
EVT22381,Community New Year Carnival,U14755,Negombo Lagoon Boat Ride,Gampaha,Western,2025-05-06,7.19714,79.83828,7.19768,79.83751,GPS Auto-Tag,103.3,87.9,High,True
EVT22382,Full Moon Party,U07050,Gal Oya Boat Safari,Ampara,Eastern,2024-08-12,7.17686,81.4599,7.17558,81.45713,GPS Auto-Tag,336.4,65.7,Medium,True
EVT22383,Private Wedding,U11174,Beruwala Beach Resort Leisure,Kalutara,Western,2023-04-21,6.46864,79.97464,6.47069,79.97558,GPS Auto-Tag,250.7,73.1,Medium,True
EVT22384,Food & Craft Fair,U06686,Diyasaru Wetland Park,Colombo,Western,2025-06-02,6.88844,79.91628,6.87937,79.91317,Manual Map Pin,1063.7,26.5,Very Low,False
EVT22385,Community New Year Carnival,U04388,Ritigala Forest Monastery,Anuradhapura,North Central,2023-10-13,8.09867,80.64472,8.10573,80.64893,Manual Map Pin,909.5,32.1,Low,False
EVT22386,Pop-up Local Festival,U00571,Colombo Galle Face & City Tour,Colombo,Western,2025-01-30,6.93417,79.86497,6.93482,79.85951,Manual Map Pin,605.4,46.9,Low,False
EVT22387,Temple/Kovil Special Pooja,U03992,Yapahuwa Rock Fortress,Kurunegala,North Western,2023-12-14,7.84774,80.19358,7.79549,80.21263,Typed Address,6166.3,0.0,Very Low,False
EVT22388,Full Moon Party,U01255,Ambalangoda Mask Museum,Galle,Southern,2025-09-08,6.21639,80.04387,6.21635,80.04508,GPS Auto-Tag,132.8,84.7,Medium,True
EVT22389,Full Moon Party,U04108,Wilpattu National Park Safari,Puttalam,North Western,2025-07-27,8.43086,80.05623,8.44223,80.05762,Manual Map Pin,1271.0,20.4,Very Low,False
EVT22390,Corporate Retreat Event,U16705,Nuwara Eliya April Season,Nuwara Eliya,Central,2024-04-07,6.96446,80.78152,6.96521,80.78327,GPS Auto-Tag,209.3,77.0,Medium,True
EVT22391,Private Wedding,U09914,Beruwala Beach Resort Leisure,Kalutara,Western,2025-03-14,6.48733,80.0003,6.48879,80.01481,Manual Map Pin,1608.3,13.4,Very Low,False
EVT22392,Food & Craft Fair,U04642,Wasgamuwa National Park Safari,Matale/Polonnaruwa,Central,2023-11-02,7.77552,80.92285,7.80644,80.98611,Typed Address,7758.0,0.0,Very Low,False
EVT22393,Temple/Kovil Special Pooja,U09968,Nilaveli Beach,Trincomalee,Eastern,2023-05-24,8.71534,81.18974,8.71718,81.1863,GPS Auto-Tag,429.3,58.5,Low,False
EVT22394,Pop-up Local Festival,U00498,Kumana National Park Birding & Safari,Ampara,Eastern,2023-09-21,6.55974,81.66908,6.57686,81.64321,Typed Address,3426.8,1.4,Very Low,False
EVT22395,Live Music Night,U04537,Bellanwila-Attidiya Sanctuary,Colombo,Western,2024-05-06,6.83498,79.87607,6.83113,79.881,Typed Address,691.7,42.1,Low,False
EVT22396,Food & Craft Fair,U06744,Delft Wild Pony Eco Tour,Jaffna,Northern,2025-02-25,9.52576,79.66954,9.52513,79.66998,GPS Auto-Tag,84.9,89.9,High,True
EVT22397,Pop-up Local Festival,U09157,Kanneliya Rainforest Reserve,Galle,Southern,2025-12-14,6.23161,80.3389,6.23039,80.34143,GPS Auto-Tag,310.1,67.9,Medium,True
EVT22398,Beach Party,U15697,Trincomalee Whale Watching,Trincomalee,Eastern,2023-07-13,8.58288,81.22354,8.5823,81.22423,GPS Auto-Tag,99.4,88.3,High,True
EVT22399,Community New Year Carnival,U04784,Wadduwa Beach Escape,Kalutara,Western,2023-04-25,6.65231,79.93445,6.65142,79.9335,GPS Auto-Tag,143.4,83.6,Medium,True
EVT22400,Temple/Kovil Special Pooja,U13825,Kumana National Park Birding & Safari,Ampara,Eastern,2023-04-18,6.56484,81.66325,6.64452,81.6652,Typed Address,8847.2,0.0,Very Low,False
EVT22401,Pop-up Local Festival,U12993,Minneriya-Kaudulla Elephant Corridor,Polonnaruwa,North Central,2024-01-19,8.04853,80.93711,8.05054,80.90841,Typed Address,3161.4,1.9,Very Low,False
EVT22402,Temple/Kovil Special Pooja,U02363,Meemure Village,Kandy,Central,2023-07-27,7.45335,80.80441,7.45274,80.80438,GPS Auto-Tag,67.1,92.0,High,True
EVT22403,Community New Year Carnival,U04095,Knuckles Conservation Forest Walk,Kandy/Matale,Central,2025-11-05,7.46242,80.79245,7.47942,80.87734,Typed Address,9531.6,0.0,Very Low,False
EVT22404,Corporate Retreat Event,U07083,Induruwa Turtle Conservation,Galle,Southern,2025-10-05,6.02813,80.04002,6.08222,80.05063,Typed Address,6117.2,0.0,Very Low,False
EVT22405,Village Perahera,U04958,Royal Botanical Garden Peradeniya,Kandy,Central,2024-08-10,7.26708,80.59378,7.26783,80.59232,GPS Auto-Tag,180.7,79.8,Medium,True
EVT22406,Beach Party,U17489,Beddagana Wetland Park,Colombo,Western,2024-12-28,6.88649,79.90392,6.86401,79.91082,Typed Address,2608.7,3.8,Very Low,False
EVT22407,Food & Craft Fair,U11267,Sinharaja Rainforest Trekking,Ratnapura/Galle,Sabaragamuwa,2025-08-23,6.40967,80.49,6.41038,80.49107,GPS Auto-Tag,141.4,83.8,Medium,True
EVT22408,Live Music Night,U09828,Adam's Peak (Sri Pada) Climb,Ratnapura,Sabaragamuwa,2025-01-08,6.812,80.4987,6.8113,80.49973,GPS Auto-Tag,137.7,84.2,Medium,True
EVT22409,Temple/Kovil Special Pooja,U10480,Nuwara Eliya Tea Factory Tour,Nuwara Eliya,Central,2024-01-24,6.97245,80.77218,7.02726,80.75789,Typed Address,6284.9,0.0,Very Low,False
EVT22410,Temple/Kovil Special Pooja,U08829,Knuckles Mountain Range Trekking,Kandy/Matale,Central,2025-01-25,7.45631,80.7957,7.45772,80.7945,GPS Auto-Tag,205.0,77.4,Medium,True
EVT22411,Pop-up Local Festival,U11621,Hurulu Eco Park,Polonnaruwa,North Central,2024-08-19,8.16531,80.87342,8.15549,80.88539,Manual Map Pin,1708.2,11.8,Very Low,False
EVT22412,Community New Year Carnival,U16753,Vesak Festival (Colombo & Island-wide),Colombo,Western,2024-08-26,6.91365,79.85104,6.91249,79.85152,GPS Auto-Tag,138.8,84.1,Medium,True
EVT22413,Private Wedding,U08741,Sera Ella Waterfall,Matale,Central,2025-03-30,7.51515,80.6708,7.51301,80.66986,GPS Auto-Tag,258.4,72.4,Medium,True
EVT22414,Community New Year Carnival,U12565,Rekawa Turtle Conservation,Hambantota,Southern,2023-04-10,6.04416,80.84407,6.03977,80.84287,GPS Auto-Tag,504.9,53.2,Low,False
EVT22415,Community New Year Carnival,U08844,Knuckles Mountain Range Trekking,Kandy/Matale,Central,2025-06-30,7.45461,80.78452,7.42668,80.76169,Manual Map Pin,3990.6,0.7,Very Low,False
EVT22416,Beach Party,U17491,Bellanwila-Attidiya Sanctuary,Colombo,Western,2023-06-07,6.83884,79.88817,6.83795,79.88775,GPS Auto-Tag,108.4,87.3,High,True
EVT22417,Food & Craft Fair,U08932,Muthurajawela Marsh Boat Safari,Gampaha,Western,2025-12-24,7.06601,79.88289,7.06378,79.88231,GPS Auto-Tag,255.1,72.7,Medium,True
EVT22418,Pop-up Local Festival,U05778,Udawalawe Elephant Transit Home,Ratnapura,Sabaragamuwa,2025-02-23,6.44791,80.88261,6.44649,80.88283,GPS Auto-Tag,160.5,81.8,Medium,True
EVT22419,Full Moon Party,U10937,Ella Rock & Little Adam's Peak Hike,Badulla,Uva,2025-04-19,6.87249,81.03634,6.8722,81.03807,GPS Auto-Tag,193.2,78.5,Medium,True
EVT22420,Temple/Kovil Special Pooja,U00819,Kandy Lake Evening Walk,Kandy,Central,2025-01-21,7.26665,80.62589,7.26601,80.62477,GPS Auto-Tag,142.6,83.7,Medium,True
EVT22421,Temple/Kovil Special Pooja,U16128,Deepavali Festival (Colombo Kovils),Colombo,Western,2025-04-21,6.87116,79.84741,6.86366,79.85455,Manual Map Pin,1145.5,23.9,Very Low,False
EVT22422,Full Moon Party,U16378,Bopath Ella Falls Trek,Ratnapura,Sabaragamuwa,2025-02-18,6.72999,80.37635,6.73235,80.37491,GPS Auto-Tag,306.8,68.1,Medium,True
EVT22423,Full Moon Party,U15981,Gal Oya Kudugala Village Eco Trek,Ampara,Eastern,2024-01-11,7.16441,81.45265,7.16218,81.45166,GPS Auto-Tag,270.6,71.3,Medium,True
EVT22424,Community New Year Carnival,U00539,Peak Wilderness Sanctuary Trek,Ratnapura,Sabaragamuwa,2023-08-22,6.80235,80.50113,6.80126,80.50091,GPS Auto-Tag,123.1,85.7,High,True
EVT22425,Live Music Night,U00794,Riverston (Mini World's End),Matale,Central,2023-04-21,7.44114,80.73821,7.43781,80.73907,GPS Auto-Tag,381.6,62.1,Medium,True
EVT22426,Community New Year Carnival,U08698,Minneriya Elephant Gathering,Polonnaruwa,North Central,2023-09-30,8.03515,80.87558,8.03467,80.87604,GPS Auto-Tag,73.4,91.2,High,True
EVT22427,Food & Craft Fair,U07157,Bellanwila-Attidiya Sanctuary,Colombo,Western,2023-07-02,6.85858,79.91052,6.86874,79.89504,Manual Map Pin,2045.3,7.8,Very Low,False
EVT22428,Beach Party,U06935,Pigeon Island Snorkeling,Trincomalee,Eastern,2025-06-09,8.72074,81.18133,8.72086,81.17962,GPS Auto-Tag,187.9,79.1,Medium,True
EVT22429,Food & Craft Fair,U13488,Polonnaruwa Cycling Tour,Polonnaruwa,North Central,2025-01-10,7.94373,81.02025,7.93007,81.03784,Typed Address,2457.3,4.6,Very Low,False
EVT22430,Village Perahera,U16651,Peak Wilderness Sanctuary Trek,Ratnapura,Sabaragamuwa,2025-04-11,6.80041,80.48663,6.79339,80.46898,Manual Map Pin,2096.4,7.3,Very Low,False
EVT22431,Pop-up Local Festival,U15138,Deepavali Festival (Colombo Kovils),Colombo,Western,2023-05-30,6.89519,79.85593,6.89544,79.8571,GPS Auto-Tag,131.6,84.8,Medium,True
EVT22432,Village Perahera,U07323,Kitulgala White Water Rafting,Kegalle,Sabaragamuwa,2025-11-02,6.97521,80.4204,6.97337,80.42219,GPS Auto-Tag,283.7,70.1,Medium,True
EVT22433,Community New Year Carnival,U05205,Kochchikade St. Anthony's Feast,Colombo,Western,2024-10-23,6.92631,79.83049,6.90203,79.83398,Typed Address,2722.7,3.3,Very Low,False
EVT22434,Beach Party,U02870,Kitulgala White Water Rafting,Kegalle,Sabaragamuwa,2024-03-08,6.99014,80.4139,6.98929,80.41436,GPS Auto-Tag,106.7,87.5,High,True
EVT22435,Food & Craft Fair,U09582,Riverston (Mini World's End),Matale,Central,2025-11-02,7.45228,80.73743,7.47929,80.7379,Typed Address,2998.2,2.4,Very Low,False
EVT22436,Village Perahera,U06757,Dowa Rock Temple,Badulla,Uva,2024-01-08,6.89507,81.05406,6.89625,81.05467,GPS Auto-Tag,147.0,83.2,Medium,True
EVT22437,Full Moon Party,U06404,Delft Wild Pony Eco Tour,Jaffna,Northern,2025-04-27,9.54238,79.66449,9.54086,79.66398,GPS Auto-Tag,177.3,80.1,Medium,True
EVT22438,Private Wedding,U16282,Rekawa Turtle Conservation,Hambantota,Southern,2024-03-10,6.04246,80.86197,6.04211,80.86338,GPS Auto-Tag,160.7,81.8,Medium,True
EVT22439,Pop-up Local Festival,U04323,Belihuloya River Adventures,Ratnapura,Sabaragamuwa,2023-02-21,6.6696,80.83938,6.68318,80.84826,Manual Map Pin,1797.8,10.6,Very Low,False
EVT22440,Pop-up Local Festival,U09994,Lipton's Seat Viewpoint,Badulla,Uva,2025-09-01,6.80507,81.0718,6.80976,81.07092,GPS Auto-Tag,529.6,51.6,Low,False
EVT22441,Corporate Retreat Event,U05943,Adam's Peak (Sri Pada) Climb,Ratnapura,Sabaragamuwa,2024-12-15,6.80535,80.49738,6.78237,80.49002,Typed Address,2676.7,3.5,Very Low,False
EVT22442,Pop-up Local Festival,U10595,Rekawa Turtle Conservation,Hambantota,Southern,2024-07-15,6.04723,80.85035,6.04616,80.85123,GPS Auto-Tag,153.6,82.5,Medium,True
EVT22443,Private Wedding,U13882,Ella Rock & Little Adam's Peak Hike,Badulla,Uva,2025-09-13,6.88186,81.0488,6.88156,81.04087,Manual Map Pin,875.4,33.5,Low,False
EVT22444,Corporate Retreat Event,U03113,Dowa Rock Temple,Badulla,Uva,2025-01-14,6.88909,81.05505,6.88955,81.05555,GPS Auto-Tag,75.5,91.0,High,True
EVT22445,Food & Craft Fair,U06387,Muhudu Maha Vihara,Hambantota,Southern,2023-10-15,6.31388,81.47171,6.31125,81.47111,GPS Auto-Tag,299.4,68.8,Medium,True
EVT22446,Beach Party,U13033,Nuwara Eliya April Season,Nuwara Eliya,Central,2024-09-14,6.93279,80.79319,6.93499,80.79754,Manual Map Pin,537.9,51.0,Low,False
EVT22447,Live Music Night,U04771,Mannar Bird Migration Watching,Mannar,Northern,2025-04-24,8.99715,79.88404,8.99652,79.8832,GPS Auto-Tag,115.0,86.6,High,True
EVT22448,Full Moon Party,U13715,Unawatuna Beach,Galle,Southern,2024-05-13,6.02295,80.25409,6.02498,80.25493,GPS Auto-Tag,243.9,73.7,Medium,True
EVT22449,Private Wedding,U04501,Unawatuna Beach,Galle,Southern,2025-06-24,6.02261,80.23981,6.0332,80.2633,Typed Address,2846.6,2.8,Very Low,False
EVT22450,Community New Year Carnival,U04912,Dowa Rock Temple,Badulla,Uva,2025-08-07,6.87226,81.04385,6.87308,81.04514,GPS Auto-Tag,168.5,81.0,Medium,True
EVT22451,Village Perahera,U00606,Hiriwadunna Village,Anuradhapura,North Central,2024-11-27,7.99497,80.75322,8.0386,80.8348,Typed Address,10191.1,0.0,Very Low,False
EVT22452,Corporate Retreat Event,U03294,Beddagana Wetland Park,Colombo,Western,2024-08-11,6.89904,79.90423,6.90565,79.90052,Manual Map Pin,840.1,35.0,Low,False
EVT22453,Corporate Retreat Event,U13031,Yala National Park Safari,Hambantota,Southern,2025-03-23,6.3831,81.53282,6.38236,81.53368,GPS Auto-Tag,124.8,85.6,High,True
EVT22454,Private Wedding,U11256,Rekawa Turtle Conservation,Hambantota,Southern,2024-12-25,6.04541,80.82701,6.04906,80.8263,GPS Auto-Tag,412.3,59.7,Low,False
EVT22455,Temple/Kovil Special Pooja,U03775,Gal Oya Kudugala Village Eco Trek,Ampara,Eastern,2024-12-09,7.16346,81.45113,7.1502,81.46853,Manual Map Pin,2416.4,4.9,Very Low,False
EVT22456,Beach Party,U05316,Royal Botanical Garden Peradeniya,Kandy,Central,2024-04-23,7.25919,80.59464,7.25743,80.59383,GPS Auto-Tag,214.5,76.5,Medium,True
EVT22457,Village Perahera,U04549,Negombo Lagoon Boat Ride,Gampaha,Western,2023-06-07,7.20949,79.82562,7.30936,79.87785,Typed Address,12489.7,0.0,Very Low,False
EVT22458,Full Moon Party,U02273,Anawilundawa Ramsar Wetland,Puttalam,North Western,2024-12-23,7.73957,79.81654,7.73891,79.81751,GPS Auto-Tag,129.0,85.1,High,True
EVT22459,Temple/Kovil Special Pooja,U04114,Anuradhapura Cycling Tour,Anuradhapura,North Central,2025-08-19,8.32239,80.40433,8.32311,80.40373,GPS Auto-Tag,103.3,87.9,High,True
EVT22460,Village Perahera,U09034,Bundala Wetland Birdwatching,Hambantota,Southern,2024-05-03,6.19666,81.19882,6.19096,81.20255,Manual Map Pin,755.6,38.9,Low,False
EVT22461,Beach Party,U16786,Ravana Falls Abseiling,Badulla,Uva,2023-10-03,6.86949,81.04896,6.91817,81.11887,Typed Address,9410.0,0.0,Very Low,False
EVT22462,Community New Year Carnival,U04537,Victoria Park Nuwara Eliya,Nuwara Eliya,Central,2024-12-14,6.96826,80.76812,6.96761,80.76896,GPS Auto-Tag,116.8,86.4,High,True
EVT22463,Private Wedding,U00920,Mulkirigala Rock Monastery,Hambantota,Southern,2023-07-02,6.16198,80.89039,6.16334,80.89137,GPS Auto-Tag,186.1,79.2,Medium,True
EVT22464,Full Moon Party,U05062,Belihuloya River Adventures,Ratnapura,Sabaragamuwa,2024-10-10,6.68923,80.84061,6.68869,80.84816,Manual Map Pin,834.1,35.3,Low,False
EVT22465,Full Moon Party,U14514,Galle Fort Walking Tour,Galle,Southern,2024-07-26,6.01167,80.20632,6.03522,80.23116,Typed Address,3788.5,0.9,Very Low,False
EVT22466,Live Music Night,U01538,Nallur Festival (Nallur Kandaswamy Kovil),Jaffna,Northern,2023-09-12,9.67726,80.03965,9.67874,80.03858,GPS Auto-Tag,201.8,77.7,Medium,True
EVT22467,Beach Party,U16263,Hiriwadunna Village,Anuradhapura,North Central,2023-11-04,7.98154,80.73899,7.97296,80.74907,Manual Map Pin,1461.4,16.1,Very Low,False
EVT22468,Food & Craft Fair,U02938,Deepavali Festival (Colombo Kovils),Colombo,Western,2025-12-24,6.89696,79.85356,6.89872,79.85399,GPS Auto-Tag,201.0,77.8,Medium,True
EVT22469,Food & Craft Fair,U12094,Udawalawe Elephant Transit Home,Ratnapura,Sabaragamuwa,2025-05-24,6.43478,80.90011,6.43563,80.89727,GPS Auto-Tag,328.2,66.3,Medium,True
EVT22470,Beach Party,U00432,Kayts Island,Jaffna,Northern,2024-05-03,9.67701,79.98499,9.75919,79.93906,Typed Address,10414.4,0.0,Very Low,False
EVT22471,Private Wedding,U12473,Mannar Bird Migration Watching,Mannar,Northern,2025-01-20,8.97369,79.91105,8.9881,79.90851,Typed Address,1623.4,13.1,Very Low,False
EVT22472,Corporate Retreat Event,U14644,Kochchikade St. Anthony's Feast,Colombo,Western,2025-07-21,6.93162,79.86179,6.93349,79.86275,GPS Auto-Tag,233.4,74.7,Medium,True
EVT22473,Food & Craft Fair,U01529,Kalpitiya Dolphin Watching Eco Tour,Puttalam,North Western,2025-04-01,8.25281,79.76342,8.25149,79.76162,GPS Auto-Tag,246.7,73.5,Medium,True
EVT22474,Beach Party,U14135,Kandy Lake Evening Walk,Kandy,Central,2023-01-08,7.28448,80.65272,7.28715,80.65671,Manual Map Pin,530.4,51.5,Low,False
EVT22475,Pop-up Local Festival,U05619,Bogoda Wooden Bridge,Badulla,Uva,2023-07-09,6.95983,81.01488,6.9644,81.0214,Manual Map Pin,880.2,33.3,Low,False
EVT22476,Pop-up Local Festival,U16707,Kataragama Esala Perahera,Monaragala,Uva,2025-11-27,6.39613,81.3395,6.40107,81.33173,Manual Map Pin,1016.1,28.1,Very Low,False
EVT22477,Village Perahera,U02783,Royal Botanical Garden Peradeniya,Kandy,Central,2023-12-30,7.27359,80.57463,7.28744,80.55512,Manual Map Pin,2641.2,3.7,Very Low,False
EVT22478,Community New Year Carnival,U13266,Nallur Festival (Nallur Kandaswamy Kovil),Jaffna,Northern,2024-12-05,9.68444,80.02159,9.65073,80.06238,Typed Address,5823.7,0.1,Very Low,False
EVT22479,Temple/Kovil Special Pooja,U00538,"New Year's Eve Countdown, Galle Face",Colombo,Western,2024-04-13,6.94192,79.84753,6.95081,79.81671,Typed Address,3536.6,1.2,Very Low,False
EVT22480,Corporate Retreat Event,U01567,Pasikuda Beach,Batticaloa,Eastern,2023-08-27,7.94586,81.57246,7.94637,81.51114,Typed Address,6741.7,0.0,Very Low,False
EVT22481,Live Music Night,U03203,Anuradhapura Cycling Tour,Anuradhapura,North Central,2025-05-19,8.29366,80.39856,8.29085,80.39874,GPS Auto-Tag,312.9,67.6,Medium,True
EVT22482,Pop-up Local Festival,U03929,Adam's Peak (Sri Pada) Climb,Ratnapura,Sabaragamuwa,2024-07-20,6.82168,80.49833,6.85309,80.50668,Typed Address,3605.8,1.1,Very Low,False
EVT22483,Private Wedding,U12086,Bogoda Wooden Bridge,Badulla,Uva,2023-04-05,6.95721,81.03126,7.01396,81.02375,Typed Address,6353.5,0.0,Very Low,False
EVT22484,Private Wedding,U02293,Ella Rock & Little Adam's Peak Hike,Badulla,Uva,2025-08-22,6.87473,81.04945,6.81337,81.08109,Typed Address,7651.4,0.0,Very Low,False
EVT22485,Private Wedding,U07455,Nuwara Eliya Tea Factory Tour,Nuwara Eliya,Central,2025-01-20,6.96438,80.77156,6.96423,80.77146,GPS Auto-Tag,20.3,97.5,High,True
EVT22486,Village Perahera,U12192,Hikkaduwa Diving & Surfing,Galle,Southern,2024-10-12,6.15033,80.11082,6.15166,80.10504,Manual Map Pin,654.7,44.1,Low,False
EVT22487,Beach Party,U04309,Haputale Viewpoint & Tea Estates,Badulla,Uva,2025-06-30,6.77493,80.93791,6.77337,80.93758,GPS Auto-Tag,177.2,80.1,Medium,True
EVT22488,Food & Craft Fair,U10812,Diyasaru Wetland Park,Colombo,Western,2025-12-06,6.87962,79.90596,6.87785,79.89129,Manual Map Pin,1628.7,13.1,Very Low,False
EVT22489,Beach Party,U06121,Adam's Peak (Sri Pada) Climb,Ratnapura,Sabaragamuwa,2024-06-02,6.82367,80.48553,6.82877,80.48664,Manual Map Pin,579.1,48.5,Low,False
EVT22490,Beach Party,U07784,Nainativu & Nagadeepa,Jaffna,Northern,2025-05-25,9.58556,79.75903,9.66044,79.79178,Typed Address,9051.6,0.0,Very Low,False
EVT22491,Live Music Night,U15370,Nainativu & Nagadeepa,Jaffna,Northern,2025-11-25,9.58571,79.75701,9.59911,79.75851,Manual Map Pin,1496.5,15.4,Very Low,False
EVT22492,Private Wedding,U10359,Wadduwa Beach Escape,Kalutara,Western,2025-09-23,6.64977,79.90591,6.64572,79.8956,Manual Map Pin,1222.9,21.7,Very Low,False
EVT22493,Beach Party,U02270,Polonnaruwa Cycling Tour,Polonnaruwa,North Central,2024-09-02,7.94613,81.03068,7.94589,81.02994,GPS Auto-Tag,86.3,89.8,High,True
EVT22494,Community New Year Carnival,U12637,Hikkaduwa Diving & Surfing,Galle,Southern,2025-10-31,6.14696,80.09694,6.14776,80.09694,GPS Auto-Tag,88.3,89.5,High,True
EVT22495,Village Perahera,U01148,Ella Rock & Little Adam's Peak Hike,Badulla,Uva,2025-01-24,6.87046,81.05011,6.83715,81.12238,Typed Address,8781.1,0.0,Very Low,False
EVT22496,Pop-up Local Festival,U11801,Riverston (Mini World's End),Matale,Central,2025-09-09,7.46446,80.7254,7.46939,80.72081,Manual Map Pin,744.7,39.4,Low,False
EVT22497,Live Music Night,U14718,Induruwa Turtle Conservation,Galle,Southern,2024-07-30,6.05265,80.03743,6.05097,80.04008,GPS Auto-Tag,347.4,64.8,Medium,True
EVT22498,Food & Craft Fair,U10193,Horton Plains Cloud Forest Eco Walk,Nuwara Eliya,Central,2024-04-16,6.81097,80.7882,6.81913,80.7792,Manual Map Pin,1343.2,18.7,Very Low,False
EVT22499,Food & Craft Fair,U03673,Wadduwa Beach Escape,Kalutara,Western,2023-08-03,6.64917,79.92707,6.64823,79.92914,GPS Auto-Tag,249.9,73.2,Medium,True
EVT22500,Full Moon Party,U07551,Ritigala Forest Monastery,Anuradhapura,North Central,2024-09-14,8.12625,80.63697,8.12859,80.63803,GPS Auto-Tag,285.0,70.0,Medium,True
EVT22501,Food & Craft Fair,U17169,Wadduwa Beach Escape,Kalutara,Western,2024-07-03,6.66996,79.92998,6.67074,79.93176,GPS Auto-Tag,214.3,76.5,Medium,True
EVT22502,Corporate Retreat Event,U03502,Nallur Festival (Nallur Kandaswamy Kovil),Jaffna,Northern,2023-06-12,9.6825,80.02259,9.685,80.02127,GPS Auto-Tag,312.8,67.6,Medium,True
EVT22503,Village Perahera,U02677,Nuwara Eliya April Season,Nuwara Eliya,Central,2023-05-14,6.95363,80.79044,6.95448,80.78868,GPS Auto-Tag,216.6,76.3,Medium,True
EVT22504,Live Music Night,U08510,Sinharaja Rainforest Trekking,Ratnapura/Galle,Sabaragamuwa,2023-05-09,6.38954,80.51027,6.38794,80.50352,Manual Map Pin,766.0,38.4,Low,False
EVT22505,Community New Year Carnival,U06271,Hiriwadunna Village,Anuradhapura,North Central,2023-03-28,7.97629,80.75091,7.97827,80.77499,Typed Address,2656.2,3.6,Very Low,False
EVT22506,Temple/Kovil Special Pooja,U00846,Diyasaru Wetland Park,Colombo,Western,2025-08-11,6.88775,79.91126,6.88681,79.91099,GPS Auto-Tag,108.9,87.3,High,True
EVT22507,Temple/Kovil Special Pooja,U02091,Beddagana Wetland Park,Colombo,Western,2023-01-30,6.91301,79.90724,6.91923,79.89504,Manual Map Pin,1511.3,15.1,Very Low,False
EVT22508,Food & Craft Fair,U16579,Horton Plains Cloud Forest Eco Walk,Nuwara Eliya,Central,2023-01-06,6.79462,80.7875,6.7909,80.79699,Manual Map Pin,1124.1,24.5,Very Low,False
EVT22509,Temple/Kovil Special Pooja,U16155,Madunagala Hot Springs,Hambantota,Southern,2025-06-06,6.24821,81.2341,6.24654,81.25026,Manual Map Pin,1792.0,10.6,Very Low,False
EVT22510,Village Perahera,U13912,Wadduwa Beach Escape,Kalutara,Western,2025-11-30,6.62801,79.91873,6.62996,79.9199,GPS Auto-Tag,252.1,73.0,Medium,True
EVT22511,Community New Year Carnival,U01895,Muthurajawela Marsh Boat Safari,Gampaha,Western,2023-08-15,7.05726,79.87617,7.05732,79.86225,Manual Map Pin,1533.3,14.7,Very Low,False
EVT22512,Live Music Night,U00157,Yala National Park Safari,Hambantota,Southern,2025-07-03,6.37599,81.50865,6.37459,81.50884,GPS Auto-Tag,157.6,82.1,Medium,True
EVT22513,Pop-up Local Festival,U07112,Wilpattu National Park Safari,Puttalam,North Western,2025-01-29,8.43947,80.03737,8.43679,80.03726,GPS Auto-Tag,298.0,68.9,Medium,True
EVT22514,Live Music Night,U01550,Kanniya Hot Springs,Trincomalee,Eastern,2024-04-28,8.60391,81.16168,8.60108,81.16057,GPS Auto-Tag,336.7,65.6,Medium,True
EVT22515,Community New Year Carnival,U00296,Bambarakanda Falls,Badulla,Uva,2024-12-08,6.78558,80.78736,6.82795,80.75664,Typed Address,5794.9,0.1,Very Low,False
EVT22516,Beach Party,U16921,Gal Oya Kudugala Village Eco Trek,Ampara,Eastern,2025-10-21,7.16448,81.4611,7.16644,81.47214,Manual Map Pin,1234.9,21.4,Very Low,False
EVT22517,Village Perahera,U16178,"Christmas Celebrations, Negombo",Gampaha,Western,2024-04-02,7.19993,79.85011,7.20144,79.85077,GPS Auto-Tag,183.1,79.5,Medium,True
EVT22518,Village Perahera,U11341,Galle Fort Walking Tour,Galle,Southern,2025-03-27,6.04579,80.20881,6.04628,80.21979,Manual Map Pin,1213.6,21.9,Very Low,False
EVT22519,Corporate Retreat Event,U09514,Horton Plains & World's End Hike,Nuwara Eliya,Central,2025-01-09,6.7975,80.79029,6.80042,80.74574,Typed Address,4921.3,0.2,Very Low,False
EVT22520,Private Wedding,U11553,Kanniya Hot Springs,Trincomalee,Eastern,2023-06-13,8.59654,81.16483,8.59712,81.16388,GPS Auto-Tag,123.0,85.7,High,True
EVT22521,Temple/Kovil Special Pooja,U00292,Beruwala Beach Resort Leisure,Kalutara,Western,2025-03-09,6.4646,79.98821,6.46856,79.98052,Manual Map Pin,955.2,30.3,Low,False
EVT22522,Corporate Retreat Event,U03822,Thalangama Wetland Birdwatching,Colombo,Western,2025-08-26,6.89296,79.93338,6.90043,79.92292,Manual Map Pin,1420.6,16.9,Very Low,False
EVT22523,Temple/Kovil Special Pooja,U07898,Mulkirigala Rock Monastery,Hambantota,Southern,2025-06-08,6.16477,80.87634,6.16765,80.87653,GPS Auto-Tag,320.3,67.0,Medium,True
EVT22524,Pop-up Local Festival,U00908,Udawalawe Elephant Transit Home,Ratnapura,Sabaragamuwa,2024-12-13,6.44491,80.87856,6.43037,80.88131,Typed Address,1642.4,12.8,Very Low,False
EVT22525,Live Music Night,U14436,Weligama Surf School,Matara,Southern,2023-04-28,5.96477,80.42002,5.95964,80.42483,Manual Map Pin,778.9,37.8,Low,False
EVT22526,Corporate Retreat Event,U14040,Udawalawe Elephant Transit Home,Ratnapura,Sabaragamuwa,2024-06-05,6.4252,80.88031,6.42506,80.88301,GPS Auto-Tag,298.3,68.9,Medium,True
EVT22527,Private Wedding,U01803,Nuwara Eliya April Season,Nuwara Eliya,Central,2024-05-08,6.96096,80.78451,6.9589,80.75276,Typed Address,3505.7,1.2,Very Low,False
EVT22528,Corporate Retreat Event,U14953,Lipton's Seat Viewpoint,Badulla,Uva,2023-05-19,6.82726,81.0886,6.81597,81.08657,Typed Address,1273.8,20.3,Very Low,False
EVT22529,Temple/Kovil Special Pooja,U06561,Hiriwadunna Village,Anuradhapura,North Central,2025-02-25,7.98126,80.75158,7.98248,80.7491,GPS Auto-Tag,304.1,68.4,Medium,True
EVT22530,Beach Party,U01321,Bentota River Safari & Beach,Galle,Southern,2023-11-29,6.43857,79.9954,6.43985,79.99706,GPS Auto-Tag,232.2,74.8,Medium,True
EVT22531,Live Music Night,U08169,Gal Oya Kudugala Village Eco Trek,Ampara,Eastern,2024-05-27,7.14645,81.45423,7.14107,81.44859,Manual Map Pin,861.7,34.1,Low,False
EVT22532,Village Perahera,U05502,Bellanwila-Attidiya Sanctuary,Colombo,Western,2025-07-30,6.85334,79.88896,6.8529,79.89118,GPS Auto-Tag,249.5,73.2,Medium,True
EVT22533,Beach Party,U16977,Kanneliya Rainforest Reserve,Galle,Southern,2024-10-01,6.22733,80.35542,6.22827,80.35952,Manual Map Pin,463.7,56.0,Low,False
EVT22534,Community New Year Carnival,U10808,Bopath Ella Falls Trek,Ratnapura,Sabaragamuwa,2023-12-04,6.7562,80.3812,6.75646,80.38326,GPS Auto-Tag,229.7,75.0,Medium,True
EVT22535,Corporate Retreat Event,U01385,Ravana Falls Abseiling,Badulla,Uva,2025-02-09,6.89048,81.0679,6.89337,81.07075,GPS Auto-Tag,449.0,57.0,Low,False
EVT22536,Beach Party,U16988,Polonnaruwa Cycling Tour,Polonnaruwa,North Central,2025-06-09,7.93229,81.01701,7.93324,81.01706,GPS Auto-Tag,105.6,87.6,High,True
EVT22537,Private Wedding,U03117,Deepavali Festival (Colombo Kovils),Colombo,Western,2024-04-26,6.87433,79.85308,6.88228,79.82683,Typed Address,3024.4,2.3,Very Low,False
EVT22538,Full Moon Party,U12509,Sinharaja Forest Reserve Nature Walk,Ratnapura/Galle,Sabaragamuwa,2025-05-27,6.40489,80.48736,6.40283,80.48786,GPS Auto-Tag,235.0,74.5,Medium,True
EVT22539,Corporate Retreat Event,U00524,Madu Ganga Mangrove Boat Tour,Galle,Southern,2023-10-27,6.25834,80.03805,6.25948,80.03998,GPS Auto-Tag,247.6,73.4,Medium,True
EVT22540,Community New Year Carnival,U01531,Ravana Falls Abseiling,Badulla,Uva,2024-02-23,6.8827,81.07046,6.88133,81.07172,GPS Auto-Tag,206.1,77.3,Medium,True
EVT22541,Beach Party,U13861,Wasgamuwa National Park Safari,Matale/Polonnaruwa,Central,2024-10-30,7.78206,80.93122,7.78228,81.00759,Typed Address,8398.5,0.0,Very Low,False
EVT22542,Live Music Night,U01334,Galle Fort Walking Tour,Galle,Southern,2023-05-05,6.03463,80.21366,6.05313,80.21762,Manual Map Pin,2099.5,7.2,Very Low,False
EVT22543,Community New Year Carnival,U05557,Sinharaja Rainforest Trekking,Ratnapura/Galle,Sabaragamuwa,2023-04-20,6.40118,80.4887,6.39981,80.4889,GPS Auto-Tag,153.6,82.5,Medium,True
EVT22544,Full Moon Party,U17378,Thalangama Wetland Birdwatching,Colombo,Western,2025-06-30,6.90137,79.93757,6.91211,79.93292,Manual Map Pin,1297.9,19.7,Very Low,False
EVT22545,Temple/Kovil Special Pooja,U07179,Mirissa Whale Watching & Beach,Matara,Southern,2023-09-05,5.95363,80.44492,5.95481,80.44305,GPS Auto-Tag,244.9,73.6,Medium,True
EVT22546,Village Perahera,U04731,Dowa Rock Temple,Badulla,Uva,2024-02-10,6.88454,81.05918,6.85362,81.04052,Manual Map Pin,4000.8,0.7,Very Low,False
EVT22547,Corporate Retreat Event,U03553,Laxapana Falls Trek,Nuwara Eliya,Central,2023-06-28,6.93376,80.5055,6.93436,80.50656,GPS Auto-Tag,134.4,84.5,Medium,True
EVT22548,Village Perahera,U08061,Beruwala Beach Resort Leisure,Kalutara,Western,2025-01-16,6.48749,79.98987,6.48666,79.99614,Manual Map Pin,697.4,41.8,Low,False
EVT22549,Private Wedding,U13411,Peak Wilderness Sanctuary Trek,Ratnapura,Sabaragamuwa,2024-07-03,6.79381,80.50476,6.81077,80.5096,Manual Map Pin,1957.1,8.7,Very Low,False
EVT22550,Temple/Kovil Special Pooja,U08126,Madunagala Hot Springs,Hambantota,Southern,2023-12-16,6.26686,81.23733,6.2683,81.23583,GPS Auto-Tag,229.9,75.0,Medium,True
EVT22551,Live Music Night,U04656,Rathnapura Gem Mining Tour,Ratnapura,Sabaragamuwa,2024-12-16,6.66708,80.39713,6.67995,80.40905,Manual Map Pin,1941.2,8.8,Very Low,False
EVT22552,Corporate Retreat Event,U07879,Wasgamuwa National Park Safari,Matale/Polonnaruwa,Central,2023-02-17,7.78687,80.91762,7.78598,80.9162,GPS Auto-Tag,184.4,79.4,Medium,True
EVT22553,Village Perahera,U09041,Kalpitiya Kite Surfing,Puttalam,North Western,2025-08-04,8.231,79.77165,8.22562,79.76958,Manual Map Pin,638.0,45.0,Low,False
EVT22554,Village Perahera,U06310,Lipton's Seat Viewpoint,Badulla,Uva,2024-04-29,6.81695,81.06591,6.80087,81.07747,Manual Map Pin,2192.4,6.5,Very Low,False
EVT22555,Full Moon Party,U00181,Hikkaduwa Diving & Surfing,Galle,Southern,2025-11-05,6.14829,80.1198,6.15039,80.11988,GPS Auto-Tag,233.2,74.7,Medium,True
EVT22556,Temple/Kovil Special Pooja,U02381,Wasgamuwa National Park Safari,Matale/Polonnaruwa,Central,2024-01-01,7.78767,80.96024,7.78691,80.96219,GPS Auto-Tag,230.4,75.0,Medium,True
EVT22557,Beach Party,U05947,Pasikuda Beach,Batticaloa,Eastern,2023-01-22,7.92382,81.56007,7.92072,81.56134,GPS Auto-Tag,371.6,62.8,Medium,True
EVT22558,Community New Year Carnival,U06040,Royal Botanical Garden Peradeniya,Kandy,Central,2025-01-11,7.28247,80.59002,7.28256,80.59978,Typed Address,1074.6,26.1,Very Low,False
EVT22559,Village Perahera,U03793,Tangalle Beach Escape,Hambantota,Southern,2023-09-07,6.02449,80.81122,6.02257,80.81238,GPS Auto-Tag,248.7,73.3,Medium,True
EVT22560,Live Music Night,U02832,Colombo Galle Face & City Tour,Colombo,Western,2024-04-15,6.91146,79.85028,6.90811,79.85251,GPS Auto-Tag,446.3,57.2,Low,False
EVT22561,Full Moon Party,U11861,Sinharaja Forest Reserve Nature Walk,Ratnapura/Galle,Sabaragamuwa,2024-10-17,6.39355,80.50829,6.39449,80.5091,GPS Auto-Tag,137.7,84.2,Medium,True
EVT22562,Food & Craft Fair,U15967,Ravana Caves & Ella Wala Pool,Badulla,Uva,2023-05-17,6.8638,81.03625,6.86204,81.03408,GPS Auto-Tag,308.8,68.0,Medium,True
EVT22563,Pop-up Local Festival,U00704,Delft Island,Jaffna,Northern,2023-11-23,9.52862,79.67861,9.53079,79.67825,GPS Auto-Tag,243.9,73.7,Medium,True
EVT22564,Corporate Retreat Event,U05621,Nainativu & Nagadeepa,Jaffna,Northern,2023-04-17,9.58937,79.76528,9.60054,79.76646,Typed Address,1246.9,21.0,Very Low,False
EVT22565,Village Perahera,U02052,Wadduwa Beach Escape,Kalutara,Western,2025-02-05,6.64656,79.92501,6.63676,79.90679,Manual Map Pin,2283.9,5.8,Very Low,False
EVT22566,Corporate Retreat Event,U05883,Arugam Bay Surfing,Ampara,Eastern,2023-05-08,6.84459,81.83844,6.84544,81.8407,GPS Auto-Tag,266.3,71.7,Medium,True
EVT22567,Live Music Night,U12246,Knuckles Conservation Forest Walk,Kandy/Matale,Central,2023-10-29,7.47338,80.78413,7.47342,80.78213,GPS Auto-Tag,219.9,76.0,Medium,True
EVT22568,Village Perahera,U06067,Meemure Village,Kandy,Central,2024-03-21,7.47042,80.78562,7.45161,80.80985,Typed Address,3385.9,1.5,Very Low,False
EVT22569,Village Perahera,U02879,Diyasaru Wetland Park,Colombo,Western,2023-03-11,6.88251,79.90951,6.88254,79.90592,GPS Auto-Tag,395.5,61.0,Medium,True
EVT22570,Private Wedding,U06513,Kayts Island,Jaffna,Northern,2023-01-07,9.68595,79.99892,9.68704,79.99873,GPS Auto-Tag,122.6,85.8,High,True
EVT22571,Beach Party,U11038,Ella Rock & Little Adam's Peak Hike,Badulla,Uva,2023-08-21,6.86351,81.0381,6.8631,81.02962,Manual Map Pin,936.1,31.0,Low,False
EVT22572,Community New Year Carnival,U08490,Riverston (Mini World's End),Matale,Central,2025-06-27,7.48193,80.73586,7.47986,80.73724,GPS Auto-Tag,275.4,70.9,Medium,True
EVT22573,Beach Party,U10040,Nuwara Eliya April Season,Nuwara Eliya,Central,2023-05-24,6.95813,80.79111,6.98771,80.79242,Typed Address,3285.9,1.6,Very Low,False
EVT22574,Live Music Night,U10688,Knuckles Conservation Forest Walk,Kandy/Matale,Central,2025-01-26,7.47344,80.79026,7.47213,80.79154,GPS Auto-Tag,202.7,77.6,Medium,True
EVT22575,Temple/Kovil Special Pooja,U02632,Nuwara Eliya Gregory Lake Boating,Nuwara Eliya,Central,2024-09-04,6.95938,80.77957,6.95231,80.78157,Manual Map Pin,815.3,36.1,Low,False
EVT22576,Pop-up Local Festival,U16453,Nallur Festival (Nallur Kandaswamy Kovil),Jaffna,Northern,2024-08-28,9.67787,80.03039,9.68722,80.028,Typed Address,1070.5,26.2,Very Low,False
EVT22577,Food & Craft Fair,U04614,Udawalawe Elephant Transit Home,Ratnapura,Sabaragamuwa,2023-03-30,6.43094,80.88311,6.42999,80.88533,Manual Map Pin,266.8,71.6,Medium,True
EVT22578,Food & Craft Fair,U17924,Gal Oya Boat Safari,Ampara,Eastern,2025-02-08,7.1594,81.45552,7.08252,81.45852,Typed Address,8540.8,0.0,Very Low,False
EVT22579,Village Perahera,U09009,Victoria Park Nuwara Eliya,Nuwara Eliya,Central,2023-07-29,6.97797,80.7737,6.97992,80.77253,GPS Auto-Tag,252.6,72.9,Medium,True
EVT22580,Beach Party,U02098,Kanniya Hot Springs,Trincomalee,Eastern,2025-10-05,8.60692,81.16612,8.6053,81.16352,GPS Auto-Tag,336.7,65.6,Medium,True
EVT22581,Corporate Retreat Event,U12646,Udawalawe National Park Safari,Ratnapura/Moneragala,Sabaragamuwa,2023-04-03,6.46809,80.88621,6.46766,80.88755,GPS Auto-Tag,155.4,82.3,Medium,True
EVT22582,Live Music Night,U05419,Ravana Caves & Ella Wala Pool,Badulla,Uva,2023-02-08,6.84812,81.03753,6.95091,81.00786,Typed Address,11869.5,0.0,Very Low,False
EVT22583,Community New Year Carnival,U01332,Kanneliya Rainforest Reserve,Galle,Southern,2023-02-20,6.23814,80.3435,6.23695,80.34366,GPS Auto-Tag,132.8,84.7,Medium,True
EVT22584,Community New Year Carnival,U16759,Nilaveli Beach,Trincomalee,Eastern,2025-12-15,8.70902,81.18075,8.71028,81.18173,GPS Auto-Tag,176.8,80.2,Medium,True
EVT22585,Pop-up Local Festival,U07047,Minneriya Elephant Gathering,Polonnaruwa,North Central,2025-08-28,8.01573,80.90754,8.02512,80.91134,Manual Map Pin,1123.6,24.5,Very Low,False
EVT22586,Private Wedding,U03978,Kandy Lake Evening Walk,Kandy,Central,2025-01-29,7.29025,80.63327,7.2916,80.63373,GPS Auto-Tag,158.5,82.0,Medium,True
EVT22587,Village Perahera,U11058,Rathnapura Gem Mining Tour,Ratnapura,Sabaragamuwa,2025-10-07,6.67278,80.41176,6.67518,80.41244,GPS Auto-Tag,276.7,70.8,Medium,True
EVT22588,Beach Party,U13653,Nainativu & Nagadeepa,Jaffna,Northern,2023-07-11,9.59419,79.77959,9.59303,79.77892,GPS Auto-Tag,147.9,83.1,Medium,True
EVT22589,Live Music Night,U15340,Deepavali Festival (Colombo Kovils),Colombo,Western,2023-06-08,6.88675,79.86856,6.88558,79.8683,GPS Auto-Tag,133.4,84.6,Medium,True
EVT22590,Temple/Kovil Special Pooja,U11508,Nallur Festival (Nallur Kandaswamy Kovil),Jaffna,Northern,2024-11-24,9.66139,80.04157,9.6621,79.99105,Typed Address,5528.5,0.1,Very Low,False
EVT22591,Full Moon Party,U14863,Galle Fort Walking Tour,Galle,Southern,2024-04-01,6.0241,80.22109,6.03627,80.22009,Manual Map Pin,1355.0,18.4,Very Low,False
EVT22592,Beach Party,U00438,Trincomalee Whale Watching,Trincomalee,Eastern,2024-12-11,8.54985,81.23228,8.55009,81.23005,GPS Auto-Tag,246.1,73.5,Medium,True
EVT22593,Full Moon Party,U03306,Lipton's Seat Viewpoint,Badulla,Uva,2023-06-10,6.83483,81.06842,6.82874,81.14688,Typed Address,8673.8,0.0,Very Low,False
EVT22594,Full Moon Party,U04101,Wadduwa Beach Escape,Kalutara,Western,2025-03-19,6.65606,79.89407,6.71816,79.84914,Typed Address,8488.6,0.0,Very Low,False
EVT22595,Private Wedding,U09154,Diyaluma Infinity Pools,Badulla,Uva,2023-04-30,6.70697,81.03831,6.7117,81.01959,Typed Address,2129.5,7.0,Very Low,False
EVT22596,Full Moon Party,U15607,Wasgamuwa National Park Safari,Matale/Polonnaruwa,Central,2023-02-14,7.76969,80.93649,7.77329,80.93632,GPS Auto-Tag,399.2,60.7,Medium,True
EVT22597,Corporate Retreat Event,U02918,Ella Rock & Little Adam's Peak Hike,Badulla,Uva,2024-10-01,6.86243,81.04434,6.86082,81.0393,Manual Map Pin,584.0,48.2,Low,False
EVT22598,Corporate Retreat Event,U04096,Madu Ganga Mangrove Boat Tour,Galle,Southern,2023-05-07,6.26275,80.05527,6.25362,80.0573,Manual Map Pin,1037.9,27.3,Very Low,False
EVT22599,Pop-up Local Festival,U05041,Pigeon Island Snorkeling,Trincomalee,Eastern,2024-07-20,8.71733,81.18752,8.72899,81.18928,Manual Map Pin,1308.9,19.5,Very Low,False
EVT22600,Full Moon Party,U06659,Trincomalee Whale Watching,Trincomalee,Eastern,2025-08-15,8.58353,81.21385,8.58438,81.21339,GPS Auto-Tag,106.8,87.5,High,True
EVT22601,Private Wedding,U01704,Knuckles Mountain Range Trekking,Kandy/Matale,Central,2024-11-29,7.45368,80.78042,7.45569,80.78279,GPS Auto-Tag,343.3,65.1,Medium,True
EVT22602,Temple/Kovil Special Pooja,U04183,Nainativu & Nagadeepa,Jaffna,Northern,2023-07-16,9.58187,79.76515,9.61728,79.79509,Typed Address,5117.2,0.2,Very Low,False
EVT22603,Corporate Retreat Event,U05201,Knuckles Mountain Range Trekking,Kandy/Matale,Central,2025-05-27,7.47543,80.78479,7.49072,80.79686,Typed Address,2154.6,6.8,Very Low,False
EVT22604,Pop-up Local Festival,U11232,Weligama Surf School,Matara,Southern,2023-10-27,5.9795,80.41689,6.00434,80.41022,Manual Map Pin,2854.5,2.8,Very Low,False
EVT22605,Pop-up Local Festival,U00228,Diyasaru Wetland Park,Colombo,Western,2024-12-30,6.88312,79.92056,6.87707,79.92654,Manual Map Pin,940.9,30.8,Low,False
EVT22606,Community New Year Carnival,U14596,Negombo Lagoon Boat Ride,Gampaha,Western,2025-07-09,7.22151,79.82788,7.22079,79.82711,GPS Auto-Tag,116.7,86.4,High,True
EVT22607,Full Moon Party,U00997,Rekawa Turtle Conservation,Hambantota,Southern,2025-08-09,6.03549,80.86333,6.01241,80.86567,Manual Map Pin,2574.5,4.0,Very Low,False
EVT22608,Food & Craft Fair,U06551,Muthurajawela Marsh Boat Safari,Gampaha,Western,2024-06-06,7.086,79.87771,7.09158,79.86949,Manual Map Pin,1097.1,25.4,Very Low,False
EVT22609,Full Moon Party,U07885,Deepavali Festival (Colombo Kovils),Colombo,Western,2023-04-03,6.86209,79.86273,6.86175,79.86462,GPS Auto-Tag,211.4,76.8,Medium,True
EVT22610,Village Perahera,U00518,Horton Plains & World's End Hike,Nuwara Eliya,Central,2025-03-22,6.78072,80.81186,6.77963,80.81233,GPS Auto-Tag,131.6,84.8,Medium,True
EVT22611,Private Wedding,U03745,Vesak Festival (Colombo & Island-wide),Colombo,Western,2023-06-06,6.92309,79.84425,6.9419,79.91346,Typed Address,7906.1,0.0,Very Low,False
EVT22612,Pop-up Local Festival,U01989,Bogoda Wooden Bridge,Badulla,Uva,2023-03-28,6.96131,81.01597,6.95357,81.02686,Manual Map Pin,1475.4,15.8,Very Low,False
EVT22613,Community New Year Carnival,U15910,Wasgamuwa National Park Safari,Matale/Polonnaruwa,Central,2025-10-18,7.79822,80.95009,7.79963,80.97489,Typed Address,2732.0,3.3,Very Low,False
EVT22614,Corporate Retreat Event,U04497,Sera Ella Waterfall,Matale,Central,2023-08-26,7.54076,80.671,7.53794,80.67094,GPS Auto-Tag,313.1,67.6,Medium,True
EVT22615,Full Moon Party,U02499,Kalpitiya Dolphin Watching Eco Tour,Puttalam,North Western,2023-05-07,8.24482,79.76953,8.24698,79.76755,GPS Auto-Tag,323.3,66.8,Medium,True
EVT22616,Full Moon Party,U08495,Laxapana Falls Trek,Nuwara Eliya,Central,2024-09-22,6.92033,80.49253,6.90012,80.49251,Manual Map Pin,2244.0,6.1,Very Low,False
EVT22617,Temple/Kovil Special Pooja,U03533,Bundala Wetland Birdwatching,Hambantota,Southern,2023-03-11,6.19112,81.20868,6.18145,81.19502,Manual Map Pin,1850.7,9.9,Very Low,False
EVT22618,Corporate Retreat Event,U16023,Kalpitiya Kite Surfing,Puttalam,North Western,2024-06-25,8.22435,79.75378,8.22467,79.75375,GPS Auto-Tag,35.5,95.7,High,True
EVT22619,Live Music Night,U00180,Diyasaru Wetland Park,Colombo,Western,2023-06-28,6.90952,79.90804,6.96676,79.88177,Typed Address,6981.6,0.0,Very Low,False
EVT22620,Full Moon Party,U08048,Hiriwadunna Village,Anuradhapura,North Central,2025-01-08,8.00232,80.7442,8.00319,80.74288,GPS Auto-Tag,174.2,80.4,Medium,True
EVT22621,Pop-up Local Festival,U05016,Minneriya-Kaudulla Elephant Corridor,Polonnaruwa,North Central,2023-11-04,8.04262,80.92747,8.01249,80.94251,Typed Address,3730.4,0.9,Very Low,False
EVT22622,Pop-up Local Festival,U06132,Haputale Viewpoint & Tea Estates,Badulla,Uva,2024-10-19,6.77523,80.96462,6.77869,80.97348,Manual Map Pin,1049.2,26.9,Very Low,False
EVT22623,Temple/Kovil Special Pooja,U14778,Sinharaja Rainforest Trekking,Ratnapura/Galle,Sabaragamuwa,2025-09-02,6.40044,80.48672,6.39813,80.4846,GPS Auto-Tag,346.5,64.8,Medium,True
EVT22624,Village Perahera,U00820,Kataragama Esala Perahera,Monaragala,Uva,2023-10-28,6.41415,81.32141,6.43351,81.32777,Typed Address,2259.7,5.9,Very Low,False
EVT22625,Corporate Retreat Event,U15823,Kandy Lake Evening Walk,Kandy,Central,2025-11-10,7.27705,80.64264,7.27888,80.64251,GPS Auto-Tag,204.0,77.5,Medium,True
EVT22626,Pop-up Local Festival,U08182,Thalangama Wetland Birdwatching,Colombo,Western,2023-11-04,6.87357,79.91509,6.87353,79.91569,GPS Auto-Tag,66.1,92.1,High,True
EVT22627,Full Moon Party,U14545,Bambarakanda Falls,Badulla,Uva,2023-11-02,6.78393,80.79542,6.79337,80.79874,Manual Map Pin,1109.5,25.0,Very Low,False
EVT22628,Food & Craft Fair,U02889,Anuradhapura Cycling Tour,Anuradhapura,North Central,2024-04-23,8.30578,80.41197,8.30912,80.41338,GPS Auto-Tag,402.4,60.5,Medium,True
EVT22629,Community New Year Carnival,U04992,Belihuloya River Adventures,Ratnapura,Sabaragamuwa,2025-04-08,6.67557,80.83074,6.6757,80.82363,Manual Map Pin,783.2,37.6,Low,False
EVT22630,Private Wedding,U00308,Beruwala Beach Resort Leisure,Kalutara,Western,2024-01-28,6.47462,79.98813,6.47521,79.99128,GPS Auto-Tag,353.8,64.3,Medium,True
EVT22631,Pop-up Local Festival,U01428,Nuwara Eliya Tea Factory Tour,Nuwara Eliya,Central,2025-12-13,6.96338,80.76708,6.96214,80.76868,GPS Auto-Tag,223.4,75.6,Medium,True
EVT22632,Community New Year Carnival,U10702,Bundala Wetland Birdwatching,Hambantota,Southern,2023-03-03,6.2051,81.21835,6.20353,81.21641,GPS Auto-Tag,276.1,70.8,Medium,True
EVT22633,Village Perahera,U06397,Nuwara Eliya Gregory Lake Boating,Nuwara Eliya,Central,2024-02-02,6.95923,80.79473,6.96507,80.77467,Typed Address,2302.9,5.6,Very Low,False
EVT22634,Village Perahera,U10625,Nuwara Eliya Gregory Lake Boating,Nuwara Eliya,Central,2023-09-28,6.9555,80.79893,6.96312,80.80121,Manual Map Pin,883.2,33.2,Low,False
EVT22635,Community New Year Carnival,U03548,Belihuloya River Adventures,Ratnapura,Sabaragamuwa,2023-05-14,6.67026,80.83625,6.6361,80.76753,Typed Address,8472.2,0.0,Very Low,False
EVT22636,Corporate Retreat Event,U04390,Bentota River Safari & Beach,Galle,Southern,2023-12-30,6.43317,80.01329,6.43428,80.01398,GPS Auto-Tag,144.7,83.5,Medium,True
EVT22637,Pop-up Local Festival,U02531,Tangalle Beach Escape,Hambantota,Southern,2024-04-27,6.02685,80.79416,5.94096,80.7793,Typed Address,9674.6,0.0,Very Low,False
EVT22638,Private Wedding,U04342,Ella Rock & Little Adam's Peak Hike,Badulla,Uva,2024-02-13,6.8637,81.04118,6.85932,81.04982,Manual Map Pin,1069.4,26.3,Very Low,False
EVT22639,Beach Party,U13929,Tangalle Beach Escape,Hambantota,Southern,2025-09-21,6.00759,80.78169,6.01215,80.78764,Manual Map Pin,829.0,35.5,Low,False
EVT22640,Private Wedding,U00171,Yala National Park Safari,Hambantota,Southern,2023-07-01,6.39218,81.5131,6.33598,81.51787,Typed Address,6260.6,0.0,Very Low,False
EVT22641,Community New Year Carnival,U01575,Kitulgala White Water Rafting,Kegalle,Sabaragamuwa,2023-10-28,6.97035,80.41149,6.96857,80.4191,Manual Map Pin,862.1,34.0,Low,False
EVT22642,Food & Craft Fair,U10504,Rekawa Turtle Conservation,Hambantota,Southern,2024-07-30,6.04557,80.8364,6.0463,80.8325,GPS Auto-Tag,438.0,57.8,Low,False
EVT22643,Private Wedding,U03807,Panama-Kudumbigala Eco Reserve,Ampara,Eastern,2024-06-18,6.89009,81.77159,6.88939,81.77222,GPS Auto-Tag,104.6,87.7,High,True
EVT22644,Village Perahera,U09213,Negombo Lagoon Boat Ride,Gampaha,Western,2025-05-02,7.20728,79.84981,7.20251,79.85786,Manual Map Pin,1032.8,27.5,Very Low,False
EVT22645,Beach Party,U10635,Ambalangoda Mask Museum,Galle,Southern,2023-05-26,6.24899,80.05206,6.24406,80.05938,Manual Map Pin,975.6,29.5,Very Low,False
EVT22646,Pop-up Local Festival,U13088,Nuwara Eliya Tea Factory Tour,Nuwara Eliya,Central,2025-03-20,6.97367,80.77043,6.97008,80.77118,GPS Auto-Tag,406.7,60.1,Medium,True
EVT22647,Private Wedding,U15472,St. Clair's & Devon Falls Viewpoint,Nuwara Eliya,Central,2024-05-09,7.02435,80.6667,7.03552,80.67166,Manual Map Pin,1354.9,18.4,Very Low,False
EVT22648,Food & Craft Fair,U14497,Bopath Ella Falls Trek,Ratnapura,Sabaragamuwa,2023-07-30,6.7215,80.37029,6.72418,80.37426,Manual Map Pin,528.9,51.6,Low,False
EVT22649,Private Wedding,U07750,Victoria Park Nuwara Eliya,Nuwara Eliya,Central,2025-03-17,6.96942,80.77354,6.96937,80.77605,GPS Auto-Tag,276.5,70.8,Medium,True
EVT22650,Beach Party,U16754,"New Year's Eve Countdown, Galle Face",Colombo,Western,2024-10-09,6.92266,79.84832,6.92015,79.8547,Manual Map Pin,755.7,38.9,Low,False
EVT22651,Village Perahera,U09068,Diyasaru Wetland Park,Colombo,Western,2024-11-24,6.88831,79.88985,6.89089,79.90058,Manual Map Pin,1216.2,21.9,Very Low,False
EVT22652,Village Perahera,U05048,Muthurajawela Marsh Boat Safari,Gampaha,Western,2024-09-20,7.06711,79.89688,7.06602,79.89726,GPS Auto-Tag,127.8,85.2,High,True
EVT22653,Village Perahera,U01443,Anawilundawa Ramsar Wetland,Puttalam,North Western,2023-06-08,7.73831,79.82342,7.70156,79.81433,Typed Address,4199.9,0.5,Very Low,False
EVT22654,Corporate Retreat Event,U03583,Kayts Island,Jaffna,Northern,2025-02-21,9.67382,79.99213,9.73617,80.00258,Typed Address,7014.9,0.0,Very Low,False
EVT22655,Pop-up Local Festival,U08195,Meemure Village,Kandy,Central,2025-06-09,7.46436,80.78841,7.4646,80.78772,GPS Auto-Tag,80.2,90.5,High,True
EVT22656,Village Perahera,U08851,Hikkaduwa Diving & Surfing,Galle,Southern,2024-09-13,6.12226,80.09877,6.12174,80.09812,GPS Auto-Tag,92.7,89.1,High,True
EVT22657,Beach Party,U15242,Pigeon Island Snorkeling,Trincomalee,Eastern,2025-08-23,8.69853,81.20768,8.70666,81.21244,Manual Map Pin,1042.5,27.2,Very Low,False
EVT22658,Live Music Night,U00641,Kochchikade St. Anthony's Feast,Colombo,Western,2024-12-09,6.93701,79.85251,6.93562,79.85273,GPS Auto-Tag,156.1,82.3,Medium,True
EVT22659,Village Perahera,U01668,Beruwala Beach Resort Leisure,Kalutara,Western,2025-11-12,6.47771,79.97956,6.56955,79.93136,Typed Address,11496.6,0.0,Very Low,False
EVT22660,Live Music Night,U04291,Kataragama Esala Perahera,Monaragala,Uva,2023-03-19,6.4094,81.33567,6.38887,81.34589,Manual Map Pin,2542.4,4.2,Very Low,False
EVT22661,Village Perahera,U17007,Kanniya Hot Springs,Trincomalee,Eastern,2024-05-01,8.59763,81.16666,8.59646,81.16584,GPS Auto-Tag,157.5,82.1,Medium,True
EVT22662,Corporate Retreat Event,U06121,Sinharaja Rainforest Trekking,Ratnapura/Galle,Sabaragamuwa,2025-03-05,6.39408,80.51695,6.39314,80.51739,GPS Auto-Tag,114.9,86.6,High,True
EVT22663,Food & Craft Fair,U12311,Aluvihare Rock Monastery,Matale,Central,2023-11-10,7.46801,80.63264,7.4692,80.63245,GPS Auto-Tag,133.7,84.6,Medium,True
EVT22664,Corporate Retreat Event,U01637,Muhudu Maha Vihara,Hambantota,Southern,2025-12-02,6.32584,81.45738,6.33497,81.48331,Manual Map Pin,3034.7,2.3,Very Low,False
EVT22665,Beach Party,U02824,Dowa Rock Temple,Badulla,Uva,2023-09-30,6.87399,81.04281,6.88699,81.05681,Manual Map Pin,2112.7,7.1,Very Low,False
EVT22666,Beach Party,U04317,Kandy Lake Evening Walk,Kandy,Central,2023-06-24,7.27851,80.64204,7.27911,80.64253,GPS Auto-Tag,85.2,89.9,High,True
EVT22667,Food & Craft Fair,U16858,Anuradhapura Cycling Tour,Anuradhapura,North Central,2023-11-26,8.30975,80.39101,8.30924,80.39069,GPS Auto-Tag,67.1,92.0,High,True
EVT22668,Live Music Night,U13469,Adam's Peak (Sri Pada) Climb,Ratnapura,Sabaragamuwa,2024-08-09,6.80699,80.49706,6.7833,80.47014,Typed Address,3964.7,0.7,Very Low,False
EVT22669,Full Moon Party,U05852,Peak Wilderness Sanctuary Trek,Ratnapura,Sabaragamuwa,2024-02-05,6.802,80.51383,6.85547,80.43412,Typed Address,10602.6,0.0,Very Low,False
EVT22670,Full Moon Party,U02393,Knuckles Conservation Forest Walk,Kandy/Matale,Central,2025-10-08,7.46172,80.77887,7.46011,80.77923,GPS Auto-Tag,183.5,79.5,Medium,True
EVT22671,Private Wedding,U02203,Minneriya Elephant Gathering,Polonnaruwa,North Central,2025-11-09,8.04906,80.90915,8.04754,80.90971,GPS Auto-Tag,179.2,79.9,Medium,True
EVT22672,Full Moon Party,U10082,Wadduwa Beach Escape,Kalutara,Western,2025-12-25,6.67064,79.9139,6.64952,79.91815,Manual Map Pin,2391.0,5.0,Very Low,False
EVT22673,Temple/Kovil Special Pooja,U01284,Kalpitiya Kite Surfing,Puttalam,North Western,2024-06-04,8.2378,79.76575,8.24572,79.76215,Manual Map Pin,963.8,30.0,Low,False
EVT22674,Corporate Retreat Event,U07225,Gal Oya Boat Safari,Ampara,Eastern,2024-05-28,7.16975,81.44489,7.16973,81.44278,GPS Auto-Tag,232.3,74.8,Medium,True
EVT22675,Corporate Retreat Event,U00691,Induruwa Turtle Conservation,Galle,Southern,2024-01-12,6.06184,80.0329,6.05684,80.01174,Typed Address,2401.1,5.0,Very Low,False
EVT22676,Corporate Retreat Event,U00619,Wilpattu National Park Safari,Puttalam,North Western,2023-12-25,8.43617,80.04546,8.39454,80.07491,Typed Address,5640.0,0.1,Very Low,False
EVT22677,Food & Craft Fair,U11611,Diyasaru Wetland Park,Colombo,Western,2023-04-12,6.89233,79.91171,6.90213,79.89095,Manual Map Pin,2533.6,4.2,Very Low,False
EVT22678,Pop-up Local Festival,U15971,Weligama Surf School,Matara,Southern,2025-10-17,5.99329,80.43137,5.99213,80.43255,GPS Auto-Tag,183.3,79.5,Medium,True
EVT22679,Full Moon Party,U05542,Kalametiya Bird Sanctuary,Hambantota,Southern,2025-01-17,6.07857,80.92558,6.07812,80.92606,GPS Auto-Tag,72.6,91.3,High,True
EVT22680,Temple/Kovil Special Pooja,U13827,Madunagala Hot Springs,Hambantota,Southern,2025-03-25,6.25945,81.227,6.26135,81.22617,GPS Auto-Tag,229.8,75.0,Medium,True
EVT22681,Food & Craft Fair,U07387,Udawalawe National Park Safari,Ratnapura/Moneragala,Sabaragamuwa,2024-10-13,6.47422,80.88625,6.50008,80.86376,Typed Address,3793.3,0.9,Very Low,False
EVT22682,Pop-up Local Festival,U14614,Peak Wilderness Sanctuary Trek,Ratnapura,Sabaragamuwa,2024-05-03,6.80113,80.51069,6.80155,80.50421,Manual Map Pin,716.4,40.8,Low,False
EVT22683,Beach Party,U11176,Induruwa Turtle Conservation,Galle,Southern,2025-10-05,6.04568,80.04599,6.05644,80.05456,Typed Address,1523.7,14.9,Very Low,False
EVT22684,Private Wedding,U13396,Polonnaruwa Cycling Tour,Polonnaruwa,North Central,2023-04-27,7.94635,81.01882,7.96567,81.02964,Manual Map Pin,2451.7,4.7,Very Low,False
EVT22685,Corporate Retreat Event,U01865,Diyaluma Infinity Pools,Badulla,Uva,2025-11-17,6.72904,81.03213,6.67599,81.02924,Typed Address,5896.6,0.1,Very Low,False
EVT22686,Food & Craft Fair,U13382,Wilpattu National Park Safari,Puttalam,North Western,2024-10-25,8.45591,80.03945,8.45768,80.03982,GPS Auto-Tag,199.9,77.9,Medium,True
EVT22687,Village Perahera,U02653,Sinhala & Tamil New Year Village Games,Anuradhapura,North Central,2023-05-06,8.31242,80.42456,8.29838,80.42316,Manual Map Pin,1566.4,14.1,Very Low,False
EVT22688,Live Music Night,U13745,Bambarakanda Falls,Badulla,Uva,2025-07-30,6.79492,80.81635,6.79556,80.81559,GPS Auto-Tag,109.4,87.2,High,True
EVT22689,Beach Party,U05997,Hikkaduwa Diving & Surfing,Galle,Southern,2025-10-10,6.1462,80.09241,6.1422,80.08212,Typed Address,1219.9,21.8,Very Low,False
EVT22690,Food & Craft Fair,U10859,Kanneliya Rainforest Reserve,Galle,Southern,2023-04-19,6.24138,80.3375,6.26087,80.37415,Typed Address,4586.3,0.3,Very Low,False
EVT22691,Live Music Night,U11296,Peak Wilderness Sanctuary Trek,Ratnapura,Sabaragamuwa,2023-12-24,6.80668,80.47671,6.79875,80.46669,Manual Map Pin,1411.5,17.1,Very Low,False
EVT22692,Live Music Night,U10732,Nilaveli Beach,Trincomalee,Eastern,2024-09-22,8.72896,81.18957,8.72959,81.25945,Typed Address,7667.8,0.0,Very Low,False
EVT22693,Private Wedding,U07412,Arugam Bay Surfing,Ampara,Eastern,2023-02-15,6.84547,81.83348,6.83556,81.8371,Manual Map Pin,1170.3,23.2,Very Low,False
EVT22694,Live Music Night,U09710,Peak Wilderness Sanctuary Trek,Ratnapura,Sabaragamuwa,2024-08-21,6.81063,80.51601,6.80724,80.50054,Manual Map Pin,1745.5,11.3,Very Low,False
EVT22695,Food & Craft Fair,U01009,Beruwala Beach Resort Leisure,Kalutara,Western,2025-07-04,6.47387,79.97964,6.47331,79.98312,Manual Map Pin,388.3,61.5,Medium,True
EVT22696,Pop-up Local Festival,U11672,Kanneliya Rainforest Reserve,Galle,Southern,2024-08-13,6.23743,80.3438,6.24868,80.35695,Manual Map Pin,1914.5,9.1,Very Low,False
EVT22697,Food & Craft Fair,U01102,Knuckles Mountain Range Trekking,Kandy/Matale,Central,2025-07-07,7.44533,80.79404,7.4442,80.79466,GPS Auto-Tag,142.5,83.7,Medium,True
EVT22698,Beach Party,U17270,Mirissa Whale Watching & Beach,Matara,Southern,2023-06-01,5.93917,80.47077,5.96695,80.48384,Manual Map Pin,3404.4,1.4,Very Low,False
EVT22699,Village Perahera,U17869,Nallur Festival (Nallur Kandaswamy Kovil),Jaffna,Northern,2023-10-22,9.67947,80.03396,9.67675,80.03557,GPS Auto-Tag,349.3,64.6,Medium,True
EVT22700,Live Music Night,U16011,Minneriya Elephant Gathering,Polonnaruwa,North Central,2025-08-22,8.03245,80.90083,8.02055,80.90837,Manual Map Pin,1559.9,14.2,Very Low,False
EVT22701,Community New Year Carnival,U08345,Kataragama Esala Perahera,Monaragala,Uva,2025-05-16,6.43234,81.32169,6.43099,81.32007,GPS Auto-Tag,233.5,74.7,Medium,True
EVT22702,Corporate Retreat Event,U01710,Ravana Falls Abseiling,Badulla,Uva,2023-05-03,6.84711,81.06155,6.83665,81.04361,Typed Address,2292.4,5.7,Very Low,False
EVT22703,Food & Craft Fair,U04523,Kitulgala White Water Rafting,Kegalle,Sabaragamuwa,2024-12-30,6.9743,80.42287,6.9723,80.42273,GPS Auto-Tag,222.9,75.7,Medium,True
EVT22704,Live Music Night,U12307,Sinharaja Forest Reserve Nature Walk,Ratnapura/Galle,Sabaragamuwa,2024-09-10,6.38462,80.49838,6.39816,80.50571,Typed Address,1705.9,11.9,Very Low,False
EVT22705,Corporate Retreat Event,U00434,Kayts Island,Jaffna,Northern,2025-09-22,9.69032,79.97637,9.69032,79.97381,GPS Auto-Tag,280.2,70.5,Medium,True
EVT22706,Temple/Kovil Special Pooja,U14170,Udawalawe Elephant Transit Home,Ratnapura,Sabaragamuwa,2024-04-05,6.45922,80.8756,6.40824,80.88953,Typed Address,5863.3,0.1,Very Low,False
EVT22707,Private Wedding,U01721,Sinharaja Forest Reserve Nature Walk,Ratnapura/Galle,Sabaragamuwa,2024-03-22,6.40269,80.49857,6.41127,80.49236,Manual Map Pin,1172.8,23.1,Very Low,False
EVT22708,Live Music Night,U08507,Beruwala Beach Resort Leisure,Kalutara,Western,2024-04-22,6.48731,79.99749,6.48533,79.99934,GPS Auto-Tag,300.0,68.7,Medium,True
EVT22709,Community New Year Carnival,U14778,Hurulu Eco Park,Polonnaruwa,North Central,2023-08-21,8.1449,80.88454,8.1689,80.91151,Typed Address,3984.9,0.7,Very Low,False
EVT22710,Full Moon Party,U16090,Wadduwa Beach Escape,Kalutara,Western,2023-04-12,6.6358,79.93977,6.57777,79.9303,Typed Address,6525.5,0.0,Very Low,False
EVT22711,Food & Craft Fair,U11689,Nuwara Eliya Tea Factory Tour,Nuwara Eliya,Central,2023-05-20,6.95981,80.75247,6.97086,80.76911,Manual Map Pin,2205.8,6.3,Very Low,False
EVT22712,Corporate Retreat Event,U01419,Victoria Park Nuwara Eliya,Nuwara Eliya,Central,2025-09-20,6.9654,80.75247,6.96498,80.75315,GPS Auto-Tag,88.6,89.5,High,True
EVT22713,Corporate Retreat Event,U16609,Gal Oya Boat Safari,Ampara,Eastern,2025-12-04,7.17068,81.45048,7.15088,81.44831,Manual Map Pin,2210.7,6.3,Very Low,False
EVT22714,Beach Party,U04711,Ramboda Falls Visit,Nuwara Eliya,Central,2024-05-23,7.06239,80.70491,7.06343,80.7039,GPS Auto-Tag,159.8,81.9,Medium,True
EVT22715,Corporate Retreat Event,U02049,Kalpitiya Kite Surfing,Puttalam,North Western,2024-07-02,8.2277,79.77786,8.22668,79.78041,GPS Auto-Tag,302.2,68.5,Medium,True
EVT22716,Corporate Retreat Event,U01842,Laxapana Falls Trek,Nuwara Eliya,Central,2025-03-12,6.94261,80.47899,6.92754,80.48383,Manual Map Pin,1755.8,11.1,Very Low,False
EVT22717,Beach Party,U12025,Lipton's Seat Viewpoint,Badulla,Uva,2024-08-26,6.83712,81.06066,6.84893,81.07452,Typed Address,2013.0,8.1,Very Low,False
EVT22718,Live Music Night,U13747,Induruwa Turtle Conservation,Galle,Southern,2023-01-13,6.03497,80.03849,6.03579,80.03702,GPS Auto-Tag,186.0,79.3,Medium,True
EVT22719,Food & Craft Fair,U17464,Adam's Peak (Sri Pada) Climb,Ratnapura,Sabaragamuwa,2025-09-23,6.81647,80.50492,6.8163,80.501,GPS Auto-Tag,432.8,58.2,Low,False
EVT22720,Live Music Night,U12082,Bogoda Wooden Bridge,Badulla,Uva,2023-06-20,6.95448,81.01404,6.95621,81.01196,Manual Map Pin,299.3,68.8,Medium,True
EVT22721,Pop-up Local Festival,U09082,Kalametiya Bird Sanctuary,Hambantota,Southern,2024-01-02,6.05186,80.92997,6.06884,80.92308,Typed Address,2032.4,7.9,Very Low,False
EVT22722,Live Music Night,U13654,Laxapana Falls Trek,Nuwara Eliya,Central,2024-10-16,6.93411,80.50204,6.93589,80.50337,GPS Auto-Tag,246.2,73.5,Medium,True
EVT22723,Village Perahera,U12093,Rekawa Turtle Conservation,Hambantota,Southern,2025-08-07,6.0439,80.82875,6.05295,80.82082,Manual Map Pin,1332.7,18.9,Very Low,False
EVT22724,Full Moon Party,U12928,Nilaveli Beach,Trincomalee,Eastern,2024-05-02,8.737,81.17995,8.74374,81.17658,Manual Map Pin,834.3,35.2,Low,False
EVT22725,Full Moon Party,U10373,Knuckles Mountain Range Trekking,Kandy/Matale,Central,2024-06-10,7.45615,80.79111,7.43446,80.7564,Typed Address,4514.7,0.4,Very Low,False
EVT22726,Temple/Kovil Special Pooja,U15361,Wasgamuwa National Park Safari,Matale/Polonnaruwa,Central,2023-09-06,7.78191,80.92027,7.78181,80.92017,GPS Auto-Tag,15.6,98.1,High,True
EVT22727,Beach Party,U03349,Bellanwila-Attidiya Sanctuary,Colombo,Western,2025-12-25,6.84093,79.89094,6.84346,79.89072,GPS Auto-Tag,281.5,70.3,Medium,True
EVT22728,Food & Craft Fair,U04487,Kataragama Esala Perahera,Monaragala,Uva,2023-05-04,6.42275,81.34632,6.42295,81.34354,GPS Auto-Tag,307.3,68.1,Medium,True
EVT22729,Food & Craft Fair,U02501,Peak Wilderness Sanctuary Trek,Ratnapura,Sabaragamuwa,2023-09-05,6.80973,80.52647,6.83537,80.52651,Manual Map Pin,2846.2,2.9,Very Low,False
EVT22730,Temple/Kovil Special Pooja,U06781,Yapahuwa Rock Fortress,Kurunegala,North Western,2023-07-18,7.84402,80.20474,7.89405,80.17784,Typed Address,6292.5,0.0,Very Low,False
EVT22731,Village Perahera,U17868,Bentota River Safari & Beach,Galle,Southern,2024-01-28,6.42849,80.00065,6.44777,79.9991,Manual Map Pin,2146.2,6.8,Very Low,False
EVT22732,Beach Party,U09763,Weligama Surf School,Matara,Southern,2025-12-29,5.98396,80.42377,5.98281,80.42416,GPS Auto-Tag,134.3,84.5,Medium,True
EVT22733,Food & Craft Fair,U13445,Beddagana Wetland Park,Colombo,Western,2024-07-24,6.91545,79.91053,6.93725,79.9029,Manual Map Pin,2561.3,4.1,Very Low,False
EVT22734,Private Wedding,U02064,Unawatuna Beach,Galle,Southern,2025-04-22,6.00833,80.24917,6.00686,80.25069,GPS Auto-Tag,233.7,74.7,Medium,True
EVT22735,Community New Year Carnival,U02317,St. Clair's & Devon Falls Viewpoint,Nuwara Eliya,Central,2024-02-15,7.04172,80.67126,7.04801,80.66879,Manual Map Pin,749.6,39.2,Low,False
EVT22736,Beach Party,U11131,Belihuloya River Adventures,Ratnapura,Sabaragamuwa,2023-05-15,6.68723,80.85415,6.68165,80.8427,Manual Map Pin,1406.3,17.2,Very Low,False
EVT22737,Full Moon Party,U10994,Kumana Bird Sanctuary,Ampara,Eastern,2024-05-07,6.55866,81.66471,6.55923,81.66389,GPS Auto-Tag,110.3,87.1,High,True
EVT22738,Village Perahera,U01883,Bogoda Wooden Bridge,Badulla,Uva,2024-08-19,6.97361,81.03693,6.9744,81.03771,GPS Auto-Tag,123.2,85.7,High,True
EVT22739,Beach Party,U14570,Kalpitiya Kite Surfing,Puttalam,North Western,2024-03-17,8.24152,79.77787,8.24336,79.77563,GPS Auto-Tag,319.1,67.1,Medium,True
EVT22740,Village Perahera,U04819,Sera Ella Waterfall,Matale,Central,2024-04-12,7.53331,80.69016,7.52902,80.70215,Manual Map Pin,1402.5,17.3,Very Low,False
EVT22741,Beach Party,U15255,Kandy Esala Perahera,Kandy,Central,2023-03-31,7.30827,80.62033,7.30225,80.60919,Manual Map Pin,1397.4,17.4,Very Low,False
EVT22742,Live Music Night,U01060,Aluvihare Rock Monastery,Matale,Central,2025-09-11,7.47465,80.63295,7.46417,80.624,Manual Map Pin,1523.3,14.9,Very Low,False
EVT22743,Community New Year Carnival,U07778,Pasikuda Beach,Batticaloa,Eastern,2024-02-28,7.93286,81.57685,7.93203,81.57953,GPS Auto-Tag,309.2,67.9,Medium,True
EVT22744,Community New Year Carnival,U08071,Hiriwadunna Village,Anuradhapura,North Central,2024-02-11,7.99366,80.73025,7.99194,80.72841,GPS Auto-Tag,278.6,70.6,Medium,True
EVT22745,Private Wedding,U15558,Madu Ganga Mangrove Boat Tour,Galle,Southern,2023-04-07,6.26927,80.04019,6.26518,80.04522,Manual Map Pin,717.0,40.8,Low,False
EVT22746,Corporate Retreat Event,U14991,Dowa Rock Temple,Badulla,Uva,2024-03-28,6.88484,81.04409,6.88537,81.04295,Manual Map Pin,138.2,84.1,Medium,True
EVT22747,Full Moon Party,U14531,Beddagana Wetland Park,Colombo,Western,2023-02-06,6.88707,79.91153,6.88462,79.90958,GPS Auto-Tag,347.1,64.8,Medium,True
EVT22748,Corporate Retreat Event,U14185,Kandy Lake Evening Walk,Kandy,Central,2024-04-19,7.294,80.63155,7.29612,80.63157,GPS Auto-Tag,235.1,74.5,Medium,True
EVT22749,Pop-up Local Festival,U17726,Vesak Festival (Colombo & Island-wide),Colombo,Western,2025-05-04,6.89597,79.86674,6.8953,79.8664,GPS Auto-Tag,83.4,90.1,High,True
EVT22750,Community New Year Carnival,U09791,Hikkaduwa Diving & Surfing,Galle,Southern,2025-06-20,6.14324,80.09614,6.1456,80.09719,GPS Auto-Tag,286.2,69.9,Medium,True
EVT22751,Private Wedding,U15951,Sinhala & Tamil New Year Village Games,Anuradhapura,North Central,2023-08-09,8.30011,80.39465,8.29775,80.39373,GPS Auto-Tag,280.8,70.4,Medium,True
EVT22752,Full Moon Party,U10798,Hikkaduwa Diving & Surfing,Galle,Southern,2024-04-23,6.15097,80.11231,6.13221,80.06037,Typed Address,6098.2,0.0,Very Low,False
EVT22753,Corporate Retreat Event,U17598,Tangalle Beach Escape,Hambantota,Southern,2024-11-25,6.02072,80.79278,6.01967,80.78997,GPS Auto-Tag,331.7,66.1,Medium,True
EVT22754,Community New Year Carnival,U12101,Wasgamuwa National Park Safari,Matale/Polonnaruwa,Central,2023-06-17,7.77541,80.92471,7.7851,80.93608,Manual Map Pin,1648.8,12.7,Very Low,False
EVT22755,Corporate Retreat Event,U02290,Negombo Lagoon Boat Ride,Gampaha,Western,2023-01-20,7.19008,79.85226,7.20876,79.85463,Manual Map Pin,2089.4,7.3,Very Low,False
EVT22756,Full Moon Party,U05395,Arugam Bay Surfing,Ampara,Eastern,2025-09-03,6.84089,81.81552,6.86132,81.78986,Typed Address,3624.7,1.1,Very Low,False
EVT22757,Full Moon Party,U14746,Bentota River Safari & Beach,Galle,Southern,2023-12-21,6.4358,79.98602,6.4299,79.98935,Manual Map Pin,750.9,39.1,Low,False
EVT22758,Pop-up Local Festival,U01215,Nallur Festival (Nallur Kandaswamy Kovil),Jaffna,Northern,2024-01-12,9.66629,80.04455,9.67085,80.03893,Manual Map Pin,796.2,37.0,Low,False
EVT22759,Beach Party,U01469,Sinharaja Forest Reserve Nature Walk,Ratnapura/Galle,Sabaragamuwa,2024-07-27,6.39864,80.50853,6.3506,80.6044,Typed Address,11843.6,0.0,Very Low,False
EVT22760,Pop-up Local Festival,U03702,Nainativu & Nagadeepa,Jaffna,Northern,2023-07-16,9.60419,79.75901,9.60154,79.75122,Manual Map Pin,902.7,32.4,Low,False
EVT22761,Temple/Kovil Special Pooja,U09184,St. Clair's & Devon Falls Viewpoint,Nuwara Eliya,Central,2024-09-23,7.02605,80.64753,7.02387,80.67192,Manual Map Pin,2697.0,3.4,Very Low,False
EVT22762,Pop-up Local Festival,U15580,Delft Wild Pony Eco Tour,Jaffna,Northern,2024-05-31,9.51842,79.67608,9.51937,79.67436,GPS Auto-Tag,215.8,76.4,Medium,True
EVT22763,Village Perahera,U17312,Delft Island,Jaffna,Northern,2025-08-04,9.52072,79.66105,9.52013,79.6617,GPS Auto-Tag,96.5,88.6,High,True
EVT22764,Beach Party,U06826,Polonnaruwa Cycling Tour,Polonnaruwa,North Central,2023-02-14,7.9416,81.01339,7.96924,81.03591,Typed Address,3941.9,0.7,Very Low,False
EVT22765,Pop-up Local Festival,U10100,Weligama Surf School,Matara,Southern,2024-03-07,5.95246,80.42753,5.95335,80.42665,GPS Auto-Tag,138.6,84.1,Medium,True
EVT22766,Live Music Night,U10939,Wadduwa Beach Escape,Kalutara,Western,2025-04-07,6.64618,79.9207,6.65667,79.92398,Manual Map Pin,1219.3,21.8,Very Low,False
EVT22767,Community New Year Carnival,U13417,Dowa Rock Temple,Badulla,Uva,2024-10-08,6.88351,81.05039,6.88239,81.06717,Manual Map Pin,1853.9,9.9,Very Low,False
EVT22768,Temple/Kovil Special Pooja,U03804,Bopath Ella Falls Trek,Ratnapura,Sabaragamuwa,2023-12-19,6.74043,80.35767,6.73766,80.35933,GPS Auto-Tag,357.9,63.9,Medium,True
EVT22769,Village Perahera,U12241,Minneriya-Kaudulla Elephant Corridor,Polonnaruwa,North Central,2023-04-25,8.04858,80.9586,8.05186,80.9616,GPS Auto-Tag,490.2,54.2,Low,False
EVT22770,Full Moon Party,U17016,Bambarakanda Falls,Badulla,Uva,2023-07-11,6.78171,80.79151,6.78238,80.7926,GPS Auto-Tag,142.0,83.7,Medium,True
EVT22771,Community New Year Carnival,U17266,Victoria Park Nuwara Eliya,Nuwara Eliya,Central,2024-01-14,6.95551,80.75719,6.95844,80.75655,GPS Auto-Tag,333.2,65.9,Medium,True
EVT22772,Private Wedding,U08049,Wasgamuwa National Park Safari,Matale/Polonnaruwa,Central,2023-04-05,7.77811,80.94223,7.7781,80.94073,GPS Auto-Tag,165.0,81.4,Medium,True
EVT22773,Live Music Night,U17441,Kumana Bird Sanctuary,Ampara,Eastern,2024-01-05,6.56552,81.66312,6.55635,81.65575,Manual Map Pin,1303.6,19.6,Very Low,False
EVT22774,Food & Craft Fair,U17054,Hikkaduwa Diving & Surfing,Galle,Southern,2024-06-22,6.13158,80.1159,6.13208,80.11728,GPS Auto-Tag,163.0,81.6,Medium,True
EVT22775,Corporate Retreat Event,U02496,Ravana Falls Abseiling,Badulla,Uva,2023-08-15,6.88213,81.05572,6.88492,81.05279,Manual Map Pin,447.1,57.2,Low,False
EVT22776,Community New Year Carnival,U12940,Udawalawe National Park Safari,Ratnapura/Moneragala,Sabaragamuwa,2025-06-28,6.47711,80.90141,6.47664,80.89968,GPS Auto-Tag,197.7,78.1,Medium,True
EVT22777,Village Perahera,U05014,Bentota River Safari & Beach,Galle,Southern,2023-07-13,6.42986,79.99531,6.42965,79.99753,GPS Auto-Tag,245.6,73.6,Medium,True
EVT22778,Live Music Night,U17516,Thalangama Wetland Birdwatching,Colombo,Western,2025-12-11,6.8891,79.9154,6.89639,79.89895,Manual Map Pin,1984.8,8.4,Very Low,False
EVT22779,Private Wedding,U08414,Belihuloya River Adventures,Ratnapura,Sabaragamuwa,2024-03-06,6.68035,80.82324,6.68204,80.8262,GPS Auto-Tag,375.7,62.5,Medium,True
EVT22780,Private Wedding,U08950,Kalametiya Bird Sanctuary,Hambantota,Southern,2024-05-30,6.04972,80.92373,6.05609,80.92856,Manual Map Pin,885.8,33.0,Low,False
EVT22781,Beach Party,U17231,Udawalawe Elephant Transit Home,Ratnapura,Sabaragamuwa,2024-03-29,6.41799,80.88584,6.32916,80.86469,Typed Address,10131.8,0.0,Very Low,False
EVT22782,Corporate Retreat Event,U14429,Wadduwa Beach Escape,Kalutara,Western,2023-02-18,6.63814,79.91786,6.62865,79.90777,Manual Map Pin,1531.9,14.7,Very Low,False
EVT22783,Full Moon Party,U17231,Kumana Bird Sanctuary,Ampara,Eastern,2023-09-07,6.57021,81.66691,6.56113,81.67113,Manual Map Pin,1110.0,25.0,Very Low,False
EVT22784,Full Moon Party,U12665,Wadduwa Beach Escape,Kalutara,Western,2024-11-10,6.6499,79.9219,6.65106,79.92243,GPS Auto-Tag,140.5,83.9,Medium,True
EVT22785,Pop-up Local Festival,U11054,Sinhala & Tamil New Year Village Games,Anuradhapura,North Central,2025-04-02,8.30153,80.41363,8.30934,80.43389,Manual Map Pin,2387.7,5.1,Very Low,False
EVT22786,Full Moon Party,U03383,Lipton's Seat Viewpoint,Badulla,Uva,2024-09-09,6.8162,81.0488,6.81791,81.04922,GPS Auto-Tag,195.1,78.4,Medium,True
EVT22787,Corporate Retreat Event,U13302,Wewurukannala & Buduruwagala Carvings,Badulla/Monaragala,Uva,2023-08-01,6.72641,81.16647,6.72777,81.16512,GPS Auto-Tag,211.8,76.7,Medium,True
EVT22788,Private Wedding,U09912,Madunagala Hot Springs,Hambantota,Southern,2024-07-12,6.24565,81.22712,6.24526,81.22871,GPS Auto-Tag,181.0,79.8,Medium,True
EVT22789,Community New Year Carnival,U00593,Royal Botanical Garden Peradeniya,Kandy,Central,2023-11-30,7.2694,80.59128,7.32668,80.58926,Typed Address,6361.1,0.0,Very Low,False
EVT22790,Private Wedding,U13659,Horton Plains & World's End Hike,Nuwara Eliya,Central,2024-10-12,6.79782,80.78741,6.77751,80.81512,Typed Address,3795.9,0.9,Very Low,False
EVT22791,Community New Year Carnival,U05887,Lipton's Seat Viewpoint,Badulla,Uva,2023-07-01,6.83416,81.05375,6.84893,81.05496,Manual Map Pin,1645.7,12.8,Very Low,False
EVT22792,Live Music Night,U05153,Panama Village,Ampara,Eastern,2024-10-04,6.92843,81.79131,6.9297,81.80551,Manual Map Pin,1570.2,14.0,Very Low,False
EVT22793,Village Perahera,U13684,Kalpitiya Kite Surfing,Puttalam,North Western,2024-12-26,8.21539,79.75122,8.21588,79.75192,GPS Auto-Tag,94.2,88.9,High,True
EVT22794,Community New Year Carnival,U16178,Knuckles Conservation Forest Walk,Kandy/Matale,Central,2025-03-30,7.4745,80.78017,7.47718,80.77222,Manual Map Pin,924.5,31.5,Low,False
EVT22795,Private Wedding,U16190,Tangalle Beach Escape,Hambantota,Southern,2023-09-07,6.02707,80.78392,6.02852,80.78651,GPS Auto-Tag,328.1,66.4,Medium,True
EVT22796,Temple/Kovil Special Pooja,U12291,Anuradhapura Cycling Tour,Anuradhapura,North Central,2023-07-15,8.30988,80.40013,8.31324,80.40165,GPS Auto-Tag,409.0,60.0,Medium,True
EVT22797,Food & Craft Fair,U12080,Nuwara Eliya Gregory Lake Boating,Nuwara Eliya,Central,2025-08-31,6.94395,80.79379,6.94458,80.79096,GPS Auto-Tag,320.0,67.0,Medium,True
EVT22798,Corporate Retreat Event,U11682,Muthurajawela Marsh Boat Safari,Gampaha,Western,2025-05-19,7.05395,79.8774,7.05393,79.87888,GPS Auto-Tag,163.1,81.6,Medium,True
EVT22799,Temple/Kovil Special Pooja,U13722,Minneriya-Kaudulla Elephant Corridor,Polonnaruwa,North Central,2024-07-16,8.06201,80.94675,8.02552,80.90594,Typed Address,6043.0,0.1,Very Low,False
EVT22800,Community New Year Carnival,U06652,Muhudu Maha Vihara,Hambantota,Southern,2025-09-03,6.32188,81.45852,6.29632,81.41653,Typed Address,5433.1,0.1,Very Low,False
EVT22801,Corporate Retreat Event,U06195,Anawilundawa Ramsar Wetland,Puttalam,North Western,2025-07-08,7.73294,79.81424,7.73524,79.81401,GPS Auto-Tag,257.6,72.5,Medium,True
EVT22802,Pop-up Local Festival,U05809,Nuwara Eliya Tea Factory Tour,Nuwara Eliya,Central,2023-12-26,6.95393,80.76046,6.95332,80.76376,Manual Map Pin,369.5,63.0,Medium,True
EVT22803,Pop-up Local Festival,U07923,Kayts Island,Jaffna,Northern,2023-07-06,9.68093,79.98837,9.6775,79.98576,Manual Map Pin,476.0,55.2,Low,False
EVT22804,Full Moon Party,U06248,Hurulu Eco Park,Polonnaruwa,North Central,2023-03-15,8.16266,80.87595,8.15811,80.86943,Manual Map Pin,876.6,33.4,Low,False
EVT22805,Village Perahera,U17639,Bundala Wetland Birdwatching,Hambantota,Southern,2025-06-02,6.18663,81.21109,6.16734,81.28494,Typed Address,8425.4,0.0,Very Low,False
EVT22806,Pop-up Local Festival,U13256,Udawalawe National Park Safari,Ratnapura/Moneragala,Sabaragamuwa,2025-06-04,6.47083,80.88284,6.46776,80.88291,GPS Auto-Tag,340.8,65.3,Medium,True
EVT22807,Community New Year Carnival,U02093,Bopath Ella Falls Trek,Ratnapura,Sabaragamuwa,2025-01-24,6.73911,80.37497,6.73781,80.37146,Manual Map Pin,412.7,59.7,Low,False
EVT22808,Community New Year Carnival,U08272,Nainativu & Nagadeepa,Jaffna,Northern,2023-07-30,9.60026,79.78751,9.60059,79.78798,GPS Auto-Tag,63.4,92.4,High,True
EVT22809,Community New Year Carnival,U13272,Kosgoda Turtle Hatchery,Galle,Southern,2023-04-19,6.11007,79.99543,6.0997,80.01864,Typed Address,2808.2,3.0,Very Low,False
EVT22810,Community New Year Carnival,U01865,Vesak Festival (Colombo & Island-wide),Colombo,Western,2025-01-02,6.91215,79.84162,6.91034,79.84198,GPS Auto-Tag,204.8,77.4,Medium,True
EVT22811,Private Wedding,U11021,Knuckles Conservation Forest Walk,Kandy/Matale,Central,2023-01-19,7.47464,80.78472,7.47676,80.78914,Manual Map Pin,540.7,50.9,Low,False
EVT22812,Temple/Kovil Special Pooja,U00673,"Christmas Celebrations, Negombo",Gampaha,Western,2023-04-26,7.2239,79.83659,7.22285,79.83655,GPS Auto-Tag,116.9,86.4,High,True
EVT22813,Private Wedding,U01025,Udawalawe Elephant Transit Home,Ratnapura,Sabaragamuwa,2025-09-17,6.43584,80.88102,6.4364,80.88024,GPS Auto-Tag,106.2,87.6,High,True
EVT22814,Food & Craft Fair,U11150,Haputale Viewpoint & Tea Estates,Badulla,Uva,2024-01-15,6.78029,80.9466,6.64745,80.93361,Typed Address,14813.9,0.0,Very Low,False
EVT22815,Temple/Kovil Special Pooja,U06708,Minneriya-Kaudulla Elephant Corridor,Polonnaruwa,North Central,2025-05-21,8.05148,80.952,8.05054,80.9525,GPS Auto-Tag,117.5,86.3,High,True
EVT22816,Live Music Night,U16982,Bellanwila-Attidiya Sanctuary,Colombo,Western,2025-08-24,6.83425,79.88701,6.87965,79.87541,Typed Address,5199.1,0.2,Very Low,False
EVT22817,Food & Craft Fair,U08615,Negombo Lagoon Boat Ride,Gampaha,Western,2024-08-27,7.1924,79.83672,7.22054,79.89678,Typed Address,7314.1,0.0,Very Low,False
EVT22818,Corporate Retreat Event,U02232,Ritigala Forest Monastery,Anuradhapura,North Central,2024-09-03,8.13151,80.64675,8.13844,80.6721,Typed Address,2890.3,2.7,Very Low,False
EVT22819,Village Perahera,U05870,Bambarakanda Falls,Badulla,Uva,2025-05-02,6.80441,80.80752,6.83234,80.82905,Typed Address,3904.9,0.8,Very Low,False
EVT22820,Community New Year Carnival,U05168,Nuwara Eliya Gregory Lake Boating,Nuwara Eliya,Central,2023-12-17,6.95769,80.78052,6.95843,80.78324,Manual Map Pin,311.1,67.8,Medium,True
EVT22821,Beach Party,U17345,Kayts Island,Jaffna,Northern,2025-11-11,9.6903,79.98784,9.70211,79.94472,Typed Address,4896.7,0.2,Very Low,False
EVT22822,Community New Year Carnival,U03826,Wilpattu National Park Safari,Puttalam,North Western,2025-11-01,8.45587,80.0419,8.46902,80.04245,Manual Map Pin,1460.3,16.1,Very Low,False
EVT22823,Village Perahera,U17908,Adam's Peak (Sri Pada) Climb,Ratnapura,Sabaragamuwa,2024-04-24,6.80557,80.50159,6.79927,80.45465,Typed Address,5221.3,0.1,Very Low,False
EVT22824,Private Wedding,U17879,Polonnaruwa Cycling Tour,Polonnaruwa,North Central,2025-11-22,7.93867,81.00775,7.94851,81.01958,Typed Address,1698.6,12.0,Very Low,False
EVT22825,Pop-up Local Festival,U05514,Sera Ella Waterfall,Matale,Central,2023-05-18,7.52505,80.68302,7.52372,80.68233,GPS Auto-Tag,166.2,81.2,Medium,True
EVT22826,Live Music Night,U04182,Knuckles Conservation Forest Walk,Kandy/Matale,Central,2024-10-26,7.45858,80.78035,7.45667,80.77799,GPS Auto-Tag,335.7,65.7,Medium,True
EVT22827,Live Music Night,U16062,Kalametiya Bird Sanctuary,Hambantota,Southern,2024-01-17,6.07179,80.93853,6.05112,80.93569,Manual Map Pin,2315.8,5.5,Very Low,False
EVT22828,Pop-up Local Festival,U07957,Hikkaduwa Diving & Surfing,Galle,Southern,2025-03-04,6.13948,80.0974,6.13421,80.09056,Manual Map Pin,955.3,30.3,Low,False
EVT22829,Temple/Kovil Special Pooja,U07819,Tangalle Beach Escape,Hambantota,Southern,2023-07-18,6.02283,80.8023,6.02301,80.80057,GPS Auto-Tag,192.0,78.7,Medium,True
EVT22830,Pop-up Local Festival,U11702,Induruwa Turtle Conservation,Galle,Southern,2023-04-26,6.0532,80.02796,6.0546,80.02596,GPS Auto-Tag,269.5,71.4,Medium,True
EVT22831,Temple/Kovil Special Pooja,U10755,Wasgamuwa National Park Safari,Matale/Polonnaruwa,Central,2024-10-13,7.77196,80.93183,7.77088,80.93326,GPS Auto-Tag,198.3,78.0,Medium,True
EVT22832,Temple/Kovil Special Pooja,U13368,Hurulu Eco Park,Polonnaruwa,North Central,2025-11-25,8.15653,80.87417,8.16341,80.86642,Manual Map Pin,1144.1,23.9,Very Low,False
EVT22833,Village Perahera,U12846,Lipton's Seat Viewpoint,Badulla,Uva,2023-06-29,6.82008,81.07164,6.81944,81.06988,GPS Auto-Tag,206.5,77.2,Medium,True
EVT22834,Corporate Retreat Event,U07545,Tangalle Beach Escape,Hambantota,Southern,2023-04-18,6.03577,80.79075,6.03239,80.7875,Manual Map Pin,518.8,52.3,Low,False
EVT22835,Village Perahera,U17694,Udawalawe Elephant Transit Home,Ratnapura,Sabaragamuwa,2024-12-27,6.41982,80.89209,6.42122,80.89245,GPS Auto-Tag,160.5,81.8,Medium,True
EVT22836,Corporate Retreat Event,U09458,Delft Wild Pony Eco Tour,Jaffna,Northern,2025-02-14,9.52723,79.66299,9.53027,79.66164,Manual Map Pin,368.3,63.1,Medium,True
EVT22837,Village Perahera,U06806,Bopath Ella Falls Trek,Ratnapura,Sabaragamuwa,2025-05-18,6.73029,80.35928,6.68028,80.35558,Typed Address,5566.5,0.1,Very Low,False
EVT22838,Temple/Kovil Special Pooja,U14590,Anuradhapura Cycling Tour,Anuradhapura,North Central,2025-06-19,8.32083,80.39267,8.32067,80.40151,Manual Map Pin,971.2,29.7,Very Low,False
EVT22839,Private Wedding,U08854,Sera Ella Waterfall,Matale,Central,2024-05-10,7.51829,80.68066,7.54568,80.62996,Typed Address,6353.5,0.0,Very Low,False
EVT22840,Community New Year Carnival,U07403,Bambarakanda Falls,Badulla,Uva,2025-07-19,6.79503,80.80486,6.77328,80.8107,Manual Map Pin,2498.0,4.4,Very Low,False
EVT22841,Village Perahera,U10426,Gal Oya Kudugala Village Eco Trek,Ampara,Eastern,2025-05-31,7.16793,81.4357,7.17013,81.43516,GPS Auto-Tag,252.2,73.0,Medium,True
EVT22842,Village Perahera,U07268,Bellanwila-Attidiya Sanctuary,Colombo,Western,2025-05-31,6.84608,79.89221,6.84634,79.8908,GPS Auto-Tag,158.7,82.0,Medium,True
EVT22843,Community New Year Carnival,U03016,Kalpitiya Dolphin Watching Eco Tour,Puttalam,North Western,2025-11-30,8.2303,79.76623,8.23127,79.7654,GPS Auto-Tag,140.7,83.9,Medium,True
EVT22844,Village Perahera,U17005,Bambarakanda Falls,Badulla,Uva,2024-07-13,6.77187,80.7984,6.77151,80.79979,GPS Auto-Tag,157.8,82.1,Medium,True
EVT22845,Full Moon Party,U16276,Bogoda Wooden Bridge,Badulla,Uva,2025-10-15,6.97435,81.0261,6.97578,81.04934,Manual Map Pin,2565.7,4.0,Very Low,False
EVT22846,Temple/Kovil Special Pooja,U16049,Panama-Kudumbigala Eco Reserve,Ampara,Eastern,2025-09-07,6.90497,81.78905,6.90442,81.78936,GPS Auto-Tag,69.5,91.7,High,True
EVT22847,Pop-up Local Festival,U03782,Sera Ella Waterfall,Matale,Central,2025-06-24,7.54529,80.65618,7.54367,80.65766,GPS Auto-Tag,241.7,73.9,Medium,True
EVT22848,Food & Craft Fair,U01302,Vidattaltivu Lagoon,Mannar,Northern,2023-02-12,8.94681,80.02712,8.94692,80.02803,GPS Auto-Tag,100.6,88.2,High,True
EVT22849,Private Wedding,U06324,Madu Ganga Mangrove Boat Tour,Galle,Southern,2024-02-28,6.27105,80.02518,6.27139,80.02776,GPS Auto-Tag,287.7,69.8,Medium,True
EVT22850,Live Music Night,U09313,Bentota River Safari & Beach,Galle,Southern,2023-11-03,6.41952,80.0008,6.35224,79.91084,Typed Address,12419.8,0.0,Very Low,False
EVT22851,Community New Year Carnival,U05191,Gal Oya Kudugala Village Eco Trek,Ampara,Eastern,2024-12-13,7.16661,81.44465,7.16197,81.44323,GPS Auto-Tag,538.1,51.0,Low,False
EVT22852,Temple/Kovil Special Pooja,U02011,Wadduwa Beach Escape,Kalutara,Western,2025-09-19,6.6472,79.93287,6.64785,79.93431,GPS Auto-Tag,173.4,80.5,Medium,True
EVT22853,Corporate Retreat Event,U11760,Horton Plains Cloud Forest Eco Walk,Nuwara Eliya,Central,2025-03-05,6.79907,80.80468,6.81372,80.79655,Manual Map Pin,1857.1,9.8,Very Low,False
EVT22854,Temple/Kovil Special Pooja,U17827,Weligama Surf School,Matara,Southern,2025-09-05,5.96864,80.43168,6.00294,80.50792,Typed Address,9237.8,0.0,Very Low,False
EVT22855,Village Perahera,U13639,Panama Village,Ampara,Eastern,2023-11-14,6.94899,81.78782,6.9509,81.78961,GPS Auto-Tag,289.0,69.7,Medium,True
EVT22856,Corporate Retreat Event,U15643,Beruwala Beach Resort Leisure,Kalutara,Western,2024-08-18,6.48105,79.99445,6.48216,79.9952,GPS Auto-Tag,147.7,83.1,Medium,True
EVT22857,Live Music Night,U12317,Royal Botanical Garden Peradeniya,Kandy,Central,2024-12-04,7.28013,80.61137,7.27949,80.61307,GPS Auto-Tag,200.3,77.9,Medium,True
EVT22858,Food & Craft Fair,U15277,Beddagana Wetland Park,Colombo,Western,2025-04-11,6.8879,79.89987,6.92543,79.91812,Typed Address,4626.4,0.3,Very Low,False
EVT22859,Private Wedding,U05640,Yala National Park Safari,Hambantota,Southern,2023-08-08,6.35484,81.51341,6.34691,81.51805,Manual Map Pin,1018.9,28.0,Very Low,False
EVT22860,Corporate Retreat Event,U14369,Aluvihare Rock Monastery,Matale,Central,2023-12-13,7.48062,80.61107,7.48204,80.61274,GPS Auto-Tag,241.5,73.9,Medium,True
EVT22861,Village Perahera,U00808,Muthurajawela Marsh Boat Safari,Gampaha,Western,2024-05-15,7.06691,79.8699,7.06486,79.86907,GPS Auto-Tag,245.6,73.6,Medium,True
EVT22862,Corporate Retreat Event,U12823,Kandy Lake Evening Walk,Kandy,Central,2024-09-05,7.30639,80.62241,7.30889,80.63593,Manual Map Pin,1514.8,15.1,Very Low,False
EVT22863,Full Moon Party,U05964,Knuckles Mountain Range Trekking,Kandy/Matale,Central,2024-06-24,7.45848,80.78921,7.47077,80.75725,Typed Address,3773.3,0.9,Very Low,False
EVT22864,Full Moon Party,U10147,Mirissa Whale Watching & Beach,Matara,Southern,2025-12-17,5.95657,80.45514,5.98333,80.4956,Typed Address,5364.2,0.1,Very Low,False
EVT22865,Private Wedding,U14088,Meemure Village,Kandy,Central,2024-03-07,7.46349,80.80339,7.45505,80.8042,Manual Map Pin,941.8,30.8,Low,False
EVT22866,Food & Craft Fair,U02929,Unawatuna Beach,Galle,Southern,2023-11-26,6.0063,80.25178,6.00425,80.2523,GPS Auto-Tag,234.4,74.6,Medium,True
EVT22867,Beach Party,U10796,Sinharaja Forest Reserve Nature Walk,Ratnapura/Galle,Sabaragamuwa,2025-09-27,6.3914,80.50494,6.39268,80.50601,GPS Auto-Tag,185.0,79.4,Medium,True
EVT22868,Food & Craft Fair,U15589,Sinhala & Tamil New Year Village Games,Anuradhapura,North Central,2024-03-11,8.33709,80.39246,8.33869,80.39153,GPS Auto-Tag,204.8,77.4,Medium,True
EVT22869,Temple/Kovil Special Pooja,U05985,Victoria Park Nuwara Eliya,Nuwara Eliya,Central,2024-09-09,6.96207,80.74977,6.95981,80.74881,GPS Auto-Tag,271.6,71.2,Medium,True
EVT22870,Live Music Night,U11371,Kumana Bird Sanctuary,Ampara,Eastern,2023-09-15,6.57364,81.67329,6.63595,81.68605,Typed Address,7057.0,0.0,Very Low,False
EVT22871,Pop-up Local Festival,U07045,Hiriwadunna Village,Anuradhapura,North Central,2024-06-29,7.95734,80.76904,7.95908,80.77532,Manual Map Pin,716.9,40.8,Low,False
EVT22872,Full Moon Party,U10937,Nilaveli Beach,Trincomalee,Eastern,2025-11-30,8.73366,81.1789,8.71353,81.18041,Manual Map Pin,2240.6,6.1,Very Low,False
EVT22873,Community New Year Carnival,U12892,Muthurajawela Marsh Boat Safari,Gampaha,Western,2025-11-22,7.06538,79.88825,7.06729,79.90417,Typed Address,1766.0,11.0,Very Low,False
EVT22874,Food & Craft Fair,U10408,Ritigala Forest Monastery,Anuradhapura,North Central,2023-06-25,8.11625,80.64366,8.12906,80.62461,Manual Map Pin,2530.9,4.2,Very Low,False
EVT22875,Full Moon Party,U11055,Ambalangoda Mask Museum,Galle,Southern,2025-04-28,6.246,80.05175,6.16797,80.06007,Typed Address,8710.6,0.0,Very Low,False
EVT22876,Community New Year Carnival,U15063,Arugam Bay Surfing,Ampara,Eastern,2024-04-29,6.84474,81.83176,6.84436,81.83055,GPS Auto-Tag,139.8,84.0,Medium,True
EVT22877,Beach Party,U14995,Knuckles Conservation Forest Walk,Kandy/Matale,Central,2024-11-01,7.48183,80.79612,7.48667,80.80391,Manual Map Pin,1012.2,28.2,Very Low,False
EVT22878,Live Music Night,U14020,Deepavali Festival (Colombo Kovils),Colombo,Western,2025-01-15,6.89209,79.85352,6.88996,79.85336,GPS Auto-Tag,237.2,74.3,Medium,True
EVT22879,Corporate Retreat Event,U00496,Nuwara Eliya Gregory Lake Boating,Nuwara Eliya,Central,2025-10-31,6.96478,80.77624,6.96683,80.74896,Typed Address,3014.2,2.3,Very Low,False
EVT22880,Beach Party,U06034,Kanniya Hot Springs,Trincomalee,Eastern,2025-09-08,8.601,81.16754,8.58203,81.19213,Manual Map Pin,3423.1,1.4,Very Low,False
EVT22881,Private Wedding,U06737,Riverston (Mini World's End),Matale,Central,2025-02-19,7.4506,80.72928,7.4107,80.68932,Typed Address,6242.1,0.0,Very Low,False
EVT22882,Temple/Kovil Special Pooja,U03224,Udawalawe Elephant Transit Home,Ratnapura,Sabaragamuwa,2025-01-02,6.42993,80.86871,6.42986,80.86656,GPS Auto-Tag,237.3,74.3,Medium,True
EVT22883,Beach Party,U14594,Kanneliya Rainforest Reserve,Galle,Southern,2023-11-15,6.23557,80.3695,6.2483,80.47268,Typed Address,11472.3,0.0,Very Low,False
EVT22884,Corporate Retreat Event,U16366,Nallur Festival (Nallur Kandaswamy Kovil),Jaffna,Northern,2024-07-03,9.67074,80.04368,9.67576,80.0388,Manual Map Pin,772.0,38.1,Low,False
EVT22885,Live Music Night,U06807,Peak Wilderness Sanctuary Trek,Ratnapura,Sabaragamuwa,2023-05-04,6.81203,80.50959,6.81426,80.51023,GPS Auto-Tag,257.0,72.5,Medium,True
EVT22886,Village Perahera,U03741,Yala National Park Safari,Hambantota,Southern,2023-06-02,6.37931,81.51492,6.36823,81.48666,Typed Address,3351.2,1.5,Very Low,False
EVT22887,Village Perahera,U07955,Horton Plains & World's End Hike,Nuwara Eliya,Central,2024-02-28,6.80267,80.7924,6.8004,80.79348,GPS Auto-Tag,278.2,70.6,Medium,True
EVT22888,Pop-up Local Festival,U17029,Kalametiya Bird Sanctuary,Hambantota,Southern,2025-09-23,6.07335,80.94177,6.06921,80.92882,Manual Map Pin,1500.5,15.3,Very Low,False
EVT22889,Pop-up Local Festival,U15373,Bentota River Safari & Beach,Galle,Southern,2025-12-24,6.41529,79.99966,6.41603,79.99881,GPS Auto-Tag,124.6,85.6,High,True
EVT22890,Pop-up Local Festival,U04050,Madu Ganga Mangrove Boat Tour,Galle,Southern,2024-04-19,6.28111,80.04766,6.27369,80.05872,Manual Map Pin,1471.5,15.9,Very Low,False
EVT22891,Live Music Night,U00697,Ambalangoda Mask Museum,Galle,Southern,2023-04-15,6.22569,80.04393,6.22603,80.04334,GPS Auto-Tag,75.8,91.0,High,True
EVT22892,Beach Party,U07429,Lipton's Seat Viewpoint,Badulla,Uva,2024-05-29,6.80469,81.08212,6.80313,81.08037,GPS Auto-Tag,259.1,72.3,Medium,True
EVT22893,Temple/Kovil Special Pooja,U00742,Rathnapura Gem Mining Tour,Ratnapura,Sabaragamuwa,2023-06-20,6.67585,80.3814,6.64559,80.40023,Typed Address,3948.9,0.7,Very Low,False
EVT22894,Food & Craft Fair,U17777,Bopath Ella Falls Trek,Ratnapura,Sabaragamuwa,2025-05-20,6.73514,80.35651,6.739,80.35759,GPS Auto-Tag,445.0,57.3,Low,False
EVT22895,Pop-up Local Festival,U04154,Hakgala Botanical Garden,Nuwara Eliya,Central,2025-11-11,6.92231,80.78376,6.92116,80.78428,GPS Auto-Tag,139.5,84.0,Medium,True
EVT22896,Village Perahera,U02960,Horton Plains Cloud Forest Eco Walk,Nuwara Eliya,Central,2023-09-20,6.80462,80.78132,6.80453,80.78316,GPS Auto-Tag,203.3,77.6,Medium,True
EVT22897,Community New Year Carnival,U04977,Bambarakanda Falls,Badulla,Uva,2025-07-18,6.77476,80.78187,6.79326,80.7691,Manual Map Pin,2490.1,4.4,Very Low,False
EVT22898,Live Music Night,U08267,Sinhala & Tamil New Year Village Games,Anuradhapura,North Central,2024-03-12,8.31011,80.40069,8.30958,80.40236,GPS Auto-Tag,193.1,78.6,Medium,True
EVT22899,Private Wedding,U03942,Kalametiya Bird Sanctuary,Hambantota,Southern,2024-12-04,6.07705,80.9174,6.07714,80.91572,GPS Auto-Tag,185.4,79.3,Medium,True
EVT22900,Private Wedding,U16560,Nainativu & Nagadeepa,Jaffna,Northern,2023-08-28,9.58262,79.77164,9.58643,79.76958,GPS Auto-Tag,478.9,55.0,Low,False
EVT22901,Corporate Retreat Event,U05309,Madu Ganga Mangrove Boat Tour,Galle,Southern,2024-04-20,6.27132,80.05203,6.27253,80.05441,Manual Map Pin,294.7,69.2,Medium,True
EVT22902,Village Perahera,U02305,Pigeon Island Snorkeling,Trincomalee,Eastern,2025-10-14,8.71579,81.19136,8.71741,81.19302,GPS Auto-Tag,255.3,72.7,Medium,True
EVT22903,Beach Party,U05119,Lipton's Seat Viewpoint,Badulla,Uva,2023-10-16,6.82502,81.05283,6.82665,81.05277,GPS Auto-Tag,181.1,79.7,Medium,True
EVT22904,Private Wedding,U04745,Bellanwila-Attidiya Sanctuary,Colombo,Western,2023-08-07,6.83845,79.8933,6.82628,79.87492,Manual Map Pin,2434.2,4.8,Very Low,False
EVT22905,Pop-up Local Festival,U06284,Mannar Bird Migration Watching,Mannar,Northern,2023-05-29,9.00443,79.92228,9.06599,80.06769,Typed Address,17343.4,0.0,Very Low,False
EVT22906,Full Moon Party,U16699,Wasgamuwa National Park Safari,Matale/Polonnaruwa,Central,2024-03-03,7.78652,80.93586,7.7918,80.94002,Manual Map Pin,743.0,39.5,Low,False
EVT22907,Village Perahera,U12775,"Christmas Celebrations, Negombo",Gampaha,Western,2023-07-16,7.2199,79.82906,7.22244,79.83233,GPS Auto-Tag,457.5,56.4,Low,False
EVT22908,Full Moon Party,U11443,Madu Ganga Mangrove Boat Tour,Galle,Southern,2025-08-24,6.27078,80.0592,6.2699,80.05861,GPS Auto-Tag,116.6,86.4,High,True
EVT22909,Beach Party,U05607,Nilaveli Beach,Trincomalee,Eastern,2025-08-21,8.71567,81.17598,8.71517,81.17675,GPS Auto-Tag,100.9,88.2,High,True
EVT22910,Temple/Kovil Special Pooja,U07286,Knuckles Mountain Range Trekking,Kandy/Matale,Central,2025-11-07,7.46715,80.79511,7.46525,80.79697,GPS Auto-Tag,293.4,69.3,Medium,True
EVT22911,Community New Year Carnival,U15721,Mirissa Whale Watching & Beach,Matara,Southern,2024-02-19,5.94456,80.4341,5.94623,80.4334,GPS Auto-Tag,200.8,77.8,Medium,True
EVT22912,Food & Craft Fair,U03765,Udawalawe National Park Safari,Ratnapura/Moneragala,Sabaragamuwa,2024-06-26,6.46688,80.88508,6.46778,80.88585,GPS Auto-Tag,131.4,84.9,Medium,True
EVT22913,Village Perahera,U09474,Mirissa Whale Watching & Beach,Matara,Southern,2024-09-27,5.95471,80.47592,5.9528,80.47735,GPS Auto-Tag,264.0,71.9,Medium,True
EVT22914,Food & Craft Fair,U02516,Nuwara Eliya April Season,Nuwara Eliya,Central,2023-07-15,6.95882,80.76909,6.98436,80.68917,Typed Address,9250.7,0.0,Very Low,False
EVT22915,Live Music Night,U06040,Induruwa Turtle Conservation,Galle,Southern,2024-11-24,6.05315,80.05945,6.05381,80.05828,GPS Auto-Tag,149.0,83.0,Medium,True
EVT22916,Temple/Kovil Special Pooja,U03309,Diyasaru Wetland Park,Colombo,Western,2024-03-28,6.89953,79.91588,6.9033,79.92302,Manual Map Pin,890.7,32.8,Low,False
EVT22917,Pop-up Local Festival,U05531,Wadduwa Beach Escape,Kalutara,Western,2024-07-20,6.66036,79.92296,6.66118,79.92041,GPS Auto-Tag,295.5,69.1,Medium,True
EVT22918,Beach Party,U02383,Nallur Festival (Nallur Kandaswamy Kovil),Jaffna,Northern,2023-09-03,9.65241,80.02323,9.65241,80.02214,GPS Auto-Tag,119.1,86.2,High,True
EVT22919,Private Wedding,U06896,"New Year's Eve Countdown, Galle Face",Colombo,Western,2025-08-09,6.91714,79.85125,6.92064,79.8644,Manual Map Pin,1500.4,15.3,Very Low,False
EVT22920,Live Music Night,U17787,Nilaveli Beach,Trincomalee,Eastern,2025-11-05,8.71163,81.17018,8.69331,81.17941,Manual Map Pin,2271.0,5.8,Very Low,False
EVT22921,Food & Craft Fair,U07593,Sinharaja Rainforest Trekking,Ratnapura/Galle,Sabaragamuwa,2024-10-22,6.39996,80.5098,6.39986,80.50749,GPS Auto-Tag,255.1,72.7,Medium,True
EVT22922,Temple/Kovil Special Pooja,U07740,Diyasaru Wetland Park,Colombo,Western,2023-09-18,6.89138,79.92697,6.8914,79.92848,GPS Auto-Tag,166.3,81.2,Medium,True
EVT22923,Corporate Retreat Event,U05867,Wilpattu National Park Safari,Puttalam,North Western,2023-06-07,8.45096,80.05275,8.45158,80.0512,GPS Auto-Tag,183.4,79.5,Medium,True
EVT22924,Food & Craft Fair,U15850,Hurulu Eco Park,Polonnaruwa,North Central,2024-03-29,8.17117,80.88443,8.18577,80.9211,Typed Address,4342.6,0.4,Very Low,False
EVT22925,Private Wedding,U09860,Riverston (Mini World's End),Matale,Central,2023-07-18,7.46969,80.72326,7.46994,80.72387,GPS Auto-Tag,72.5,91.3,High,True
EVT22926,Full Moon Party,U06458,Deepavali Festival (Colombo Kovils),Colombo,Western,2024-05-09,6.87073,79.83662,6.86642,79.85072,Manual Map Pin,1625.6,13.1,Very Low,False
EVT22927,Village Perahera,U16879,Polonnaruwa Cycling Tour,Polonnaruwa,North Central,2025-11-05,7.93661,81.01727,7.92537,80.98974,Typed Address,3274.4,1.7,Very Low,False
EVT22928,Private Wedding,U04504,Muhudu Maha Vihara,Hambantota,Southern,2023-12-27,6.3304,81.46495,6.34036,81.45532,Manual Map Pin,1533.2,14.7,Very Low,False
EVT22929,Community New Year Carnival,U17702,Rathnapura Gem Mining Tour,Ratnapura,Sabaragamuwa,2023-12-24,6.68479,80.39981,6.69734,80.39286,Manual Map Pin,1589.6,13.7,Very Low,False
EVT22930,Full Moon Party,U14972,Anawilundawa Ramsar Wetland,Puttalam,North Western,2023-03-06,7.71028,79.81862,7.70998,79.81879,GPS Auto-Tag,37.4,95.4,High,True
EVT22931,Temple/Kovil Special Pooja,U14325,Pasikuda Beach,Batticaloa,Eastern,2025-09-05,7.9329,81.55429,7.89198,81.52625,Typed Address,5488.9,0.1,Very Low,False
EVT22932,Private Wedding,U07173,Hurulu Eco Park,Polonnaruwa,North Central,2023-06-13,8.15609,80.88724,8.13301,80.8269,Typed Address,7107.2,0.0,Very Low,False
EVT22933,Food & Craft Fair,U14912,Nuwara Eliya Gregory Lake Boating,Nuwara Eliya,Central,2025-08-09,6.94587,80.78914,6.94653,80.78872,GPS Auto-Tag,85.9,89.8,High,True
EVT22934,Village Perahera,U16223,Mirissa Whale Watching & Beach,Matara,Southern,2024-01-31,5.94529,80.46082,5.95372,80.44402,Manual Map Pin,2076.7,7.5,Very Low,False
EVT22935,Beach Party,U02708,Minneriya-Kaudulla Elephant Corridor,Polonnaruwa,North Central,2023-03-15,8.05073,80.95055,8.05058,80.94975,GPS Auto-Tag,89.8,89.4,High,True
EVT22936,Corporate Retreat Event,U13744,Kalpitiya Dolphin Watching Eco Tour,Puttalam,North Western,2023-07-06,8.2298,79.78881,8.23319,79.78704,GPS Auto-Tag,423.5,58.9,Low,False
EVT22937,Temple/Kovil Special Pooja,U00363,"New Year's Eve Countdown, Galle Face",Colombo,Western,2025-07-27,6.91809,79.83868,6.91736,79.83898,GPS Auto-Tag,87.2,89.7,High,True
EVT22938,Community New Year Carnival,U04172,Induruwa Turtle Conservation,Galle,Southern,2025-04-30,6.05422,80.03246,6.05294,80.03224,GPS Auto-Tag,144.1,83.5,Medium,True
EVT22939,Temple/Kovil Special Pooja,U06035,Mannar Bird Migration Watching,Mannar,Northern,2025-03-14,8.96288,79.91909,8.96198,79.91758,GPS Auto-Tag,193.6,78.5,Medium,True
EVT22940,Pop-up Local Festival,U08355,Vidattaltivu Lagoon,Mannar,Northern,2024-01-07,8.94511,80.0265,8.95831,80.04552,Manual Map Pin,2549.8,4.1,Very Low,False
EVT22941,Full Moon Party,U12740,Ramboda Falls Visit,Nuwara Eliya,Central,2023-06-14,7.06673,80.69877,7.06794,80.69659,GPS Auto-Tag,275.2,70.9,Medium,True
EVT22942,Beach Party,U13477,Nuwara Eliya Tea Factory Tour,Nuwara Eliya,Central,2023-03-08,6.96273,80.76101,7.01461,80.83412,Typed Address,9901.6,0.0,Very Low,False
EVT22943,Beach Party,U05549,Udawalawe National Park Safari,Ratnapura/Moneragala,Sabaragamuwa,2023-02-21,6.45311,80.86723,6.45159,80.8676,GPS Auto-Tag,174.3,80.4,Medium,True
EVT22944,Corporate Retreat Event,U07098,Kalpitiya Kite Surfing,Puttalam,North Western,2025-05-24,8.24721,79.77737,8.24501,79.77572,GPS Auto-Tag,304.9,68.3,Medium,True
EVT22945,Village Perahera,U04187,Gal Oya Boat Safari,Ampara,Eastern,2023-05-22,7.17783,81.45224,7.16153,81.45629,Manual Map Pin,1863.4,9.7,Very Low,False
EVT22946,Live Music Night,U15853,Knuckles Conservation Forest Walk,Kandy/Matale,Central,2024-12-19,7.46414,80.79172,7.46567,80.78087,Manual Map Pin,1205.4,22.2,Very Low,False
EVT22947,Corporate Retreat Event,U14918,Vidattaltivu Lagoon,Mannar,Northern,2025-05-09,8.96385,80.05043,8.97209,80.06083,Manual Map Pin,1462.3,16.1,Very Low,False
EVT22948,Food & Craft Fair,U00490,Lipton's Seat Viewpoint,Badulla,Uva,2024-09-14,6.81643,81.07216,6.80488,81.04876,Manual Map Pin,2880.1,2.7,Very Low,False
EVT22949,Village Perahera,U13656,Madu Ganga Mangrove Boat Tour,Galle,Southern,2024-03-17,6.27037,80.05047,6.27633,80.0451,Manual Map Pin,887.0,33.0,Low,False
EVT22950,Community New Year Carnival,U03556,Arugam Bay Surfing,Ampara,Eastern,2024-11-18,6.83645,81.83077,6.78223,81.81462,Typed Address,6276.2,0.0,Very Low,False
EVT22951,Private Wedding,U10139,Diyaluma Infinity Pools,Badulla,Uva,2025-09-05,6.72451,81.0363,6.7279,80.97883,Typed Address,6346.2,0.0,Very Low,False
EVT22952,Village Perahera,U03013,"Christmas Celebrations, Negombo",Gampaha,Western,2024-04-20,7.21425,79.84529,7.21202,79.84568,GPS Auto-Tag,251.2,73.1,Medium,True
EVT22953,Village Perahera,U15293,Madunagala Hot Springs,Hambantota,Southern,2024-10-19,6.22335,81.2218,6.27646,81.23025,Typed Address,5968.6,0.1,Very Low,False
EVT22954,Food & Craft Fair,U16298,Negombo Lagoon Boat Ride,Gampaha,Western,2023-06-28,7.19669,79.83752,7.19329,79.83906,GPS Auto-Tag,414.0,59.6,Low,False
EVT22955,Private Wedding,U07260,Panama-Kudumbigala Eco Reserve,Ampara,Eastern,2025-03-29,6.90291,81.77921,6.93321,81.74825,Typed Address,4790.1,0.3,Very Low,False
EVT22956,Beach Party,U09294,Hiriwadunna Village,Anuradhapura,North Central,2025-09-15,7.98119,80.73512,7.97871,80.73099,GPS Auto-Tag,530.4,51.5,Low,False
EVT22957,Community New Year Carnival,U12653,Kalpitiya Dolphin Watching Eco Tour,Puttalam,North Western,2024-09-03,8.23943,79.75946,8.19454,79.81007,Typed Address,7466.7,0.0,Very Low,False
EVT22958,Community New Year Carnival,U10699,Muthurajawela Marsh Boat Safari,Gampaha,Western,2024-11-22,7.07477,79.88874,7.07574,79.88907,GPS Auto-Tag,114.0,86.7,High,True
EVT22959,Live Music Night,U04562,Ravana Caves & Ella Wala Pool,Badulla,Uva,2023-07-19,6.85052,81.01141,6.85087,81.00946,Manual Map Pin,218.9,76.1,Medium,True
EVT22960,Village Perahera,U07608,Nuwara Eliya Gregory Lake Boating,Nuwara Eliya,Central,2023-06-21,6.95256,80.77717,6.95361,80.77701,GPS Auto-Tag,118.1,86.3,High,True
EVT22961,Beach Party,U03657,St. Clair's & Devon Falls Viewpoint,Nuwara Eliya,Central,2023-01-08,7.02804,80.65045,7.03036,80.65198,GPS Auto-Tag,307.7,68.1,Medium,True
EVT22962,Corporate Retreat Event,U16907,Tangalle Beach Escape,Hambantota,Southern,2025-09-08,6.01659,80.78523,6.11873,80.78602,Typed Address,11337.6,0.0,Very Low,False
EVT22963,Village Perahera,U14616,Anuradhapura Cycling Tour,Anuradhapura,North Central,2025-06-09,8.31291,80.40009,8.41216,80.43773,Typed Address,11766.5,0.0,Very Low,False
EVT22964,Temple/Kovil Special Pooja,U02273,Ramboda Falls Visit,Nuwara Eliya,Central,2025-09-27,7.04571,80.69295,7.0651,80.68905,Manual Map Pin,2194.8,6.4,Very Low,False
EVT22965,Pop-up Local Festival,U11278,Diyasaru Wetland Park,Colombo,Western,2024-09-13,6.89432,79.9233,6.90638,79.92354,Manual Map Pin,1338.7,18.8,Very Low,False
EVT22966,Corporate Retreat Event,U06213,Ravana Caves & Ella Wala Pool,Badulla,Uva,2025-07-29,6.82944,81.03372,6.81452,81.039,Manual Map Pin,1755.3,11.1,Very Low,False
EVT22967,Village Perahera,U02318,Riverston (Mini World's End),Matale,Central,2023-07-01,7.48173,80.72316,7.47925,80.72355,GPS Auto-Tag,278.0,70.6,Medium,True
EVT22968,Corporate Retreat Event,U01631,Pigeon Island Snorkeling,Trincomalee,Eastern,2025-09-27,8.71006,81.21661,8.71176,81.21796,GPS Auto-Tag,239.6,74.1,Medium,True
EVT22969,Live Music Night,U02851,Kayts Island,Jaffna,Northern,2025-11-10,9.6789,79.98156,9.68687,79.98677,Manual Map Pin,1053.1,26.8,Very Low,False
EVT22970,Community New Year Carnival,U08936,Sinharaja Forest Reserve Nature Walk,Ratnapura/Galle,Sabaragamuwa,2025-06-19,6.38518,80.49441,6.39679,80.48081,Manual Map Pin,1978.0,8.4,Very Low,False
EVT22971,Temple/Kovil Special Pooja,U14409,Bogoda Wooden Bridge,Badulla,Uva,2025-01-24,6.9668,81.0048,6.96532,81.00475,GPS Auto-Tag,165.4,81.3,Medium,True
EVT22972,Corporate Retreat Event,U03827,Wilpattu National Park Safari,Puttalam,North Western,2023-08-03,8.46744,80.04307,8.46562,80.04235,GPS Auto-Tag,217.9,76.2,Medium,True
EVT22973,Live Music Night,U02637,Thalangama Wetland Birdwatching,Colombo,Western,2025-02-13,6.88105,79.92131,6.88057,79.93997,Manual Map Pin,2056.6,7.6,Very Low,False
EVT22974,Community New Year Carnival,U14665,Minneriya Elephant Gathering,Polonnaruwa,North Central,2025-12-28,8.02949,80.90392,8.03008,80.90576,GPS Auto-Tag,211.8,76.7,Medium,True
EVT22975,Corporate Retreat Event,U00214,Hurulu Eco Park,Polonnaruwa,North Central,2023-12-11,8.17048,80.89766,8.17132,80.89759,GPS Auto-Tag,93.6,89.0,High,True
EVT22976,Community New Year Carnival,U01277,St. Clair's & Devon Falls Viewpoint,Nuwara Eliya,Central,2023-04-04,7.02077,80.65712,7.02209,80.6561,GPS Auto-Tag,185.0,79.4,Medium,True
EVT22977,Full Moon Party,U05155,Pigeon Island Snorkeling,Trincomalee,Eastern,2025-07-29,8.69313,81.20588,8.69302,81.20597,GPS Auto-Tag,15.8,98.0,High,True
EVT22978,Village Perahera,U03391,Muthurajawela Marsh Boat Safari,Gampaha,Western,2024-03-22,7.06672,79.88974,7.06763,79.87394,Manual Map Pin,1743.0,11.3,Very Low,False
EVT22979,Live Music Night,U13179,Bundala Wetland Birdwatching,Hambantota,Southern,2024-05-13,6.19676,81.20767,6.19543,81.21059,GPS Auto-Tag,353.7,64.3,Medium,True
EVT22980,Temple/Kovil Special Pooja,U00839,Rekawa Turtle Conservation,Hambantota,Southern,2025-06-17,6.06169,80.84145,6.07149,80.84857,Manual Map Pin,1342.7,18.7,Very Low,False
EVT22981,Full Moon Party,U09444,Royal Botanical Garden Peradeniya,Kandy,Central,2023-09-19,7.2762,80.61287,7.27545,80.61444,GPS Auto-Tag,191.8,78.7,Medium,True
EVT22982,Pop-up Local Festival,U01935,Kandy Esala Perahera,Kandy,Central,2025-06-30,7.30263,80.63388,7.26906,80.65941,Typed Address,4668.6,0.3,Very Low,False
EVT22983,Food & Craft Fair,U04159,Kandy Lake Evening Walk,Kandy,Central,2025-09-03,7.28207,80.64597,7.27853,80.6566,Manual Map Pin,1235.0,21.4,Very Low,False
EVT22984,Private Wedding,U16821,Unawatuna Beach,Galle,Southern,2023-10-01,6.01014,80.25434,6.00991,80.25452,GPS Auto-Tag,32.9,96.0,High,True
EVT22985,Temple/Kovil Special Pooja,U03526,Wilpattu National Park Safari,Puttalam,North Western,2024-05-05,8.45255,80.04019,8.38069,79.99998,Typed Address,9117.2,0.0,Very Low,False
EVT22986,Private Wedding,U05008,Delft Island,Jaffna,Northern,2024-01-30,9.53998,79.68436,9.54038,79.68609,GPS Auto-Tag,194.5,78.4,Medium,True
EVT22987,Beach Party,U13142,Adam's Peak (Sri Pada) Climb,Ratnapura,Sabaragamuwa,2025-01-23,6.80933,80.49161,6.80761,80.49072,GPS Auto-Tag,214.3,76.5,Medium,True
EVT22988,Temple/Kovil Special Pooja,U16851,Royal Botanical Garden Peradeniya,Kandy,Central,2023-09-13,7.28278,80.59214,7.28112,80.58973,Manual Map Pin,323.3,66.8,Medium,True
EVT22989,Village Perahera,U14569,Aluvihare Rock Monastery,Matale,Central,2025-09-08,7.48698,80.62131,7.4869,80.61231,Manual Map Pin,990.2,29.0,Very Low,False
EVT22990,Beach Party,U14104,Minneriya Elephant Gathering,Polonnaruwa,North Central,2024-01-27,8.00966,80.89608,8.0095,80.89602,GPS Auto-Tag,19.2,97.6,High,True
EVT22991,Village Perahera,U13594,Delft Island,Jaffna,Northern,2023-03-21,9.53646,79.67952,9.53649,79.6852,Typed Address,621.3,46.0,Low,False
EVT22992,Village Perahera,U06250,Negombo Lagoon Boat Ride,Gampaha,Western,2023-06-13,7.19983,79.84927,7.19921,79.84825,GPS Auto-Tag,131.7,84.8,Medium,True
EVT22993,Food & Craft Fair,U03807,Rathnapura Gem Mining Tour,Ratnapura,Sabaragamuwa,2023-10-09,6.66997,80.40941,6.66691,80.41143,GPS Auto-Tag,405.5,60.2,Medium,True
EVT22994,Private Wedding,U10421,Pigeon Island Snorkeling,Trincomalee,Eastern,2023-03-12,8.71091,81.18486,8.71169,81.18482,GPS Auto-Tag,87.2,89.7,High,True
EVT22995,Temple/Kovil Special Pooja,U08293,Ravana Falls Abseiling,Badulla,Uva,2024-06-25,6.88311,81.06722,6.9167,81.15444,Typed Address,10309.7,0.0,Very Low,False
EVT22996,Food & Craft Fair,U11674,Unawatuna Beach,Galle,Southern,2025-12-01,6.01507,80.25186,6.0238,80.23389,Manual Map Pin,2207.3,6.3,Very Low,False
EVT22997,Full Moon Party,U16844,Yala National Park Safari,Hambantota,Southern,2025-10-21,6.36641,81.52132,6.36421,81.52119,GPS Auto-Tag,245.0,73.6,Medium,True
EVT22998,Beach Party,U09759,Yala National Park Safari,Hambantota,Southern,2023-12-31,6.37906,81.52349,6.3714,81.52357,Manual Map Pin,849.9,34.6,Low,False
EVT22999,Beach Party,U16718,Anuradhapura Cycling Tour,Anuradhapura,North Central,2024-01-27,8.31112,80.39356,8.31112,80.39338,GPS Auto-Tag,19.6,97.6,High,True
EVT23000,Corporate Retreat Event,U10290,Unawatuna Beach,Galle,Southern,2025-09-08,6.00473,80.23762,5.98933,80.23603,Manual Map Pin,1718.1,11.7,Very Low,False
EVT23001,Live Music Night,U01481,Colombo Galle Face & City Tour,Colombo,Western,2024-05-16,6.92056,79.85181,6.92655,79.86118,Manual Map Pin,1228.7,21.5,Very Low,False
EVT23002,Live Music Night,U08328,Deepavali Festival (Colombo Kovils),Colombo,Western,2024-10-12,6.87627,79.8793,6.87624,79.87999,GPS Auto-Tag,76.8,90.8,High,True
EVT23003,Full Moon Party,U00926,Muhudu Maha Vihara,Hambantota,Southern,2024-02-04,6.33746,81.4692,6.33963,81.4686,GPS Auto-Tag,250.5,73.1,Medium,True
EVT23004,Community New Year Carnival,U11408,Belihuloya River Adventures,Ratnapura,Sabaragamuwa,2023-10-27,6.69283,80.83513,6.69198,80.83252,GPS Auto-Tag,302.6,68.5,Medium,True
EVT23005,Food & Craft Fair,U14865,Knuckles Conservation Forest Walk,Kandy/Matale,Central,2025-10-03,7.46363,80.78699,7.46293,80.78657,GPS Auto-Tag,90.4,89.3,High,True
EVT23006,Full Moon Party,U06388,Delft Wild Pony Eco Tour,Jaffna,Northern,2023-03-15,9.5435,79.67448,9.463,79.65825,Typed Address,9110.3,0.0,Very Low,False
EVT23007,Corporate Retreat Event,U01620,Hakgala Botanical Garden,Nuwara Eliya,Central,2024-03-01,6.92201,80.78691,6.89634,80.77515,Typed Address,3130.0,2.0,Very Low,False
EVT23008,Temple/Kovil Special Pooja,U10769,Yapahuwa Rock Fortress,Kurunegala,North Western,2023-12-09,7.84915,80.20035,7.85793,80.20215,Manual Map Pin,993.8,28.9,Very Low,False
EVT23009,Corporate Retreat Event,U15482,Panama-Kudumbigala Eco Reserve,Ampara,Eastern,2024-03-17,6.88948,81.78906,6.8909,81.78761,GPS Auto-Tag,224.4,75.5,Medium,True
EVT23010,Full Moon Party,U09339,Panama-Kudumbigala Eco Reserve,Ampara,Eastern,2025-01-04,6.91226,81.8044,6.90918,81.80471,GPS Auto-Tag,344.2,65.0,Medium,True
EVT23011,Temple/Kovil Special Pooja,U05530,Gal Oya Kudugala Village Eco Trek,Ampara,Eastern,2025-10-11,7.1554,81.43902,7.14609,81.43529,Manual Map Pin,1112.4,24.9,Very Low,False
EVT23012,Community New Year Carnival,U02933,Madu Ganga Mangrove Boat Tour,Galle,Southern,2025-05-24,6.26261,80.04503,6.26666,80.04257,Manual Map Pin,525.9,51.8,Low,False
EVT23013,Live Music Night,U13130,"Christmas Celebrations, Negombo",Gampaha,Western,2025-09-09,7.19997,79.82348,7.31843,79.87606,Typed Address,14367.2,0.0,Very Low,False
EVT23014,Pop-up Local Festival,U14167,Sera Ella Waterfall,Matale,Central,2023-04-09,7.52472,80.69521,7.52356,80.69622,GPS Auto-Tag,170.1,80.8,Medium,True
EVT23015,Community New Year Carnival,U13328,Hakgala Botanical Garden,Nuwara Eliya,Central,2024-08-08,6.90618,80.78474,6.90426,80.79009,Manual Map Pin,627.2,45.7,Low,False
EVT23016,Community New Year Carnival,U17585,Kosgoda Turtle Hatchery,Galle,Southern,2023-01-20,6.08665,80.01424,6.08588,80.01195,GPS Auto-Tag,266.3,71.7,Medium,True
EVT23017,Beach Party,U14571,Kayts Island,Jaffna,Northern,2023-03-14,9.67392,79.98697,9.67321,79.993,Manual Map Pin,665.1,43.5,Low,False
EVT23018,Village Perahera,U08012,Bellanwila-Attidiya Sanctuary,Colombo,Western,2024-07-12,6.84825,79.88924,6.85602,79.89015,Manual Map Pin,868.4,33.8,Low,False
EVT23019,Temple/Kovil Special Pooja,U01503,Udawalawe Elephant Transit Home,Ratnapura,Sabaragamuwa,2025-09-01,6.42777,80.89161,6.4267,80.89398,GPS Auto-Tag,286.8,69.9,Medium,True
EVT23020,Live Music Night,U02843,Bentota River Safari & Beach,Galle,Southern,2024-12-31,6.42397,79.99,6.42257,79.99171,GPS Auto-Tag,244.2,73.7,Medium,True
EVT23021,Community New Year Carnival,U01034,Anuradhapura Cycling Tour,Anuradhapura,North Central,2023-02-16,8.31091,80.3997,8.23286,80.36565,Typed Address,9436.6,0.0,Very Low,False
EVT23022,Private Wedding,U12758,Mulkirigala Rock Monastery,Hambantota,Southern,2025-04-04,6.17783,80.89494,6.17936,80.89292,GPS Auto-Tag,280.1,70.5,Medium,True
EVT23023,Community New Year Carnival,U02938,Nilaveli Beach,Trincomalee,Eastern,2023-11-23,8.72248,81.17148,8.71639,81.17382,Manual Map Pin,722.6,40.5,Low,False
EVT23024,Temple/Kovil Special Pooja,U07396,Kumana National Park Birding & Safari,Ampara,Eastern,2023-09-20,6.58127,81.67691,6.58651,81.67428,Manual Map Pin,650.5,44.3,Low,False
EVT23025,Live Music Night,U06771,Minneriya-Kaudulla Elephant Corridor,Polonnaruwa,North Central,2024-06-30,8.04724,80.949,8.03794,80.93021,Manual Map Pin,2309.7,5.6,Very Low,False
EVT23026,Temple/Kovil Special Pooja,U03969,Diyaluma Infinity Pools,Badulla,Uva,2024-03-11,6.73596,81.03875,6.72438,81.03356,Manual Map Pin,1407.5,17.2,Very Low,False
EVT23027,Corporate Retreat Event,U10914,Kanneliya Rainforest Reserve,Galle,Southern,2024-10-27,6.22002,80.3393,6.22169,80.34675,Manual Map Pin,842.9,34.9,Low,False
EVT23028,Village Perahera,U04768,Nuwara Eliya Tea Factory Tour,Nuwara Eliya,Central,2024-09-09,6.95091,80.75705,6.95002,80.75989,GPS Auto-Tag,327.8,66.4,Medium,True
EVT23029,Food & Craft Fair,U05388,Rathnapura Gem Mining Tour,Ratnapura,Sabaragamuwa,2023-11-13,6.68597,80.40831,6.68568,80.40779,GPS Auto-Tag,65.2,92.2,High,True
EVT23030,Private Wedding,U07321,Yapahuwa Rock Fortress,Kurunegala,North Western,2025-12-04,7.82676,80.20331,7.88209,80.21747,Typed Address,6336.4,0.0,Very Low,False
EVT23031,Corporate Retreat Event,U10757,Yapahuwa Rock Fortress,Kurunegala,North Western,2025-09-11,7.81043,80.18351,7.81444,80.19253,Manual Map Pin,1087.1,25.7,Very Low,False
EVT23032,Live Music Night,U01664,Bellanwila-Attidiya Sanctuary,Colombo,Western,2023-02-24,6.82946,79.87095,6.87611,79.93174,Typed Address,8468.3,0.0,Very Low,False
EVT23033,Temple/Kovil Special Pooja,U03903,Deepavali Festival (Colombo Kovils),Colombo,Western,2025-09-03,6.87348,79.85962,6.87466,79.86154,GPS Auto-Tag,249.2,73.2,Medium,True
EVT23034,Pop-up Local Festival,U04684,Madunagala Hot Springs,Hambantota,Southern,2024-08-02,6.24848,81.24686,6.23563,81.21591,Typed Address,3699.9,1.0,Very Low,False
EVT23035,Corporate Retreat Event,U17973,Nuwara Eliya April Season,Nuwara Eliya,Central,2023-09-06,6.95311,80.78221,6.95187,80.7809,GPS Auto-Tag,200.0,77.9,Medium,True
EVT23036,Full Moon Party,U02345,Weligama Surf School,Matara,Southern,2024-08-19,5.98265,80.43486,5.97989,80.43455,GPS Auto-Tag,308.2,68.0,Medium,True
EVT23037,Village Perahera,U16621,Panama Village,Ampara,Eastern,2023-10-09,6.92644,81.78468,6.92491,81.7903,Manual Map Pin,642.3,44.8,Low,False
EVT23038,Corporate Retreat Event,U16155,Gal Oya Kudugala Village Eco Trek,Ampara,Eastern,2023-07-11,7.1468,81.44798,7.14548,81.44921,Manual Map Pin,199.1,78.0,Medium,True
EVT23039,Beach Party,U09824,Trincomalee Whale Watching,Trincomalee,Eastern,2025-05-20,8.56887,81.24587,8.58231,81.26849,Manual Map Pin,2897.5,2.7,Very Low,False
EVT23040,Corporate Retreat Event,U08495,Nuwara Eliya Tea Factory Tour,Nuwara Eliya,Central,2024-05-27,6.96544,80.75821,6.96584,80.75606,GPS Auto-Tag,241.3,74.0,Medium,True
EVT23041,Beach Party,U06845,Kandy Esala Perahera,Kandy,Central,2025-10-06,7.29015,80.65264,7.29075,80.65398,GPS Auto-Tag,161.8,81.7,Medium,True
EVT23042,Full Moon Party,U14122,Riverston (Mini World's End),Matale,Central,2023-06-17,7.47975,80.72875,7.47399,80.72986,Manual Map Pin,651.6,44.3,Low,False
EVT23043,Food & Craft Fair,U17136,Kosgoda Turtle Hatchery,Galle,Southern,2024-08-17,6.08414,79.9908,6.08219,79.99164,GPS Auto-Tag,235.5,74.5,Medium,True
EVT23044,Pop-up Local Festival,U12140,Wasgamuwa National Park Safari,Matale/Polonnaruwa,Central,2023-12-31,7.78129,80.92205,7.74428,80.9767,Typed Address,7279.6,0.0,Very Low,False
EVT23045,Food & Craft Fair,U09038,St. Clair's & Devon Falls Viewpoint,Nuwara Eliya,Central,2024-11-10,7.03803,80.67175,7.00432,80.71979,Typed Address,6481.6,0.0,Very Low,False
EVT23046,Pop-up Local Festival,U08676,Udawalawe Elephant Transit Home,Ratnapura,Sabaragamuwa,2025-06-10,6.42746,80.89645,6.41251,80.86431,Typed Address,3914.0,0.8,Very Low,False
EVT23047,Village Perahera,U08344,Kataragama Esala Perahera,Monaragala,Uva,2025-08-27,6.42911,81.34165,6.42539,81.33348,Manual Map Pin,991.5,29.0,Very Low,False
EVT23048,Beach Party,U10207,Weligama Surf School,Matara,Southern,2025-12-05,5.96829,80.44554,5.96615,80.44667,GPS Auto-Tag,268.6,71.5,Medium,True
EVT23049,Live Music Night,U06165,Nuwara Eliya Tea Factory Tour,Nuwara Eliya,Central,2025-01-24,6.96826,80.75481,6.96416,80.76603,Manual Map Pin,1317.1,19.3,Very Low,False
EVT23050,Live Music Night,U13041,Bundala Wetland Birdwatching,Hambantota,Southern,2024-07-31,6.19789,81.20267,6.19675,81.20167,GPS Auto-Tag,168.5,81.0,Medium,True
EVT23051,Private Wedding,U06687,Kalpitiya Kite Surfing,Puttalam,North Western,2024-06-29,8.24083,79.76041,8.25605,79.85903,Typed Address,10965.1,0.0,Very Low,False
EVT23052,Community New Year Carnival,U02506,Lipton's Seat Viewpoint,Badulla,Uva,2024-03-23,6.82448,81.07132,6.82106,81.07219,GPS Auto-Tag,391.7,61.3,Medium,True
EVT23053,Food & Craft Fair,U04157,Royal Botanical Garden Peradeniya,Kandy,Central,2024-09-12,7.27157,80.59549,7.27355,80.59321,GPS Auto-Tag,334.0,65.9,Medium,True
EVT23054,Live Music Night,U02109,Mirissa Whale Watching & Beach,Matara,Southern,2023-11-21,5.95164,80.44768,5.95068,80.44642,GPS Auto-Tag,175.6,80.3,Medium,True
EVT23055,Temple/Kovil Special Pooja,U05786,Diyaluma Infinity Pools,Badulla,Uva,2023-03-25,6.74447,81.02955,6.76107,81.02474,Manual Map Pin,1917.7,9.1,Very Low,False
EVT23056,Temple/Kovil Special Pooja,U02629,Wilpattu National Park Safari,Puttalam,North Western,2024-02-15,8.47287,80.06082,8.46726,80.05441,Manual Map Pin,940.2,30.9,Low,False
EVT23057,Community New Year Carnival,U06523,Kandy Esala Perahera,Kandy,Central,2025-06-02,7.2868,80.64498,7.28818,80.64608,GPS Auto-Tag,195.2,78.3,Medium,True
EVT23058,Community New Year Carnival,U04110,Delft Wild Pony Eco Tour,Jaffna,Northern,2025-10-09,9.53465,79.67133,9.53471,79.67025,GPS Auto-Tag,118.6,86.2,High,True
EVT23059,Corporate Retreat Event,U08084,Bellanwila-Attidiya Sanctuary,Colombo,Western,2025-11-18,6.84424,79.90109,6.82641,79.90024,Manual Map Pin,1981.0,8.4,Very Low,False
EVT23060,Pop-up Local Festival,U04606,Trincomalee Whale Watching,Trincomalee,Eastern,2023-06-29,8.55844,81.23549,8.55704,81.23635,GPS Auto-Tag,181.8,79.7,Medium,True
EVT23061,Pop-up Local Festival,U10888,"Christmas Celebrations, Negombo",Gampaha,Western,2024-04-11,7.20396,79.84191,7.20154,79.73701,Typed Address,11554.6,0.0,Very Low,False
EVT23062,Temple/Kovil Special Pooja,U04609,Deepavali Festival (Colombo Kovils),Colombo,Western,2024-05-11,6.8973,79.86675,6.89323,79.86778,GPS Auto-Tag,465.5,55.9,Low,False
EVT23063,Food & Craft Fair,U17816,Kochchikade St. Anthony's Feast,Colombo,Western,2023-01-23,6.93823,79.85557,6.93754,79.85386,GPS Auto-Tag,203.6,77.5,Medium,True
EVT23064,Pop-up Local Festival,U10160,Kalpitiya Dolphin Watching Eco Tour,Puttalam,North Western,2024-09-18,8.24985,79.7514,8.24385,79.76139,Manual Map Pin,1283.6,20.1,Very Low,False
EVT23065,Pop-up Local Festival,U08715,Unawatuna Beach,Galle,Southern,2024-09-13,6.00924,80.2576,6.00172,80.25495,Manual Map Pin,884.3,33.1,Low,False
EVT23066,Temple/Kovil Special Pooja,U09818,Kayts Island,Jaffna,Northern,2024-12-23,9.69199,79.99283,9.69331,79.99418,GPS Auto-Tag,207.8,77.1,Medium,True
EVT23067,Pop-up Local Festival,U05351,Ambalangoda Mask Museum,Galle,Southern,2025-04-30,6.24314,80.03792,6.2444,80.03992,GPS Auto-Tag,261.0,72.2,Medium,True
EVT23068,Full Moon Party,U05714,Mulkirigala Rock Monastery,Hambantota,Southern,2023-05-27,6.16746,80.86914,6.16883,80.87088,GPS Auto-Tag,245.3,73.6,Medium,True
EVT23069,Live Music Night,U15291,Tangalle Beach Escape,Hambantota,Southern,2024-06-01,6.04642,80.78959,6.04559,80.78853,GPS Auto-Tag,148.8,83.0,Medium,True
EVT23070,Food & Craft Fair,U04579,Lipton's Seat Viewpoint,Badulla,Uva,2023-05-05,6.82211,81.05322,6.81974,81.05237,GPS Auto-Tag,279.5,70.5,Medium,True
EVT23071,Full Moon Party,U10827,Bogoda Wooden Bridge,Badulla,Uva,2025-02-20,6.97074,81.00028,6.97288,81.00869,Manual Map Pin,956.3,30.3,Low,False
EVT23072,Village Perahera,U05929,Wilpattu National Park Safari,Puttalam,North Western,2024-08-10,8.46788,80.05458,8.49243,80.0516,Typed Address,2745.2,3.2,Very Low,False
EVT23073,Temple/Kovil Special Pooja,U12597,Aluvihare Rock Monastery,Matale,Central,2024-07-14,7.49076,80.6033,7.48935,80.6023,GPS Auto-Tag,191.4,78.7,Medium,True
EVT23074,Village Perahera,U03020,Delft Island,Jaffna,Northern,2025-03-03,9.52325,79.63887,9.52537,79.63902,GPS Auto-Tag,235.3,74.5,Medium,True
EVT23075,Village Perahera,U13187,Bellanwila-Attidiya Sanctuary,Colombo,Western,2023-02-23,6.82908,79.89586,6.83002,79.8959,GPS Auto-Tag,104.6,87.7,High,True
EVT23076,Beach Party,U04722,Panama-Kudumbigala Eco Reserve,Ampara,Eastern,2024-08-26,6.90255,81.78018,6.8958,81.79762,Manual Map Pin,2063.4,7.6,Very Low,False
EVT23077,Corporate Retreat Event,U09962,Adam's Peak (Sri Pada) Climb,Ratnapura,Sabaragamuwa,2024-03-28,6.79199,80.4967,6.79203,80.49774,GPS Auto-Tag,115.3,86.6,High,True
EVT23078,Full Moon Party,U09845,Kandy Esala Perahera,Kandy,Central,2023-10-19,7.28768,80.62627,7.28913,80.65533,Manual Map Pin,3203.4,1.8,Very Low,False
EVT23079,Temple/Kovil Special Pooja,U03653,Kanniya Hot Springs,Trincomalee,Eastern,2023-10-20,8.60884,81.16283,8.60896,81.16192,GPS Auto-Tag,100.6,88.2,High,True
EVT23080,Temple/Kovil Special Pooja,U10402,Mannar Bird Migration Watching,Mannar,Northern,2023-01-08,8.98001,79.90623,8.96566,79.94057,Typed Address,4087.3,0.6,Very Low,False
EVT23081,Live Music Night,U09655,Anuradhapura Cycling Tour,Anuradhapura,North Central,2025-08-25,8.31588,80.39326,8.34285,80.41219,Typed Address,3644.5,1.1,Very Low,False
EVT23082,Food & Craft Fair,U08313,Beruwala Beach Resort Leisure,Kalutara,Western,2023-12-21,6.48007,79.97517,6.48065,79.96975,Manual Map Pin,601.3,47.2,Low,False
EVT23083,Private Wedding,U04625,Bambarakanda Falls,Badulla,Uva,2024-04-30,6.7769,80.80457,6.86891,80.79193,Typed Address,10306.9,0.0,Very Low,False
EVT23084,Beach Party,U12842,Rekawa Turtle Conservation,Hambantota,Southern,2024-06-15,6.03726,80.85076,6.03623,80.84834,GPS Auto-Tag,290.1,69.6,Medium,True
EVT23085,Temple/Kovil Special Pooja,U12824,Sinhala & Tamil New Year Village Games,Anuradhapura,North Central,2023-01-28,8.31065,80.40477,8.31005,80.40596,GPS Auto-Tag,147.0,83.2,Medium,True
EVT23086,Full Moon Party,U17857,Galle Fort Walking Tour,Galle,Southern,2025-11-21,6.01438,80.21709,6.00127,80.22492,Manual Map Pin,1692.5,12.1,Very Low,False
EVT23087,Corporate Retreat Event,U09077,Panama Village,Ampara,Eastern,2025-07-10,6.93537,81.77248,6.93503,81.7725,GPS Auto-Tag,37.4,95.4,High,True
EVT23088,Beach Party,U07619,St. Clair's & Devon Falls Viewpoint,Nuwara Eliya,Central,2023-02-15,7.02475,80.68872,7.03588,80.69883,Manual Map Pin,1663.5,12.5,Very Low,False
EVT23089,Full Moon Party,U06494,Sinharaja Forest Reserve Nature Walk,Ratnapura/Galle,Sabaragamuwa,2023-05-27,6.40654,80.47652,6.40667,80.47503,GPS Auto-Tag,164.1,81.5,Medium,True
EVT23090,Community New Year Carnival,U06949,Kitulgala White Water Rafting,Kegalle,Sabaragamuwa,2024-05-23,6.99631,80.40691,6.99372,80.40581,GPS Auto-Tag,311.7,67.7,Medium,True
EVT23091,Corporate Retreat Event,U10951,Negombo Lagoon Boat Ride,Gampaha,Western,2025-06-06,7.21638,79.82703,7.19772,79.81848,Typed Address,2275.3,5.8,Very Low,False
EVT23092,Full Moon Party,U02066,Delft Wild Pony Eco Tour,Jaffna,Northern,2025-07-31,9.53963,79.69139,9.53903,79.69197,GPS Auto-Tag,91.7,89.2,High,True
EVT23093,Full Moon Party,U14827,Bopath Ella Falls Trek,Ratnapura,Sabaragamuwa,2023-05-29,6.76025,80.3634,6.75687,80.36632,Manual Map Pin,494.7,53.9,Low,False
EVT23094,Pop-up Local Festival,U16952,St. Clair's & Devon Falls Viewpoint,Nuwara Eliya,Central,2025-07-14,7.03192,80.66516,7.02975,80.66559,GPS Auto-Tag,246.1,73.5,Medium,True
EVT23095,Temple/Kovil Special Pooja,U01110,Thalangama Wetland Birdwatching,Colombo,Western,2024-07-12,6.8973,79.92385,6.92403,79.88382,Typed Address,5316.3,0.1,Very Low,False
EVT23096,Food & Craft Fair,U02112,Horton Plains Cloud Forest Eco Walk,Nuwara Eliya,Central,2024-12-27,6.81634,80.79591,6.81723,80.79801,GPS Auto-Tag,251.5,73.0,Medium,True
EVT23097,Village Perahera,U13890,Belihuloya River Adventures,Ratnapura,Sabaragamuwa,2023-08-27,6.69192,80.8291,6.68961,80.83005,GPS Auto-Tag,277.0,70.7,Medium,True
EVT23098,Beach Party,U17962,Laxapana Falls Trek,Nuwara Eliya,Central,2025-07-04,6.93048,80.49544,6.90504,80.48776,Typed Address,2947.6,2.5,Very Low,False
EVT23099,Private Wedding,U02701,Sinharaja Forest Reserve Nature Walk,Ratnapura/Galle,Sabaragamuwa,2025-09-08,6.40835,80.5002,6.39257,80.51823,Manual Map Pin,2650.5,3.6,Very Low,False
EVT23100,Pop-up Local Festival,U01628,Bentota River Safari & Beach,Galle,Southern,2023-09-20,6.42621,79.99197,6.42677,79.98818,GPS Auto-Tag,422.2,59.0,Low,False
EVT23101,Live Music Night,U09899,Sinharaja Forest Reserve Nature Walk,Ratnapura/Galle,Sabaragamuwa,2025-03-03,6.40838,80.49492,6.408,80.49756,GPS Auto-Tag,294.7,69.2,Medium,True
EVT23102,Temple/Kovil Special Pooja,U16553,Yala National Park Safari,Hambantota,Southern,2025-04-06,6.37643,81.52891,6.351,81.56804,Typed Address,5157.6,0.2,Very Low,False
EVT23103,Corporate Retreat Event,U03990,Nallur Festival (Nallur Kandaswamy Kovil),Jaffna,Northern,2023-01-22,9.66592,80.04304,9.66462,80.04302,GPS Auto-Tag,143.6,83.6,Medium,True
EVT23104,Private Wedding,U12858,Arugam Bay Surfing,Ampara,Eastern,2025-07-31,6.84609,81.82788,6.86493,81.84665,Typed Address,2941.0,2.5,Very Low,False
EVT23105,Community New Year Carnival,U12475,Knuckles Mountain Range Trekking,Kandy/Matale,Central,2025-08-07,7.46104,80.7861,7.46206,80.78697,GPS Auto-Tag,148.7,83.0,Medium,True
EVT23106,Live Music Night,U05903,Beddagana Wetland Park,Colombo,Western,2023-01-17,6.89108,79.91438,6.93031,79.99087,Typed Address,9487.1,0.0,Very Low,False
EVT23107,Corporate Retreat Event,U06703,Diyaluma Infinity Pools,Badulla,Uva,2024-01-08,6.72855,81.04342,6.71792,81.05393,Manual Map Pin,1653.4,12.7,Very Low,False
EVT23108,Pop-up Local Festival,U01000,Kandy Lake Evening Walk,Kandy,Central,2024-07-26,7.30335,80.6327,7.3048,80.632,GPS Auto-Tag,178.4,80.0,Medium,True
EVT23109,Temple/Kovil Special Pooja,U03231,Knuckles Conservation Forest Walk,Kandy/Matale,Central,2023-04-14,7.46895,80.79158,7.45967,80.77269,Manual Map Pin,2320.3,5.5,Very Low,False
EVT23110,Temple/Kovil Special Pooja,U15217,Kumana Bird Sanctuary,Ampara,Eastern,2023-07-18,6.55892,81.66122,6.56355,81.66766,Manual Map Pin,877.3,33.4,Low,False
EVT23111,Beach Party,U13017,Wasgamuwa National Park Safari,Matale/Polonnaruwa,Central,2025-05-04,7.77197,80.94272,7.76478,80.92736,Manual Map Pin,1868.1,9.7,Very Low,False
EVT23112,Live Music Night,U10249,Hakgala Botanical Garden,Nuwara Eliya,Central,2024-10-16,6.91693,80.78861,6.9129,80.78965,GPS Auto-Tag,462.1,56.1,Low,False
EVT23113,Live Music Night,U09481,Madunagala Hot Springs,Hambantota,Southern,2024-07-07,6.25194,81.2374,6.23192,81.24423,Manual Map Pin,2346.8,5.3,Very Low,False
EVT23114,Private Wedding,U05384,Pigeon Island Snorkeling,Trincomalee,Eastern,2025-02-09,8.70927,81.20535,8.70936,81.19853,Manual Map Pin,748.3,39.2,Low,False
EVT23115,Corporate Retreat Event,U04165,Victoria Park Nuwara Eliya,Nuwara Eliya,Central,2024-08-29,6.9679,80.76083,6.96815,80.7612,GPS Auto-Tag,49.5,94.0,High,True
EVT23116,Live Music Night,U04873,Delft Wild Pony Eco Tour,Jaffna,Northern,2024-02-28,9.53978,79.64899,9.52217,79.70053,Typed Address,5970.6,0.1,Very Low,False
EVT23117,Private Wedding,U07890,Nallur Festival (Nallur Kandaswamy Kovil),Jaffna,Northern,2023-09-08,9.67141,80.02659,9.68349,80.04143,Manual Map Pin,2105.8,7.2,Very Low,False
EVT23118,Pop-up Local Festival,U05047,Beddagana Wetland Park,Colombo,Western,2023-12-24,6.90087,79.90895,6.90003,79.9084,GPS Auto-Tag,111.2,87.0,High,True
EVT23119,Temple/Kovil Special Pooja,U03511,Mulkirigala Rock Monastery,Hambantota,Southern,2023-04-24,6.17225,80.89204,6.1722,80.89281,GPS Auto-Tag,84.6,90.0,High,True
EVT23120,Community New Year Carnival,U04939,Sinharaja Forest Reserve Nature Walk,Ratnapura/Galle,Sabaragamuwa,2023-01-04,6.39384,80.50911,6.38389,80.51668,Manual Map Pin,1384.6,17.7,Very Low,False
EVT23121,Food & Craft Fair,U09544,Delft Wild Pony Eco Tour,Jaffna,Northern,2025-10-07,9.53422,79.6615,9.56669,79.63678,Typed Address,4506.9,0.4,Very Low,False
EVT23122,Corporate Retreat Event,U08649,Kalametiya Bird Sanctuary,Hambantota,Southern,2024-09-09,6.07157,80.92537,6.0677,80.93692,Manual Map Pin,1345.6,18.6,Very Low,False
EVT23123,Full Moon Party,U14922,Galle Fort Walking Tour,Galle,Southern,2024-02-28,6.02361,80.21865,6.03483,80.21189,Manual Map Pin,1452.1,16.3,Very Low,False
EVT23124,Food & Craft Fair,U17818,Sinhala & Tamil New Year Village Games,Anuradhapura,North Central,2024-05-07,8.31726,80.39791,8.31815,80.39793,GPS Auto-Tag,98.9,88.4,High,True
EVT23125,Village Perahera,U11824,Laxapana Falls Trek,Nuwara Eliya,Central,2023-12-14,6.93188,80.49634,6.92811,80.49366,GPS Auto-Tag,512.5,52.7,Low,False
EVT23126,Temple/Kovil Special Pooja,U16161,Minneriya Elephant Gathering,Polonnaruwa,North Central,2023-07-28,8.01917,80.89819,8.01861,80.8968,GPS Auto-Tag,166.0,81.3,Medium,True
EVT23127,Pop-up Local Festival,U10116,Nuwara Eliya Gregory Lake Boating,Nuwara Eliya,Central,2023-02-27,6.96748,80.79287,6.96801,80.79334,GPS Auto-Tag,79.5,90.5,High,True
EVT23128,Private Wedding,U14255,Gal Oya Kudugala Village Eco Trek,Ampara,Eastern,2025-03-21,7.14123,81.4463,7.14204,81.44691,GPS Auto-Tag,112.5,86.9,High,True
EVT23129,Live Music Night,U10351,Beruwala Beach Resort Leisure,Kalutara,Western,2023-07-24,6.48496,80.00083,6.48496,80.00193,GPS Auto-Tag,121.3,85.9,High,True
EVT23130,Corporate Retreat Event,U02503,Gal Oya Kudugala Village Eco Trek,Ampara,Eastern,2025-05-19,7.17226,81.44332,7.23339,81.41239,Typed Address,7593.1,0.0,Very Low,False
EVT23131,Full Moon Party,U14239,Bogoda Wooden Bridge,Badulla,Uva,2025-02-12,6.97096,81.01327,6.96443,81.01515,Manual Map Pin,754.4,38.9,Low,False
EVT23132,Temple/Kovil Special Pooja,U10810,Knuckles Conservation Forest Walk,Kandy/Matale,Central,2025-10-15,7.46549,80.78485,7.46638,80.7872,GPS Auto-Tag,276.8,70.8,Medium,True
EVT23133,Food & Craft Fair,U12097,Nuwara Eliya April Season,Nuwara Eliya,Central,2023-05-07,6.94654,80.7844,6.96966,80.77836,Manual Map Pin,2651.7,3.6,Very Low,False
EVT23134,Temple/Kovil Special Pooja,U08389,Delft Island,Jaffna,Northern,2023-05-25,9.52117,79.6741,9.51984,79.67365,GPS Auto-Tag,155.8,82.3,Medium,True
EVT23135,Full Moon Party,U15984,Dowa Rock Temple,Badulla,Uva,2023-11-22,6.8849,81.04698,6.8777,81.03645,Manual Map Pin,1408.6,17.2,Very Low,False
EVT23136,Temple/Kovil Special Pooja,U13654,Madu Ganga Mangrove Boat Tour,Galle,Southern,2025-02-01,6.26273,80.03997,6.26566,80.04845,Manual Map Pin,990.9,29.0,Very Low,False
EVT23137,Temple/Kovil Special Pooja,U08688,Minneriya Elephant Gathering,Polonnaruwa,North Central,2025-12-21,8.02383,80.89507,8.02159,80.89517,GPS Auto-Tag,248.6,73.3,Medium,True
EVT23138,Live Music Night,U15926,Kosgoda Turtle Hatchery,Galle,Southern,2025-12-11,6.07352,79.99929,6.06044,79.99744,Manual Map Pin,1466.4,16.0,Very Low,False
EVT23139,Corporate Retreat Event,U07624,Anuradhapura Cycling Tour,Anuradhapura,North Central,2023-05-27,8.3219,80.41956,8.32444,80.49659,Typed Address,8464.4,0.0,Very Low,False
EVT23140,Full Moon Party,U12041,Rekawa Turtle Conservation,Hambantota,Southern,2025-01-15,6.03361,80.83105,6.03519,80.82749,GPS Auto-Tag,429.5,58.5,Low,False
EVT23141,Pop-up Local Festival,U01121,Rathnapura Gem Mining Tour,Ratnapura,Sabaragamuwa,2024-06-11,6.6809,80.40226,6.68486,80.40806,Manual Map Pin,776.1,37.9,Low,False
EVT23142,Private Wedding,U00054,Hurulu Eco Park,Polonnaruwa,North Central,2024-07-16,8.17344,80.87516,8.20682,80.83703,Typed Address,5592.0,0.1,Very Low,False
EVT23143,Temple/Kovil Special Pooja,U15610,Wadduwa Beach Escape,Kalutara,Western,2025-07-21,6.63777,79.92785,6.65162,79.88397,Typed Address,5075.5,0.2,Very Low,False
EVT23144,Corporate Retreat Event,U03160,Panama Village,Ampara,Eastern,2024-08-29,6.9395,81.77753,6.94102,81.77589,GPS Auto-Tag,247.5,73.4,Medium,True
EVT23145,Pop-up Local Festival,U14257,Gal Oya Kudugala Village Eco Trek,Ampara,Eastern,2024-08-28,7.18004,81.45688,7.1904,81.45494,Manual Map Pin,1169.9,23.2,Very Low,False
EVT23146,Beach Party,U14678,Adam's Peak (Sri Pada) Climb,Ratnapura,Sabaragamuwa,2024-08-29,6.80684,80.51133,6.79961,80.50267,Manual Map Pin,1247.4,21.0,Very Low,False
EVT23147,Private Wedding,U10469,Arugam Bay Surfing,Ampara,Eastern,2025-01-14,6.83928,81.83442,6.84192,81.8345,GPS Auto-Tag,292.7,69.4,Medium,True
EVT23148,Community New Year Carnival,U07163,Rekawa Turtle Conservation,Hambantota,Southern,2025-05-12,6.0587,80.85375,6.07698,80.84195,Manual Map Pin,2411.1,4.9,Very Low,False
EVT23149,Corporate Retreat Event,U02180,Sinhala & Tamil New Year Village Games,Anuradhapura,North Central,2024-12-22,8.32828,80.3959,8.3292,80.39308,GPS Auto-Tag,325.4,66.6,Medium,True
EVT23150,Temple/Kovil Special Pooja,U09169,Kalpitiya Kite Surfing,Puttalam,North Western,2024-04-27,8.22243,79.78795,8.22484,79.78741,GPS Auto-Tag,274.0,71.0,Medium,True
EVT23151,Private Wedding,U16456,Bopath Ella Falls Trek,Ratnapura,Sabaragamuwa,2025-02-19,6.70681,80.37166,6.67919,80.34345,Typed Address,4366.9,0.4,Very Low,False
EVT23152,Corporate Retreat Event,U05191,Colombo Galle Face & City Tour,Colombo,Western,2024-05-21,6.93484,79.86887,6.93549,79.87148,GPS Auto-Tag,296.7,69.0,Medium,True
EVT23153,Beach Party,U09985,Dowa Rock Temple,Badulla,Uva,2024-01-11,6.88752,81.04987,6.88907,81.05171,GPS Auto-Tag,265.9,71.7,Medium,True
EVT23154,Private Wedding,U02237,Gal Oya Kudugala Village Eco Trek,Ampara,Eastern,2023-09-08,7.16159,81.44898,7.16458,81.44911,GPS Auto-Tag,331.8,66.1,Medium,True
EVT23155,Community New Year Carnival,U12394,Minneriya Elephant Gathering,Polonnaruwa,North Central,2024-10-07,8.03497,80.93015,8.03685,80.93081,GPS Auto-Tag,221.5,75.8,Medium,True
EVT23156,Village Perahera,U00495,Horton Plains & World's End Hike,Nuwara Eliya,Central,2024-11-14,6.78798,80.79598,6.74947,80.81777,Typed Address,4904.0,0.2,Very Low,False
EVT23157,Village Perahera,U02550,Kalpitiya Kite Surfing,Puttalam,North Western,2023-01-26,8.25296,79.77359,8.24621,79.77761,Manual Map Pin,869.6,33.7,Low,False
EVT23158,Pop-up Local Festival,U16918,Negombo Lagoon Boat Ride,Gampaha,Western,2025-08-06,7.21426,79.83376,7.2145,79.83401,GPS Auto-Tag,37.7,95.4,High,True
EVT23159,Food & Craft Fair,U01644,Wadduwa Beach Escape,Kalutara,Western,2024-11-07,6.65943,79.92388,6.66186,79.92364,GPS Auto-Tag,270.2,71.3,Medium,True
EVT23160,Beach Party,U15348,Madunagala Hot Springs,Hambantota,Southern,2023-08-02,6.28243,81.22737,6.28195,81.22555,GPS Auto-Tag,208.2,77.1,Medium,True
EVT23161,Village Perahera,U10536,Peak Wilderness Sanctuary Trek,Ratnapura,Sabaragamuwa,2024-09-08,6.80044,80.51952,6.79688,80.51963,GPS Auto-Tag,394.5,61.1,Medium,True
EVT23162,Live Music Night,U01037,Bogoda Wooden Bridge,Badulla,Uva,2025-09-06,6.96402,81.0041,6.98099,80.99853,Manual Map Pin,1981.6,8.4,Very Low,False
EVT23163,Pop-up Local Festival,U05632,Nuwara Eliya April Season,Nuwara Eliya,Central,2023-09-30,6.94908,80.79163,6.94942,80.79059,GPS Auto-Tag,120.5,86.0,High,True
EVT23164,Food & Craft Fair,U08386,Unawatuna Beach,Galle,Southern,2025-11-01,6.00983,80.24894,5.99492,80.24285,Manual Map Pin,1787.6,10.7,Very Low,False
EVT23165,Community New Year Carnival,U01853,Pigeon Island Snorkeling,Trincomalee,Eastern,2023-07-24,8.72446,81.19167,8.72587,81.19214,GPS Auto-Tag,165.2,81.3,Medium,True
EVT23166,Pop-up Local Festival,U10305,Colombo Galle Face & City Tour,Colombo,Western,2025-12-13,6.93051,79.8642,6.93164,79.86272,GPS Auto-Tag,206.0,77.3,Medium,True
EVT23167,Temple/Kovil Special Pooja,U10054,St. Clair's & Devon Falls Viewpoint,Nuwara Eliya,Central,2024-03-05,7.04898,80.64986,7.04889,80.64953,GPS Auto-Tag,37.9,95.4,High,True
EVT23168,Food & Craft Fair,U01797,Bogoda Wooden Bridge,Badulla,Uva,2023-12-10,6.96395,81.01382,6.96699,81.01154,Manual Map Pin,420.3,59.1,Low,False
EVT23169,Community New Year Carnival,U07633,Wilpattu National Park Safari,Puttalam,North Western,2023-04-11,8.46565,80.05485,8.46375,80.0548,GPS Auto-Tag,211.3,76.8,Medium,True
EVT23170,Beach Party,U11420,St. Clair's & Devon Falls Viewpoint,Nuwara Eliya,Central,2025-07-20,7.02737,80.65828,7.02654,80.65845,GPS Auto-Tag,94.8,88.8,High,True
EVT23171,Temple/Kovil Special Pooja,U14022,"Christmas Celebrations, Negombo",Gampaha,Western,2025-05-03,7.20874,79.83718,7.20615,79.83117,Typed Address,721.7,40.6,Low,False
EVT23172,Live Music Night,U10659,Laxapana Falls Trek,Nuwara Eliya,Central,2025-02-19,6.94791,80.49566,6.94829,80.49622,GPS Auto-Tag,74.8,91.1,High,True
EVT23173,Corporate Retreat Event,U13213,Unawatuna Beach,Galle,Southern,2025-06-02,5.98888,80.24606,5.98763,80.24412,GPS Auto-Tag,254.9,72.7,Medium,True
EVT23174,Village Perahera,U12050,Colombo Galle Face & City Tour,Colombo,Western,2024-08-03,6.9145,79.8602,6.91486,79.86379,GPS Auto-Tag,397.5,60.8,Medium,True
EVT23175,Live Music Night,U09235,Kandy Esala Perahera,Kandy,Central,2025-08-06,7.30024,80.63815,7.31281,80.65623,Manual Map Pin,2430.6,4.8,Very Low,False
EVT23176,Live Music Night,U08568,Madunagala Hot Springs,Hambantota,Southern,2023-11-17,6.26175,81.22896,6.26881,81.22418,Manual Map Pin,944.6,30.7,Low,False
EVT23177,Private Wedding,U10806,Kumana National Park Birding & Safari,Ampara,Eastern,2023-07-31,6.56438,81.66421,6.56489,81.66523,GPS Auto-Tag,125.2,85.5,High,True
EVT23178,Corporate Retreat Event,U16917,Minneriya-Kaudulla Elephant Corridor,Polonnaruwa,North Central,2025-08-27,8.0516,80.96308,8.10393,80.97894,Typed Address,6064.2,0.1,Very Low,False
EVT23179,Full Moon Party,U00174,Kandy Lake Evening Walk,Kandy,Central,2024-10-06,7.2886,80.6523,7.31633,80.70184,Typed Address,6263.8,0.0,Very Low,False
EVT23180,Food & Craft Fair,U17451,Pasikuda Beach,Batticaloa,Eastern,2023-03-25,7.93232,81.55993,7.93328,81.56334,GPS Auto-Tag,390.0,61.4,Medium,True
EVT23181,Live Music Night,U09778,Nallur Festival (Nallur Kandaswamy Kovil),Jaffna,Northern,2025-07-12,9.67719,80.02114,9.67048,80.00914,Manual Map Pin,1508.9,15.2,Very Low,False
EVT23182,Private Wedding,U15775,Laxapana Falls Trek,Nuwara Eliya,Central,2025-09-03,6.92482,80.50219,6.92406,80.50252,GPS Auto-Tag,91.7,89.2,High,True
EVT23183,Village Perahera,U00314,Hiriwadunna Village,Anuradhapura,North Central,2025-05-20,7.97986,80.75635,7.98989,80.7537,Manual Map Pin,1151.1,23.7,Very Low,False
EVT23184,Beach Party,U05910,Laxapana Falls Trek,Nuwara Eliya,Central,2024-08-31,6.93118,80.46923,6.93436,80.46018,Manual Map Pin,1058.5,26.6,Very Low,False
EVT23185,Full Moon Party,U16601,Knuckles Conservation Forest Walk,Kandy/Matale,Central,2024-05-31,7.45924,80.7976,7.45044,80.8068,Manual Map Pin,1406.2,17.2,Very Low,False
EVT23186,Private Wedding,U11802,Gal Oya Boat Safari,Ampara,Eastern,2023-07-09,7.15362,81.44692,7.15539,81.44662,GPS Auto-Tag,200.0,77.9,Medium,True
EVT23187,Live Music Night,U15291,Rekawa Turtle Conservation,Hambantota,Southern,2025-11-22,6.06312,80.82281,6.06468,80.82375,GPS Auto-Tag,201.5,77.7,Medium,True
EVT23188,Village Perahera,U07802,Adam's Peak (Sri Pada) Climb,Ratnapura,Sabaragamuwa,2025-08-09,6.80971,80.49937,6.86531,80.52166,Typed Address,6642.5,0.0,Very Low,False
EVT23189,Temple/Kovil Special Pooja,U13233,Madunagala Hot Springs,Hambantota,Southern,2023-03-06,6.2489,81.24126,6.2724,81.23847,Typed Address,2626.3,3.8,Very Low,False
EVT23190,Pop-up Local Festival,U00283,Deepavali Festival (Colombo Kovils),Colombo,Western,2025-03-21,6.87875,79.86389,6.87651,79.84768,Manual Map Pin,1803.7,10.5,Very Low,False
EVT23191,Full Moon Party,U13667,Kayts Island,Jaffna,Northern,2023-03-22,9.68964,79.997,9.69894,80.0608,Typed Address,7056.3,0.0,Very Low,False
EVT23192,Community New Year Carnival,U04969,Sera Ella Waterfall,Matale,Central,2024-08-08,7.5298,80.68267,7.51976,80.68896,Manual Map Pin,1311.8,19.4,Very Low,False
EVT23193,Corporate Retreat Event,U12323,Wewurukannala & Buduruwagala Carvings,Badulla/Monaragala,Uva,2024-10-29,6.71013,81.1892,6.60843,81.21361,Typed Address,11605.3,0.0,Very Low,False
EVT23194,Full Moon Party,U06302,Udawalawe Elephant Transit Home,Ratnapura,Sabaragamuwa,2025-05-01,6.42296,80.88505,6.42553,80.88622,GPS Auto-Tag,313.2,67.6,Medium,True
EVT23195,Live Music Night,U02957,Wadduwa Beach Escape,Kalutara,Western,2023-03-11,6.64277,79.92115,6.64819,79.92671,Manual Map Pin,858.1,34.2,Low,False
EVT23196,Corporate Retreat Event,U12708,Victoria Park Nuwara Eliya,Nuwara Eliya,Central,2023-01-24,6.95787,80.75277,6.97179,80.75452,Manual Map Pin,1557.1,14.3,Very Low,False
EVT23197,Temple/Kovil Special Pooja,U15975,Beddagana Wetland Park,Colombo,Western,2024-05-25,6.90547,79.91087,6.90498,79.90961,GPS Auto-Tag,149.0,83.0,Medium,True
EVT23198,Community New Year Carnival,U16418,Vidattaltivu Lagoon,Mannar,Northern,2024-02-16,8.95297,80.04105,8.95232,80.04377,GPS Auto-Tag,306.6,68.2,Medium,True
EVT23199,Private Wedding,U00989,Bellanwila-Attidiya Sanctuary,Colombo,Western,2023-09-19,6.82679,79.89022,6.82693,79.89143,GPS Auto-Tag,134.1,84.6,Medium,True
EVT23200,Beach Party,U13799,Sinhala & Tamil New Year Village Games,Anuradhapura,North Central,2025-04-28,8.33297,80.40716,8.33369,80.40648,GPS Auto-Tag,109.7,87.2,High,True
EVT23201,Community New Year Carnival,U07852,Beddagana Wetland Park,Colombo,Western,2024-01-18,6.89907,79.90943,6.82962,79.97804,Typed Address,10798.5,0.0,Very Low,False
EVT23202,Private Wedding,U09391,Unawatuna Beach,Galle,Southern,2023-01-15,6.00044,80.23076,6.03906,80.16919,Typed Address,8035.7,0.0,Very Low,False
EVT23203,Beach Party,U11180,Weligama Surf School,Matara,Southern,2023-11-01,5.97877,80.4251,5.97957,80.42655,GPS Auto-Tag,183.6,79.5,Medium,True
EVT23204,Food & Craft Fair,U01949,Diyasaru Wetland Park,Colombo,Western,2024-03-17,6.87915,79.90718,6.87954,79.9083,GPS Auto-Tag,130.6,84.9,Medium,True
EVT23205,Village Perahera,U12482,Diyasaru Wetland Park,Colombo,Western,2023-04-19,6.89498,79.90499,6.89382,79.90697,GPS Auto-Tag,252.8,72.9,Medium,True
EVT23206,Temple/Kovil Special Pooja,U00363,Hurulu Eco Park,Polonnaruwa,North Central,2023-10-07,8.16183,80.89141,8.15368,80.88375,Manual Map Pin,1236.2,21.3,Very Low,False
EVT23207,Private Wedding,U09215,Meemure Village,Kandy,Central,2024-03-20,7.45997,80.80288,7.46174,80.79154,Manual Map Pin,1263.2,20.6,Very Low,False
EVT23208,Private Wedding,U10865,Wasgamuwa National Park Safari,Matale/Polonnaruwa,Central,2024-06-26,7.78938,80.92507,7.78843,80.92516,GPS Auto-Tag,106.0,87.6,High,True
EVT23209,Village Perahera,U02369,Royal Botanical Garden Peradeniya,Kandy,Central,2025-10-02,7.26914,80.59103,7.27124,80.58943,GPS Auto-Tag,292.7,69.4,Medium,True
EVT23210,Food & Craft Fair,U09177,Anawilundawa Ramsar Wetland,Puttalam,North Western,2024-12-08,7.74526,79.81295,7.74406,79.81115,GPS Auto-Tag,238.8,74.2,Medium,True
EVT23211,Full Moon Party,U07840,Nuwara Eliya Gregory Lake Boating,Nuwara Eliya,Central,2024-05-20,6.94884,80.77313,6.95021,80.77448,GPS Auto-Tag,212.8,76.6,Medium,True
EVT23212,Village Perahera,U17270,Pigeon Island Snorkeling,Trincomalee,Eastern,2025-09-15,8.70793,81.20791,8.65991,81.22631,Typed Address,5699.2,0.1,Very Low,False
EVT23213,Community New Year Carnival,U08426,Kanneliya Rainforest Reserve,Galle,Southern,2025-10-02,6.21352,80.32819,6.21508,80.32741,GPS Auto-Tag,193.5,78.5,Medium,True
EVT23214,Beach Party,U09523,Kandy Esala Perahera,Kandy,Central,2024-12-29,7.29051,80.6387,7.28792,80.63854,GPS Auto-Tag,288.0,69.8,Medium,True
EVT23215,Full Moon Party,U16751,Bopath Ella Falls Trek,Ratnapura,Sabaragamuwa,2024-05-18,6.73981,80.37542,6.74117,80.37694,GPS Auto-Tag,224.9,75.5,Medium,True
EVT23216,Corporate Retreat Event,U11899,Kochchikade St. Anthony's Feast,Colombo,Western,2023-10-16,6.93256,79.85404,6.93178,79.855,GPS Auto-Tag,136.8,84.3,Medium,True
EVT23217,Live Music Night,U17901,Lipton's Seat Viewpoint,Badulla,Uva,2024-10-20,6.80502,81.08494,6.80385,81.0876,GPS Auto-Tag,321.1,66.9,Medium,True
EVT23218,Temple/Kovil Special Pooja,U11266,Arugam Bay Surfing,Ampara,Eastern,2024-04-09,6.82461,81.83654,6.91288,81.7943,Typed Address,10847.7,0.0,Very Low,False
EVT23219,Pop-up Local Festival,U10358,Pigeon Island Snorkeling,Trincomalee,Eastern,2025-06-27,8.70921,81.2026,8.72684,81.19709,Manual Map Pin,2048.4,7.7,Very Low,False
EVT23220,Beach Party,U13138,Diyaluma Infinity Pools,Badulla,Uva,2025-01-08,6.7313,81.0383,6.7072,81.00797,Typed Address,4281.9,0.5,Very Low,False
EVT23221,Private Wedding,U01298,Muthurajawela Marsh Boat Safari,Gampaha,Western,2025-10-29,7.07467,79.86126,7.07497,79.86275,GPS Auto-Tag,167.6,81.1,Medium,True
EVT23222,Full Moon Party,U07259,Anuradhapura Cycling Tour,Anuradhapura,North Central,2023-10-26,8.31855,80.38885,8.3198,80.39162,GPS Auto-Tag,334.6,65.8,Medium,True
EVT23223,Pop-up Local Festival,U12929,Anuradhapura Cycling Tour,Anuradhapura,North Central,2023-06-02,8.30182,80.42006,8.27227,80.43473,Manual Map Pin,3654.4,1.0,Very Low,False
EVT23224,Beach Party,U16417,Sinhala & Tamil New Year Village Games,Anuradhapura,North Central,2024-10-27,8.32345,80.40064,8.32212,80.39981,GPS Auto-Tag,173.2,80.5,Medium,True
EVT23225,Full Moon Party,U02341,Deepavali Festival (Colombo Kovils),Colombo,Western,2023-01-12,6.8795,79.8555,6.87944,79.85553,GPS Auto-Tag,6.8,99.2,High,True
EVT23226,Full Moon Party,U04907,Induruwa Turtle Conservation,Galle,Southern,2025-01-10,6.04368,80.04672,6.1153,80.04735,Typed Address,7950.4,0.0,Very Low,False
EVT23227,Food & Craft Fair,U03510,Kumana National Park Birding & Safari,Ampara,Eastern,2024-02-14,6.57254,81.65356,6.57436,81.65412,GPS Auto-Tag,211.2,76.8,Medium,True
EVT23228,Temple/Kovil Special Pooja,U05513,Bambarakanda Falls,Badulla,Uva,2025-10-06,6.78178,80.82145,6.78325,80.82104,GPS Auto-Tag,169.3,80.9,Medium,True
EVT23229,Temple/Kovil Special Pooja,U14943,Kitulgala White Water Rafting,Kegalle,Sabaragamuwa,2023-08-19,6.97487,80.41124,6.97417,80.4079,GPS Auto-Tag,375.4,62.5,Medium,True
EVT23230,Village Perahera,U01580,Sera Ella Waterfall,Matale,Central,2024-08-22,7.55281,80.70563,7.58284,80.70163,Typed Address,3363.1,1.5,Very Low,False
EVT23231,Private Wedding,U14805,Muhudu Maha Vihara,Hambantota,Southern,2024-05-03,6.33921,81.4726,6.33598,81.47241,GPS Auto-Tag,359.7,63.8,Medium,True
EVT23232,Corporate Retreat Event,U12222,Kayts Island,Jaffna,Northern,2024-05-10,9.67066,79.99353,9.63603,79.99697,Typed Address,3862.2,0.8,Very Low,False
EVT23233,Corporate Retreat Event,U10486,Nuwara Eliya April Season,Nuwara Eliya,Central,2024-01-04,6.9686,80.79071,6.96783,80.7891,GPS Auto-Tag,197.1,78.2,Medium,True
EVT23234,Beach Party,U06759,Nallur Festival (Nallur Kandaswamy Kovil),Jaffna,Northern,2024-01-13,9.67044,80.03284,9.67045,80.03597,GPS Auto-Tag,342.9,65.1,Medium,True
EVT23235,Temple/Kovil Special Pooja,U16316,Panama-Kudumbigala Eco Reserve,Ampara,Eastern,2025-08-15,6.90252,81.7784,6.91634,81.7683,Manual Map Pin,1895.0,9.4,Very Low,False
EVT23236,Temple/Kovil Special Pooja,U16694,Peak Wilderness Sanctuary Trek,Ratnapura,Sabaragamuwa,2025-09-22,6.799,80.49358,6.78757,80.48011,Manual Map Pin,1953.8,8.7,Very Low,False
EVT23237,Community New Year Carnival,U00483,Udawalawe National Park Safari,Ratnapura/Moneragala,Sabaragamuwa,2025-04-07,6.4473,80.88643,6.44808,80.88692,GPS Auto-Tag,102.5,88.0,High,True
EVT23238,Beach Party,U00566,Galle Fort Walking Tour,Galle,Southern,2024-01-09,6.02821,80.20237,6.02537,80.179,Typed Address,2599.5,3.9,Very Low,False
EVT23239,Community New Year Carnival,U15129,Panama Village,Ampara,Eastern,2025-02-22,6.94645,81.77519,6.94532,81.77652,GPS Auto-Tag,192.9,78.6,Medium,True
EVT23240,Community New Year Carnival,U09951,Anuradhapura Cycling Tour,Anuradhapura,North Central,2023-11-03,8.3006,80.38968,8.29856,80.39841,Manual Map Pin,985.2,29.2,Very Low,False
EVT23241,Pop-up Local Festival,U07485,Udawalawe Elephant Transit Home,Ratnapura,Sabaragamuwa,2024-09-30,6.42304,80.89238,6.42487,80.89104,GPS Auto-Tag,251.5,73.0,Medium,True
EVT23242,Full Moon Party,U01740,Sinharaja Rainforest Trekking,Ratnapura/Galle,Sabaragamuwa,2025-02-10,6.39248,80.50048,6.4183,80.56681,Typed Address,7858.1,0.0,Very Low,False
EVT23243,Food & Craft Fair,U14326,Gal Oya Kudugala Village Eco Trek,Ampara,Eastern,2024-07-13,7.16279,81.4596,7.1644,81.46266,Manual Map Pin,381.6,62.1,Medium,True
EVT23244,Food & Craft Fair,U14204,Weligama Surf School,Matara,Southern,2025-01-31,5.98468,80.43254,6.0539,80.47218,Typed Address,8842.5,0.0,Very Low,False
EVT23245,Beach Party,U07362,Minneriya Elephant Gathering,Polonnaruwa,North Central,2024-01-17,8.01319,80.88542,8.01369,80.88334,GPS Auto-Tag,234.8,74.6,Medium,True
EVT23246,Live Music Night,U06667,Ambalangoda Mask Museum,Galle,Southern,2025-07-22,6.23658,80.04187,6.23529,80.04258,GPS Auto-Tag,163.0,81.6,Medium,True
EVT23247,Corporate Retreat Event,U17979,Sinharaja Forest Reserve Nature Walk,Ratnapura/Galle,Sabaragamuwa,2025-08-23,6.39327,80.51203,6.39254,80.5137,GPS Auto-Tag,200.9,77.8,Medium,True
EVT23248,Corporate Retreat Event,U13082,Pasikuda Beach,Batticaloa,Eastern,2023-09-03,7.93203,81.57965,7.93241,81.57926,GPS Auto-Tag,60.9,92.7,High,True
EVT23249,Village Perahera,U16115,Mannar Bird Migration Watching,Mannar,Northern,2025-02-25,8.98865,79.91474,8.99032,79.91325,GPS Auto-Tag,247.0,73.4,Medium,True
EVT23250,Food & Craft Fair,U09182,Ravana Caves & Ella Wala Pool,Badulla,Uva,2025-04-30,6.85084,81.03693,6.9018,81.05658,Typed Address,6057.4,0.1,Very Low,False
EVT23251,Live Music Night,U15002,Victoria Park Nuwara Eliya,Nuwara Eliya,Central,2024-03-19,6.95203,80.75563,6.95237,80.75404,GPS Auto-Tag,179.1,79.9,Medium,True
EVT23252,Food & Craft Fair,U10409,Minneriya-Kaudulla Elephant Corridor,Polonnaruwa,North Central,2025-05-10,8.04913,80.94421,8.05084,80.94411,GPS Auto-Tag,190.8,78.8,Medium,True
EVT23253,Full Moon Party,U07425,Thalangama Wetland Birdwatching,Colombo,Western,2025-04-11,6.89747,79.92202,6.89798,79.91837,GPS Auto-Tag,406.1,60.2,Medium,True
EVT23254,Full Moon Party,U00682,Kalpitiya Dolphin Watching Eco Tour,Puttalam,North Western,2023-07-02,8.25737,79.77191,8.25644,79.75804,Manual Map Pin,1526.7,14.8,Very Low,False
EVT23255,Pop-up Local Festival,U13248,Sinharaja Forest Reserve Nature Walk,Ratnapura/Galle,Sabaragamuwa,2023-02-24,6.39427,80.51939,6.40987,80.51608,Typed Address,1769.8,10.9,Very Low,False
EVT23256,Corporate Retreat Event,U12189,Rekawa Turtle Conservation,Hambantota,Southern,2025-01-09,6.06431,80.8575,6.06573,80.85765,GPS Auto-Tag,158.9,82.0,Medium,True
EVT23257,Village Perahera,U08560,Sera Ella Waterfall,Matale,Central,2025-10-03,7.53905,80.66911,7.5606,80.65559,Typed Address,2817.3,3.0,Very Low,False
EVT23258,Private Wedding,U16497,Delft Island,Jaffna,Northern,2024-03-24,9.52662,79.66029,9.52212,79.69529,Typed Address,3863.1,0.8,Very Low,False
EVT23259,Beach Party,U14410,Trincomalee Whale Watching,Trincomalee,Eastern,2024-08-13,8.56454,81.22038,8.56893,81.22174,Manual Map Pin,509.6,52.9,Low,False
EVT23260,Private Wedding,U02905,Kalametiya Bird Sanctuary,Hambantota,Southern,2023-09-25,6.07075,80.94038,6.04118,80.97234,Typed Address,4818.4,0.2,Very Low,False
EVT23261,Live Music Night,U01825,Pigeon Island Snorkeling,Trincomalee,Eastern,2024-11-24,8.71496,81.20156,8.72829,81.2238,Manual Map Pin,2853.7,2.8,Very Low,False
EVT23262,Full Moon Party,U00546,Adam's Peak (Sri Pada) Climb,Ratnapura,Sabaragamuwa,2025-06-19,6.81558,80.51657,6.801,80.55472,Typed Address,4505.0,0.4,Very Low,False
EVT23263,Pop-up Local Festival,U04212,Hakgala Botanical Garden,Nuwara Eliya,Central,2023-12-02,6.89253,80.77717,6.88509,80.761,Manual Map Pin,1963.6,8.6,Very Low,False
EVT23264,Private Wedding,U17614,Wilpattu National Park Safari,Puttalam,North Western,2023-03-16,8.44111,80.05901,8.41255,80.081,Typed Address,3984.2,0.7,Very Low,False
EVT23265,Pop-up Local Festival,U03486,Muhudu Maha Vihara,Hambantota,Southern,2023-10-31,6.33371,81.48003,6.32509,81.4891,Manual Map Pin,1383.4,17.7,Very Low,False
EVT23266,Community New Year Carnival,U11617,Kumana National Park Birding & Safari,Ampara,Eastern,2025-10-19,6.58308,81.67165,6.58116,81.66743,Manual Map Pin,512.1,52.7,Low,False
EVT23267,Live Music Night,U06801,Bundala Wetland Birdwatching,Hambantota,Southern,2023-03-15,6.18628,81.21086,6.18082,81.20968,Manual Map Pin,620.0,46.1,Low,False
EVT23268,Live Music Night,U13549,Kalametiya Bird Sanctuary,Hambantota,Southern,2023-07-23,6.05261,80.93951,6.02424,80.94356,Typed Address,3180.4,1.9,Very Low,False
EVT23269,Village Perahera,U13324,Kosgoda Turtle Hatchery,Galle,Southern,2025-09-18,6.08819,80.00962,6.11943,80.00448,Typed Address,3513.9,1.2,Very Low,False
EVT23270,Beach Party,U11266,Arugam Bay Surfing,Ampara,Eastern,2023-03-21,6.82741,81.82701,6.81439,81.82601,Manual Map Pin,1448.9,16.3,Very Low,False
EVT23271,Pop-up Local Festival,U01327,Sera Ella Waterfall,Matale,Central,2024-08-20,7.52417,80.67441,7.5291,80.67108,Manual Map Pin,658.3,43.9,Low,False
EVT23272,Temple/Kovil Special Pooja,U12835,Kosgoda Turtle Hatchery,Galle,Southern,2023-09-16,6.09519,80.01795,6.09498,80.01718,GPS Auto-Tag,87.8,89.6,High,True
EVT23273,Village Perahera,U04530,Polonnaruwa Cycling Tour,Polonnaruwa,North Central,2023-09-13,7.9474,81.01476,7.92103,81.02229,Manual Map Pin,3041.7,2.2,Very Low,False
EVT23274,Village Perahera,U17695,Wilpattu National Park Safari,Puttalam,North Western,2025-09-01,8.44742,80.05129,8.4487,80.05227,GPS Auto-Tag,178.3,80.0,Medium,True
EVT23275,Food & Craft Fair,U10664,Wewurukannala & Buduruwagala Carvings,Badulla/Monaragala,Uva,2025-04-28,6.72662,81.16661,6.73997,81.16478,Typed Address,1495.1,15.4,Very Low,False
EVT23276,Temple/Kovil Special Pooja,U01755,Dowa Rock Temple,Badulla,Uva,2024-07-08,6.86932,81.03935,6.85495,81.01626,Manual Map Pin,3002.7,2.3,Very Low,False
EVT23277,Food & Craft Fair,U08337,Muthurajawela Marsh Boat Safari,Gampaha,Western,2025-02-16,7.06267,79.88493,7.05838,79.91868,Typed Address,3748.0,0.9,Very Low,False
EVT23278,Corporate Retreat Event,U05684,Bopath Ella Falls Trek,Ratnapura,Sabaragamuwa,2024-05-22,6.73342,80.37438,6.73236,80.37557,GPS Auto-Tag,175.4,80.3,Medium,True
EVT23279,Private Wedding,U13450,Wewurukannala & Buduruwagala Carvings,Badulla/Monaragala,Uva,2024-07-24,6.70621,81.15697,6.68129,81.10495,Typed Address,6366.1,0.0,Very Low,False
EVT23280,Full Moon Party,U11616,Gal Oya Kudugala Village Eco Trek,Ampara,Eastern,2025-11-18,7.15126,81.44827,7.11708,81.46326,Typed Address,4138.2,0.6,Very Low,False
EVT23281,Live Music Night,U07228,Knuckles Conservation Forest Walk,Kandy/Matale,Central,2024-10-29,7.46926,80.78926,7.46965,80.78885,GPS Auto-Tag,63.2,92.4,High,True
EVT23282,Food & Craft Fair,U09000,Minneriya Elephant Gathering,Polonnaruwa,North Central,2025-09-28,8.03896,80.91248,8.08412,80.89596,Typed Address,5331.2,0.1,Very Low,False
EVT23283,Pop-up Local Festival,U15413,Ravana Caves & Ella Wala Pool,Badulla,Uva,2025-02-13,6.84734,81.04673,6.92449,81.10444,Typed Address,10666.7,0.0,Very Low,False
EVT23284,Village Perahera,U12669,Bentota River Safari & Beach,Galle,Southern,2024-06-16,6.42583,80.0059,6.42436,80.00548,GPS Auto-Tag,170.3,80.8,Medium,True
EVT23285,Food & Craft Fair,U02412,Sinharaja Rainforest Trekking,Ratnapura/Galle,Sabaragamuwa,2024-06-16,6.40777,80.50063,6.40794,80.50167,GPS Auto-Tag,116.5,86.4,High,True
EVT23286,Beach Party,U17867,Tangalle Beach Escape,Hambantota,Southern,2023-10-29,6.02834,80.79455,6.02901,80.79207,Manual Map Pin,283.7,70.1,Medium,True
EVT23287,Full Moon Party,U01837,Udawalawe National Park Safari,Ratnapura/Moneragala,Sabaragamuwa,2025-08-27,6.46515,80.88901,6.46471,80.88884,GPS Auto-Tag,53.1,93.6,High,True
EVT23288,Pop-up Local Festival,U03213,Rathnapura Gem Mining Tour,Ratnapura,Sabaragamuwa,2024-10-05,6.68519,80.42499,6.68615,80.42521,GPS Auto-Tag,109.4,87.2,High,True
EVT23289,Beach Party,U10955,Kalpitiya Kite Surfing,Puttalam,North Western,2024-06-11,8.20819,79.7442,8.20683,79.74615,GPS Auto-Tag,262.5,72.0,Medium,True
EVT23290,Full Moon Party,U06223,Ambalangoda Mask Museum,Galle,Southern,2025-09-29,6.2406,80.06625,6.23836,80.06363,GPS Auto-Tag,380.7,62.1,Medium,True
EVT23291,Village Perahera,U04560,Nuwara Eliya Tea Factory Tour,Nuwara Eliya,Central,2023-12-22,6.98108,80.76802,6.98412,80.76708,GPS Auto-Tag,353.0,64.3,Medium,True
EVT23292,Private Wedding,U07226,Ritigala Forest Monastery,Anuradhapura,North Central,2023-02-03,8.10818,80.65255,8.09156,80.63746,Manual Map Pin,2481.1,4.5,Very Low,False
EVT23293,Private Wedding,U03241,Kalpitiya Dolphin Watching Eco Tour,Puttalam,North Western,2024-06-14,8.2381,79.74862,8.27306,79.7931,Typed Address,6239.3,0.0,Very Low,False
EVT23294,Beach Party,U00165,Bundala Wetland Birdwatching,Hambantota,Southern,2024-09-15,6.19177,81.22809,6.17285,81.18576,Typed Address,5121.6,0.2,Very Low,False
EVT23295,Village Perahera,U11217,Hikkaduwa Diving & Surfing,Galle,Southern,2023-11-24,6.13,80.10419,6.13232,80.10345,GPS Auto-Tag,269.5,71.4,Medium,True
EVT23296,Beach Party,U14567,Pasikuda Beach,Batticaloa,Eastern,2024-08-21,7.92576,81.53321,7.92564,81.53431,GPS Auto-Tag,121.6,85.9,High,True
EVT23297,Food & Craft Fair,U07695,Bopath Ella Falls Trek,Ratnapura,Sabaragamuwa,2025-06-18,6.72842,80.37101,6.73335,80.39013,Manual Map Pin,2177.4,6.6,Very Low,False
EVT23298,Pop-up Local Festival,U08211,Rekawa Turtle Conservation,Hambantota,Southern,2025-10-16,6.05548,80.84578,6.1005,80.80885,Typed Address,6448.6,0.0,Very Low,False
EVT23299,Private Wedding,U08290,Haputale Viewpoint & Tea Estates,Badulla,Uva,2023-10-12,6.75473,80.9385,6.79178,80.93348,Typed Address,4149.6,0.6,Very Low,False
EVT23300,Full Moon Party,U11508,Diyaluma Infinity Pools,Badulla,Uva,2025-03-26,6.73157,81.05772,6.73083,81.05765,GPS Auto-Tag,82.3,90.2,High,True
EVT23301,Village Perahera,U17592,Nallur Festival (Nallur Kandaswamy Kovil),Jaffna,Northern,2024-12-02,9.68158,80.02642,9.68032,80.0273,GPS Auto-Tag,169.7,80.9,Medium,True
EVT23302,Private Wedding,U10312,Wasgamuwa National Park Safari,Matale/Polonnaruwa,Central,2023-11-10,7.7878,80.94186,7.78747,80.94159,GPS Auto-Tag,47.0,94.3,High,True
EVT23303,Food & Craft Fair,U09861,Arugam Bay Surfing,Ampara,Eastern,2023-03-01,6.83724,81.84882,6.83003,81.85487,Manual Map Pin,1042.2,27.2,Very Low,False
EVT23304,Pop-up Local Festival,U15328,Kumana National Park Birding & Safari,Ampara,Eastern,2025-12-05,6.56223,81.67435,6.5496,81.70892,Typed Address,4061.5,0.6,Very Low,False
EVT23305,Beach Party,U01926,Lipton's Seat Viewpoint,Badulla,Uva,2024-01-24,6.82164,81.0731,6.80643,81.06162,Manual Map Pin,2110.2,7.2,Very Low,False
EVT23306,Live Music Night,U07807,Kalametiya Bird Sanctuary,Hambantota,Southern,2024-10-19,6.08249,80.951,6.0799,80.95343,GPS Auto-Tag,392.5,61.2,Medium,True
EVT23307,Temple/Kovil Special Pooja,U11840,Panama Village,Ampara,Eastern,2023-11-03,6.91809,81.77769,6.91971,81.77718,GPS Auto-Tag,188.5,79.0,Medium,True
EVT23308,Private Wedding,U06914,Yala National Park Safari,Hambantota,Southern,2023-10-08,6.36129,81.51436,6.36553,81.52319,Manual Map Pin,1081.6,25.9,Very Low,False
EVT23309,Community New Year Carnival,U07780,Royal Botanical Garden Peradeniya,Kandy,Central,2024-03-10,7.26318,80.58665,7.2633,80.58797,GPS Auto-Tag,146.9,83.2,Medium,True
EVT23310,Private Wedding,U00508,Horton Plains Cloud Forest Eco Walk,Nuwara Eliya,Central,2024-02-04,6.80543,80.80941,6.80374,80.80854,GPS Auto-Tag,210.6,76.9,Medium,True
EVT23311,Live Music Night,U07478,Diyaluma Infinity Pools,Badulla,Uva,2023-08-19,6.73449,81.04127,6.72976,81.04876,Manual Map Pin,978.6,29.4,Very Low,False
EVT23312,Corporate Retreat Event,U04690,Meemure Village,Kandy,Central,2024-07-17,7.44645,80.79016,7.44799,80.78389,Manual Map Pin,711.8,41.1,Low,False
EVT23313,Corporate Retreat Event,U03961,"New Year's Eve Countdown, Galle Face",Colombo,Western,2024-10-05,6.93265,79.84687,6.93259,79.85052,GPS Auto-Tag,402.7,60.4,Medium,True
EVT23314,Community New Year Carnival,U00832,Bentota River Safari & Beach,Galle,Southern,2024-03-12,6.43283,79.97274,6.42686,79.96616,Manual Map Pin,983.8,29.2,Very Low,False
EVT23315,Food & Craft Fair,U04496,Bopath Ella Falls Trek,Ratnapura,Sabaragamuwa,2024-12-08,6.72716,80.38185,6.72779,80.3827,GPS Auto-Tag,117.1,86.4,High,True
EVT23316,Community New Year Carnival,U05627,Madunagala Hot Springs,Hambantota,Southern,2023-05-24,6.25267,81.21236,6.25347,81.21634,GPS Auto-Tag,448.6,57.1,Low,False
EVT23317,Corporate Retreat Event,U16953,Weligama Surf School,Matara,Southern,2023-12-11,5.97335,80.4311,5.97517,80.4358,Manual Map Pin,557.2,49.8,Low,False
EVT23318,Village Perahera,U17438,Knuckles Conservation Forest Walk,Kandy/Matale,Central,2023-10-01,7.46817,80.77673,7.4701,80.77827,GPS Auto-Tag,273.1,71.1,Medium,True
EVT23319,Live Music Night,U12827,Bopath Ella Falls Trek,Ratnapura,Sabaragamuwa,2023-12-28,6.75105,80.38634,6.7523,80.38678,GPS Auto-Tag,147.4,83.2,Medium,True
EVT23320,Beach Party,U16805,Kanniya Hot Springs,Trincomalee,Eastern,2023-04-01,8.58962,81.16276,8.59006,81.1648,GPS Auto-Tag,229.5,75.1,Medium,True
EVT23321,Village Perahera,U05320,Hakgala Botanical Garden,Nuwara Eliya,Central,2024-05-29,6.91243,80.75618,6.91192,80.75574,GPS Auto-Tag,74.1,91.2,High,True
EVT23322,Pop-up Local Festival,U15911,Anawilundawa Ramsar Wetland,Puttalam,North Western,2023-08-13,7.72595,79.81973,7.73155,79.82074,Manual Map Pin,630.7,45.5,Low,False
EVT23323,Temple/Kovil Special Pooja,U16806,Sinhala & Tamil New Year Village Games,Anuradhapura,North Central,2025-11-11,8.31357,80.40039,8.31207,80.39887,GPS Auto-Tag,236.3,74.4,Medium,True
EVT23324,Temple/Kovil Special Pooja,U13311,Nuwara Eliya Tea Factory Tour,Nuwara Eliya,Central,2023-04-11,6.96359,80.76629,6.97134,80.78047,Manual Map Pin,1783.0,10.8,Very Low,False
EVT23325,Corporate Retreat Event,U07993,Dowa Rock Temple,Badulla,Uva,2025-07-13,6.87912,81.04752,6.87761,81.04532,GPS Auto-Tag,295.0,69.2,Medium,True
EVT23326,Village Perahera,U16846,Kayts Island,Jaffna,Northern,2025-08-30,9.688,79.98316,9.67769,79.99286,Manual Map Pin,1561.0,14.2,Very Low,False
EVT23327,Corporate Retreat Event,U13633,Negombo Lagoon Boat Ride,Gampaha,Western,2023-06-03,7.19782,79.85123,7.19512,79.85004,Manual Map Pin,326.5,66.5,Medium,True
EVT23328,Pop-up Local Festival,U03974,Dowa Rock Temple,Badulla,Uva,2024-07-23,6.89252,81.03759,6.89292,81.03714,GPS Auto-Tag,66.7,92.0,High,True
EVT23329,Temple/Kovil Special Pooja,U01857,Aluvihare Rock Monastery,Matale,Central,2024-06-15,7.47837,80.63172,7.47603,80.63306,GPS Auto-Tag,298.2,68.9,Medium,True
EVT23330,Private Wedding,U12272,Delft Wild Pony Eco Tour,Jaffna,Northern,2024-12-29,9.54749,79.69438,9.55046,79.69555,GPS Auto-Tag,353.2,64.3,Medium,True
EVT23331,Temple/Kovil Special Pooja,U01264,Ella Rock & Little Adam's Peak Hike,Badulla,Uva,2023-04-23,6.87125,81.04556,6.8128,81.10792,Typed Address,9450.8,0.0,Very Low,False
EVT23332,Corporate Retreat Event,U04829,Sinharaja Forest Reserve Nature Walk,Ratnapura/Galle,Sabaragamuwa,2025-12-18,6.40352,80.49442,6.40767,80.49871,Manual Map Pin,660.9,43.8,Low,False
EVT23333,Beach Party,U17994,Hurulu Eco Park,Polonnaruwa,North Central,2024-04-19,8.16389,80.89148,8.16457,80.87528,Manual Map Pin,1782.0,10.8,Very Low,False
EVT23334,Private Wedding,U13729,Mulkirigala Rock Monastery,Hambantota,Southern,2023-08-09,6.17073,80.88803,6.17334,80.88924,GPS Auto-Tag,320.1,67.0,Medium,True
EVT23335,Beach Party,U03024,Anuradhapura Cycling Tour,Anuradhapura,North Central,2023-04-28,8.30373,80.40767,8.31734,80.40817,Manual Map Pin,1511.6,15.1,Very Low,False
EVT23336,Temple/Kovil Special Pooja,U05447,Colombo Galle Face & City Tour,Colombo,Western,2023-05-08,6.92296,79.8637,6.92335,79.86408,GPS Auto-Tag,59.8,92.8,High,True
EVT23337,Food & Craft Fair,U03215,Bopath Ella Falls Trek,Ratnapura,Sabaragamuwa,2023-02-16,6.7223,80.35944,6.72056,80.35949,GPS Auto-Tag,192.9,78.6,Medium,True
EVT23338,Pop-up Local Festival,U09669,Unawatuna Beach,Galle,Southern,2023-10-24,6.01083,80.25527,6.0094,80.25597,GPS Auto-Tag,176.9,80.2,Medium,True
EVT23339,Private Wedding,U05169,Laxapana Falls Trek,Nuwara Eliya,Central,2025-08-02,6.93519,80.49932,6.93424,80.49641,GPS Auto-Tag,336.8,65.6,Medium,True
EVT23340,Village Perahera,U03806,Deepavali Festival (Colombo Kovils),Colombo,Western,2025-01-28,6.88152,79.86375,6.88566,79.76169,Typed Address,11256.8,0.0,Very Low,False
EVT23341,Pop-up Local Festival,U00252,Ambalangoda Mask Museum,Galle,Southern,2023-05-15,6.25182,80.06077,6.26619,80.06641,Manual Map Pin,1711.4,11.8,Very Low,False
EVT23342,Temple/Kovil Special Pooja,U13249,Beruwala Beach Resort Leisure,Kalutara,Western,2023-12-26,6.47248,79.99387,6.47354,79.99219,GPS Auto-Tag,219.6,76.0,Medium,True
EVT23343,Full Moon Party,U07896,Deepavali Festival (Colombo Kovils),Colombo,Western,2025-10-24,6.87276,79.86509,6.87294,79.8642,GPS Auto-Tag,100.9,88.2,High,True
EVT23344,Private Wedding,U02158,Minneriya-Kaudulla Elephant Corridor,Polonnaruwa,North Central,2023-08-29,8.06526,80.95442,8.05945,80.9507,Manual Map Pin,763.7,38.5,Low,False
EVT23345,Live Music Night,U09725,Diyasaru Wetland Park,Colombo,Western,2024-08-20,6.90458,79.90944,6.9047,79.90833,GPS Auto-Tag,123.1,85.7,High,True
EVT23346,Beach Party,U08225,Gal Oya Kudugala Village Eco Trek,Ampara,Eastern,2025-06-20,7.1778,81.44313,7.24985,81.48344,Typed Address,9147.3,0.0,Very Low,False
EVT23347,Corporate Retreat Event,U07961,Bambarakanda Falls,Badulla,Uva,2025-03-05,6.78532,80.79807,6.78607,80.79928,GPS Auto-Tag,157.0,82.2,Medium,True
EVT23348,Pop-up Local Festival,U03032,Nuwara Eliya Tea Factory Tour,Nuwara Eliya,Central,2023-11-22,6.96089,80.76421,6.95977,80.7634,GPS Auto-Tag,152.8,82.6,Medium,True
EVT23349,Full Moon Party,U17393,Kandy Esala Perahera,Kandy,Central,2024-10-22,7.3187,80.62571,7.33311,80.59414,Typed Address,3826.0,0.8,Very Low,False
EVT23350,Village Perahera,U08298,Thalangama Wetland Birdwatching,Colombo,Western,2023-10-24,6.88206,79.91505,6.88149,79.9144,GPS Auto-Tag,95.1,88.8,High,True
EVT23351,Temple/Kovil Special Pooja,U16838,Gal Oya Kudugala Village Eco Trek,Ampara,Eastern,2024-10-27,7.15496,81.45933,7.14005,81.48987,Typed Address,3749.3,0.9,Very Low,False
EVT23352,Community New Year Carnival,U17816,Kanniya Hot Springs,Trincomalee,Eastern,2023-12-13,8.61923,81.16225,8.61927,81.16225,GPS Auto-Tag,4.3,99.5,High,True
EVT23353,Temple/Kovil Special Pooja,U06478,Delft Island,Jaffna,Northern,2025-06-14,9.52995,79.66398,9.52906,79.66304,GPS Auto-Tag,142.4,83.7,Medium,True
EVT23354,Full Moon Party,U02453,Udawalawe National Park Safari,Ratnapura/Moneragala,Sabaragamuwa,2023-06-16,6.4572,80.88778,6.4476,80.89599,Manual Map Pin,1398.7,17.4,Very Low,False
EVT23355,Pop-up Local Festival,U08215,"Christmas Celebrations, Negombo",Gampaha,Western,2023-09-21,7.21061,79.82877,7.19736,79.81897,Manual Map Pin,1824.3,10.2,Very Low,False
EVT23356,Pop-up Local Festival,U08514,Belihuloya River Adventures,Ratnapura,Sabaragamuwa,2024-05-16,6.69438,80.84547,6.69293,80.84692,GPS Auto-Tag,226.7,75.3,Medium,True
EVT23357,Full Moon Party,U10858,Pasikuda Beach,Batticaloa,Eastern,2023-01-06,7.9187,81.54922,7.91004,81.55077,Manual Map Pin,975.9,29.5,Very Low,False
EVT23358,Private Wedding,U01633,Nallur Festival (Nallur Kandaswamy Kovil),Jaffna,Northern,2024-03-03,9.66987,80.02398,9.67044,80.02487,GPS Auto-Tag,116.4,86.5,High,True
EVT23359,Pop-up Local Festival,U15503,Ravana Falls Abseiling,Badulla,Uva,2025-05-16,6.89712,81.07322,6.90072,81.08556,Manual Map Pin,1416.8,17.0,Very Low,False
EVT23360,Food & Craft Fair,U02601,"Christmas Celebrations, Negombo",Gampaha,Western,2023-10-12,7.20752,79.84524,7.19969,79.8327,Manual Map Pin,1632.2,13.0,Very Low,False
EVT23361,Pop-up Local Festival,U17038,Bundala Wetland Birdwatching,Hambantota,Southern,2023-02-05,6.20373,81.231,6.20493,81.22994,GPS Auto-Tag,177.8,80.1,Medium,True
EVT23362,Full Moon Party,U14044,Deepavali Festival (Colombo Kovils),Colombo,Western,2025-11-22,6.87252,79.84999,6.86888,79.85187,Manual Map Pin,454.5,56.7,Low,False
EVT23363,Pop-up Local Festival,U00474,Lipton's Seat Viewpoint,Badulla,Uva,2024-10-30,6.80261,81.07491,6.85141,81.11308,Typed Address,6858.2,0.0,Very Low,False
EVT23364,Private Wedding,U07768,Yala National Park Safari,Hambantota,Southern,2023-11-15,6.36053,81.50769,6.36289,81.50928,GPS Auto-Tag,316.2,67.4,Medium,True
EVT23365,Live Music Night,U08734,Lipton's Seat Viewpoint,Badulla,Uva,2024-07-10,6.83702,81.06067,6.84055,81.0618,GPS Auto-Tag,411.5,59.8,Low,False
EVT23366,Beach Party,U02869,Ravana Falls Abseiling,Badulla,Uva,2025-03-17,6.87733,81.04757,6.87028,81.06369,Manual Map Pin,1941.8,8.8,Very Low,False
EVT23367,Live Music Night,U12354,Delft Wild Pony Eco Tour,Jaffna,Northern,2023-06-14,9.54423,79.67608,9.54536,79.67819,Manual Map Pin,262.8,72.0,Medium,True
EVT23368,Private Wedding,U03823,Belihuloya River Adventures,Ratnapura,Sabaragamuwa,2024-05-06,6.682,80.84363,6.68323,80.82269,Typed Address,2312.4,5.6,Very Low,False
EVT23369,Temple/Kovil Special Pooja,U05189,Wadduwa Beach Escape,Kalutara,Western,2023-10-14,6.64388,79.93178,6.64364,79.93799,Typed Address,684.8,42.5,Low,False
EVT23370,Food & Craft Fair,U05495,Wilpattu National Park Safari,Puttalam,North Western,2024-09-08,8.4553,80.06712,8.45295,80.06596,GPS Auto-Tag,290.4,69.6,Medium,True
EVT23371,Private Wedding,U01701,Hiriwadunna Village,Anuradhapura,North Central,2024-12-11,7.98024,80.74985,7.97986,80.7539,GPS Auto-Tag,447.8,57.1,Low,False
EVT23372,Village Perahera,U11433,Muhudu Maha Vihara,Hambantota,Southern,2023-01-03,6.3331,81.44797,6.33064,81.45019,GPS Auto-Tag,366.2,63.3,Medium,True
EVT23373,Private Wedding,U07217,Meemure Village,Kandy,Central,2024-10-01,7.47163,80.80111,7.47206,80.79332,Manual Map Pin,859.1,34.2,Low,False
EVT23374,Community New Year Carnival,U15870,Wadduwa Beach Escape,Kalutara,Western,2023-04-07,6.65615,79.91362,6.65659,79.91462,GPS Auto-Tag,120.7,86.0,High,True
EVT23375,Beach Party,U16960,Beddagana Wetland Park,Colombo,Western,2023-09-07,6.89977,79.91562,6.90354,79.91569,GPS Auto-Tag,418.8,59.2,Low,False
EVT23376,Private Wedding,U17123,Meemure Village,Kandy,Central,2023-02-19,7.47658,80.79926,7.47041,80.75969,Typed Address,4408.5,0.4,Very Low,False
EVT23377,Temple/Kovil Special Pooja,U01034,Udawalawe Elephant Transit Home,Ratnapura,Sabaragamuwa,2024-12-13,6.42895,80.90645,6.45748,80.91551,Typed Address,3320.6,1.6,Very Low,False
EVT23378,Private Wedding,U06021,Tangalle Beach Escape,Hambantota,Southern,2024-11-28,6.01911,80.80017,6.05982,80.76709,Typed Address,5810.0,0.1,Very Low,False
EVT23379,Full Moon Party,U00644,Yala National Park Safari,Hambantota,Southern,2025-06-06,6.38206,81.52496,6.36714,81.52147,Manual Map Pin,1700.7,11.9,Very Low,False
EVT23380,Live Music Night,U17980,Polonnaruwa Cycling Tour,Polonnaruwa,North Central,2024-07-02,7.93568,81.00684,7.93767,81.01816,Manual Map Pin,1264.2,20.6,Very Low,False
EVT23381,Community New Year Carnival,U06084,Wilpattu National Park Safari,Puttalam,North Western,2024-02-13,8.45092,80.04008,8.46289,80.03555,Manual Map Pin,1418.7,17.0,Very Low,False
EVT23382,Corporate Retreat Event,U06638,Mannar Bird Migration Watching,Mannar,Northern,2024-10-12,8.97099,79.89478,8.97473,79.89539,GPS Auto-Tag,420.6,59.1,Low,False
EVT23383,Live Music Night,U14771,Rekawa Turtle Conservation,Hambantota,Southern,2025-06-18,6.04271,80.85181,6.04461,80.85185,GPS Auto-Tag,210.1,76.9,Medium,True
EVT23384,Full Moon Party,U10160,Rathnapura Gem Mining Tour,Ratnapura,Sabaragamuwa,2024-04-12,6.68707,80.39198,6.68666,80.38771,Manual Map Pin,473.3,55.3,Low,False
EVT23385,Full Moon Party,U06721,Beruwala Beach Resort Leisure,Kalutara,Western,2023-04-04,6.48793,79.99335,6.48472,79.9912,GPS Auto-Tag,427.9,58.6,Low,False
EVT23386,Beach Party,U01053,"New Year's Eve Countdown, Galle Face",Colombo,Western,2023-06-23,6.90161,79.86307,6.89866,79.86282,GPS Auto-Tag,328.6,66.3,Medium,True
EVT23387,Corporate Retreat Event,U17923,Udawalawe Elephant Transit Home,Ratnapura,Sabaragamuwa,2024-10-25,6.44731,80.88298,6.44857,80.88048,GPS Auto-Tag,309.6,67.9,Medium,True
EVT23388,Corporate Retreat Event,U17016,Victoria Park Nuwara Eliya,Nuwara Eliya,Central,2025-01-07,6.95866,80.7611,6.91761,80.76723,Typed Address,4607.1,0.3,Very Low,False
EVT23389,Food & Craft Fair,U15256,Diyaluma Infinity Pools,Badulla,Uva,2024-09-01,6.73571,81.04341,6.7924,81.10905,Typed Address,9589.8,0.0,Very Low,False
EVT23390,Private Wedding,U06484,"Christmas Celebrations, Negombo",Gampaha,Western,2025-08-21,7.20452,79.83301,7.20367,79.83317,GPS Auto-Tag,95.2,88.8,High,True
EVT23391,Private Wedding,U02794,Kumana Bird Sanctuary,Ampara,Eastern,2023-06-29,6.57005,81.68095,6.56982,81.67975,GPS Auto-Tag,135.0,84.5,Medium,True
EVT23392,Pop-up Local Festival,U09885,Kumana Bird Sanctuary,Ampara,Eastern,2025-09-15,6.56809,81.65798,6.54503,81.67121,Typed Address,2945.5,2.5,Very Low,False
EVT23393,Beach Party,U13001,Kandy Lake Evening Walk,Kandy,Central,2023-03-25,7.30307,80.65106,7.30324,80.64932,GPS Auto-Tag,192.6,78.6,Medium,True
EVT23394,Full Moon Party,U12675,Induruwa Turtle Conservation,Galle,Southern,2025-10-08,6.05494,80.0314,6.04476,80.01983,Manual Map Pin,1704.3,11.9,Very Low,False
EVT23395,Beach Party,U01391,Polonnaruwa Cycling Tour,Polonnaruwa,North Central,2023-01-01,7.93215,81.02783,7.92846,81.09556,Typed Address,7456.8,0.0,Very Low,False
EVT23396,Food & Craft Fair,U06553,Kanniya Hot Springs,Trincomalee,Eastern,2024-08-14,8.59969,81.16832,8.53557,81.17201,Typed Address,7128.8,0.0,Very Low,False
EVT23397,Food & Craft Fair,U00033,Panama Village,Ampara,Eastern,2025-03-20,6.92996,81.78139,6.92834,81.78228,GPS Auto-Tag,204.4,77.5,Medium,True
EVT23398,Live Music Night,U02466,Meemure Village,Kandy,Central,2025-01-23,7.46843,80.7939,7.46659,80.79647,GPS Auto-Tag,349.1,64.6,Medium,True
EVT23399,Corporate Retreat Event,U11554,Panama-Kudumbigala Eco Reserve,Ampara,Eastern,2023-07-31,6.9014,81.79754,6.91891,81.79733,Manual Map Pin,1943.9,8.8,Very Low,False
EVT23400,Private Wedding,U13462,Thalangama Wetland Birdwatching,Colombo,Western,2025-08-30,6.89385,79.92074,6.91007,79.91797,Manual Map Pin,1826.0,10.2,Very Low,False
EVT23401,Private Wedding,U09823,Rathnapura Gem Mining Tour,Ratnapura,Sabaragamuwa,2024-09-09,6.67974,80.40341,6.67792,80.40498,GPS Auto-Tag,266.0,71.7,Medium,True
EVT23402,Food & Craft Fair,U13031,Hikkaduwa Diving & Surfing,Galle,Southern,2025-02-11,6.15985,80.11179,6.16156,80.10921,GPS Auto-Tag,341.6,65.2,Medium,True
EVT23403,Beach Party,U01712,Minneriya Elephant Gathering,Polonnaruwa,North Central,2023-05-21,8.02477,80.9051,8.02238,80.9062,GPS Auto-Tag,291.3,69.5,Medium,True
EVT23404,Community New Year Carnival,U05237,Ritigala Forest Monastery,Anuradhapura,North Central,2023-11-04,8.12902,80.65659,8.1402,80.65909,Manual Map Pin,1271.5,20.4,Very Low,False
EVT23405,Pop-up Local Festival,U15675,Beruwala Beach Resort Leisure,Kalutara,Western,2024-08-09,6.47713,79.97596,6.47815,79.97604,GPS Auto-Tag,112.8,86.8,High,True
EVT23406,Beach Party,U08008,Kanneliya Rainforest Reserve,Galle,Southern,2025-09-30,6.24137,80.3585,6.24355,80.35949,GPS Auto-Tag,265.7,71.7,Medium,True
EVT23407,Private Wedding,U16475,Galle Fort Walking Tour,Galle,Southern,2023-07-09,6.01695,80.21504,6.01726,80.21569,GPS Auto-Tag,79.9,90.5,High,True
EVT23408,Private Wedding,U09879,Ella Rock & Little Adam's Peak Hike,Badulla,Uva,2024-08-16,6.88235,81.04595,6.88139,81.0451,GPS Auto-Tag,141.6,83.8,Medium,True
EVT23409,Pop-up Local Festival,U00043,"Christmas Celebrations, Negombo",Gampaha,Western,2025-09-25,7.19977,79.84508,7.19828,79.84368,GPS Auto-Tag,226.0,75.4,Medium,True
EVT23410,Corporate Retreat Event,U07516,Polonnaruwa Cycling Tour,Polonnaruwa,North Central,2023-01-28,7.94084,81.04075,7.9405,81.04024,GPS Auto-Tag,66.9,92.0,High,True
EVT23411,Food & Craft Fair,U03251,Mannar Bird Migration Watching,Mannar,Northern,2025-08-19,8.97706,79.91424,8.96677,79.91657,Manual Map Pin,1170.4,23.2,Very Low,False
EVT23412,Temple/Kovil Special Pooja,U00223,Udawalawe Elephant Transit Home,Ratnapura,Sabaragamuwa,2025-11-07,6.43392,80.87535,6.4361,80.87392,GPS Auto-Tag,288.7,69.7,Medium,True
EVT23413,Community New Year Carnival,U16769,Knuckles Conservation Forest Walk,Kandy/Matale,Central,2024-10-24,7.46384,80.77907,7.47933,80.79332,Manual Map Pin,2326.4,5.5,Very Low,False
EVT23414,Beach Party,U06332,Ravana Caves & Ella Wala Pool,Badulla,Uva,2024-10-30,6.85074,81.01944,6.85502,81.01001,Manual Map Pin,1143.1,24.0,Very Low,False
EVT23415,Temple/Kovil Special Pooja,U14850,Madu Ganga Mangrove Boat Tour,Galle,Southern,2025-06-26,6.27129,80.02949,6.24256,79.97845,Typed Address,6472.0,0.0,Very Low,False
EVT23416,Community New Year Carnival,U15220,Kataragama Esala Perahera,Monaragala,Uva,2023-10-01,6.41116,81.34791,6.41097,81.34852,GPS Auto-Tag,70.6,91.6,High,True
EVT23417,Private Wedding,U14914,Adam's Peak (Sri Pada) Climb,Ratnapura,Sabaragamuwa,2023-09-07,6.8185,80.49393,6.81006,80.48737,Manual Map Pin,1183.1,22.8,Very Low,False
EVT23418,Corporate Retreat Event,U03887,Sinhala & Tamil New Year Village Games,Anuradhapura,North Central,2024-03-17,8.32215,80.40733,8.32289,80.40682,GPS Auto-Tag,99.3,88.3,High,True
EVT23419,Food & Craft Fair,U15234,Yala National Park Safari,Hambantota,Southern,2024-08-25,6.36655,81.52985,6.37675,81.51168,Manual Map Pin,2302.5,5.6,Very Low,False
EVT23420,Temple/Kovil Special Pooja,U00398,Dowa Rock Temple,Badulla,Uva,2023-06-02,6.90545,81.04795,6.90377,81.04904,GPS Auto-Tag,222.0,75.8,Medium,True
EVT23421,Beach Party,U02771,Knuckles Mountain Range Trekking,Kandy/Matale,Central,2025-04-13,7.46315,80.79767,7.45937,80.81279,Manual Map Pin,1716.2,11.7,Very Low,False
EVT23422,Corporate Retreat Event,U05933,Rekawa Turtle Conservation,Hambantota,Southern,2024-12-03,6.05367,80.85018,6.0877,80.8202,Typed Address,5022.8,0.2,Very Low,False
EVT23423,Live Music Night,U07983,Ravana Falls Abseiling,Badulla,Uva,2025-10-17,6.87674,81.06748,6.87606,81.06719,GPS Auto-Tag,82.2,90.2,High,True
EVT23424,Private Wedding,U17655,Nallur Festival (Nallur Kandaswamy Kovil),Jaffna,Northern,2024-05-12,9.67859,80.01095,9.67689,80.0099,GPS Auto-Tag,220.7,75.9,Medium,True
EVT23425,Full Moon Party,U09429,Knuckles Conservation Forest Walk,Kandy/Matale,Central,2024-04-07,7.45576,80.78276,7.45263,80.78138,GPS Auto-Tag,378.6,62.3,Medium,True
EVT23426,Beach Party,U03969,Induruwa Turtle Conservation,Galle,Southern,2025-01-20,6.04297,80.02836,6.02877,80.04195,Manual Map Pin,2175.8,6.6,Very Low,False
EVT23427,Corporate Retreat Event,U09883,Delft Wild Pony Eco Tour,Jaffna,Northern,2023-03-31,9.5395,79.65393,9.53609,79.66885,Manual Map Pin,1677.3,12.3,Very Low,False
EVT23428,Village Perahera,U02561,Bopath Ella Falls Trek,Ratnapura,Sabaragamuwa,2024-09-04,6.74077,80.37923,6.75918,80.40621,Typed Address,3608.4,1.1,Very Low,False
EVT23429,Food & Craft Fair,U04514,Horton Plains & World's End Hike,Nuwara Eliya,Central,2023-01-20,6.81903,80.79253,6.81759,80.793,GPS Auto-Tag,167.1,81.1,Medium,True
EVT23430,Community New Year Carnival,U16007,Bopath Ella Falls Trek,Ratnapura,Sabaragamuwa,2023-03-06,6.72868,80.3667,6.72749,80.36764,GPS Auto-Tag,168.4,81.0,Medium,True
EVT23431,Full Moon Party,U06047,Muthurajawela Marsh Boat Safari,Gampaha,Western,2023-01-01,7.07142,79.87108,7.07988,79.86608,Typed Address,1088.2,25.7,Very Low,False
EVT23432,Private Wedding,U02517,Rekawa Turtle Conservation,Hambantota,Southern,2023-09-10,6.03696,80.84787,6.03717,80.84839,GPS Auto-Tag,61.9,92.6,High,True
EVT23433,Pop-up Local Festival,U14685,Gal Oya Kudugala Village Eco Trek,Ampara,Eastern,2025-05-15,7.16934,81.43975,7.17438,81.45353,Typed Address,1617.7,13.2,Very Low,False
EVT23434,Pop-up Local Festival,U12412,Knuckles Mountain Range Trekking,Kandy/Matale,Central,2024-12-07,7.47626,80.79646,7.48465,80.80423,Manual Map Pin,1264.6,20.6,Very Low,False
EVT23435,Full Moon Party,U17844,Delft Island,Jaffna,Northern,2024-01-24,9.53103,79.6615,9.5808,79.56911,Typed Address,11523.7,0.0,Very Low,False
EVT23436,Beach Party,U02017,Delft Island,Jaffna,Northern,2024-01-18,9.54403,79.68062,9.54364,79.68251,GPS Auto-Tag,211.0,76.8,Medium,True
EVT23437,Live Music Night,U13425,Minneriya-Kaudulla Elephant Corridor,Polonnaruwa,North Central,2023-01-29,8.05523,80.94011,8.05574,80.93949,GPS Auto-Tag,88.5,89.5,High,True
EVT23438,Corporate Retreat Event,U16253,Wilpattu National Park Safari,Puttalam,North Western,2024-09-09,8.44246,80.03696,8.48236,80.03547,Typed Address,4431.5,0.4,Very Low,False
EVT23439,Corporate Retreat Event,U09608,Bogoda Wooden Bridge,Badulla,Uva,2025-04-30,6.95373,81.01471,6.95819,81.00072,Manual Map Pin,1619.9,13.2,Very Low,False
EVT23440,Full Moon Party,U14296,Bambarakanda Falls,Badulla,Uva,2023-02-27,6.78927,80.79653,6.78281,80.82153,Manual Map Pin,2847.9,2.8,Very Low,False
EVT23441,Village Perahera,U11657,Belihuloya River Adventures,Ratnapura,Sabaragamuwa,2024-08-25,6.68706,80.84705,6.68576,80.84611,GPS Auto-Tag,177.6,80.1,Medium,True
EVT23442,Live Music Night,U01708,Minneriya-Kaudulla Elephant Corridor,Polonnaruwa,North Central,2025-10-21,8.06002,80.9517,8.08723,80.92173,Manual Map Pin,4469.1,0.4,Very Low,False
EVT23443,Village Perahera,U13843,Induruwa Turtle Conservation,Galle,Southern,2025-11-23,6.05086,80.01094,6.07255,80.04054,Typed Address,4057.5,0.6,Very Low,False
EVT23444,Pop-up Local Festival,U15447,Ritigala Forest Monastery,Anuradhapura,North Central,2024-05-14,8.12422,80.63734,8.1043,80.64415,Manual Map Pin,2335.2,5.4,Very Low,False
EVT23445,Pop-up Local Festival,U17937,Delft Island,Jaffna,Northern,2024-11-22,9.52884,79.65353,9.52952,79.65162,GPS Auto-Tag,221.8,75.8,Medium,True
EVT23446,Village Perahera,U10525,Nilaveli Beach,Trincomalee,Eastern,2025-02-09,8.69987,81.17234,8.70116,81.17198,GPS Auto-Tag,148.5,83.1,Medium,True
EVT23447,Private Wedding,U10998,Aluvihare Rock Monastery,Matale,Central,2025-03-04,7.49811,80.60558,7.49752,80.60822,GPS Auto-Tag,297.7,68.9,Medium,True
EVT23448,Full Moon Party,U00428,Sera Ella Waterfall,Matale,Central,2024-06-14,7.50901,80.68778,7.50869,80.68732,GPS Auto-Tag,61.3,92.6,High,True
EVT23449,Pop-up Local Festival,U10123,Kandy Lake Evening Walk,Kandy,Central,2024-12-17,7.28579,80.63177,7.28558,80.6299,GPS Auto-Tag,207.7,77.1,Medium,True
EVT23450,Corporate Retreat Event,U02388,Aluvihare Rock Monastery,Matale,Central,2023-09-06,7.47649,80.63656,7.47595,80.63556,GPS Auto-Tag,125.5,85.5,High,True
EVT23451,Corporate Retreat Event,U05893,Kumana National Park Birding & Safari,Ampara,Eastern,2024-10-09,6.55397,81.67475,6.55049,81.68925,Manual Map Pin,1644.8,12.8,Very Low,False
EVT23452,Temple/Kovil Special Pooja,U14206,Bellanwila-Attidiya Sanctuary,Colombo,Western,2025-01-24,6.82694,79.89484,6.87045,79.89772,Typed Address,4840.4,0.2,Very Low,False
EVT23453,Pop-up Local Festival,U12499,Royal Botanical Garden Peradeniya,Kandy,Central,2024-12-24,7.25746,80.60031,7.2574,80.60207,GPS Auto-Tag,193.2,78.5,Medium,True
EVT23454,Pop-up Local Festival,U16599,Hikkaduwa Diving & Surfing,Galle,Southern,2025-06-24,6.13572,80.10052,6.14822,80.10336,Manual Map Pin,1423.1,16.9,Very Low,False
EVT23455,Beach Party,U05016,Weligama Surf School,Matara,Southern,2024-04-21,5.97725,80.43223,5.97823,80.43269,GPS Auto-Tag,121.3,85.9,High,True
EVT23456,Village Perahera,U17583,Nallur Festival (Nallur Kandaswamy Kovil),Jaffna,Northern,2023-04-08,9.66544,80.04652,9.66433,80.04707,Manual Map Pin,137.0,84.3,Medium,True
EVT23457,Beach Party,U08310,Anuradhapura Cycling Tour,Anuradhapura,North Central,2025-10-12,8.31877,80.38796,8.31932,80.38672,GPS Auto-Tag,149.6,82.9,Medium,True
EVT23458,Community New Year Carnival,U09901,Kalametiya Bird Sanctuary,Hambantota,Southern,2023-09-30,6.06821,80.91163,6.07332,80.80888,Typed Address,11355.6,0.0,Very Low,False
EVT23459,Community New Year Carnival,U03768,Polonnaruwa Cycling Tour,Polonnaruwa,North Central,2025-03-22,7.93938,81.00874,7.93569,81.0126,Manual Map Pin,590.0,47.8,Low,False
EVT23460,Pop-up Local Festival,U15403,Tangalle Beach Escape,Hambantota,Southern,2024-10-20,6.02748,80.78886,6.02148,80.79121,Manual Map Pin,714.8,40.9,Low,False
EVT23461,Village Perahera,U15087,Diyaluma Infinity Pools,Badulla,Uva,2024-11-27,6.74368,81.00929,6.74105,81.00546,Manual Map Pin,513.2,52.7,Low,False
EVT23462,Live Music Night,U17596,Hurulu Eco Park,Polonnaruwa,North Central,2024-04-18,8.16487,80.88758,8.16671,80.89063,GPS Auto-Tag,392.7,61.2,Medium,True
EVT23463,Full Moon Party,U13671,Thalangama Wetland Birdwatching,Colombo,Western,2025-07-25,6.87514,79.91439,6.87421,79.91413,GPS Auto-Tag,106.5,87.5,High,True
EVT23464,Temple/Kovil Special Pooja,U04988,"New Year's Eve Countdown, Galle Face",Colombo,Western,2024-01-25,6.91901,79.84045,6.94037,79.86171,Typed Address,3334.0,1.5,Very Low,False
EVT23465,Live Music Night,U06716,Vesak Festival (Colombo & Island-wide),Colombo,Western,2025-02-26,6.90681,79.8613,6.90567,79.85985,GPS Auto-Tag,204.2,77.5,Medium,True
EVT23466,Corporate Retreat Event,U17188,Knuckles Conservation Forest Walk,Kandy/Matale,Central,2025-06-01,7.47567,80.7759,7.47607,80.77717,GPS Auto-Tag,146.3,83.3,Medium,True
EVT23467,Full Moon Party,U14510,Kalametiya Bird Sanctuary,Hambantota,Southern,2025-01-07,6.08275,80.91486,6.0823,80.91625,GPS Auto-Tag,161.5,81.7,Medium,True
EVT23468,Village Perahera,U09147,Knuckles Conservation Forest Walk,Kandy/Matale,Central,2023-02-08,7.46789,80.76664,7.46485,80.76636,GPS Auto-Tag,339.5,65.4,Medium,True
EVT23469,Food & Craft Fair,U11798,Bentota River Safari & Beach,Galle,Southern,2023-06-04,6.42133,80.00283,6.43403,79.99929,Typed Address,1462.7,16.1,Very Low,False
EVT23470,Live Music Night,U02017,Haputale Viewpoint & Tea Estates,Badulla,Uva,2025-09-14,6.75263,80.96135,6.75296,80.96207,GPS Auto-Tag,87.3,89.7,High,True
EVT23471,Community New Year Carnival,U14848,Wilpattu National Park Safari,Puttalam,North Western,2024-12-16,8.45152,80.05552,8.45201,80.05586,GPS Auto-Tag,65.5,92.1,High,True
EVT23472,Full Moon Party,U16867,Tangalle Beach Escape,Hambantota,Southern,2024-04-21,6.04144,80.76783,6.04061,80.76702,GPS Auto-Tag,128.9,85.1,High,True
EVT23473,Live Music Night,U11575,Nuwara Eliya Tea Factory Tour,Nuwara Eliya,Central,2024-01-19,6.95863,80.76895,6.95215,80.77061,Manual Map Pin,741.7,39.6,Low,False
EVT23474,Full Moon Party,U02341,Mulkirigala Rock Monastery,Hambantota,Southern,2024-09-08,6.18372,80.88266,6.19468,80.87855,Manual Map Pin,1298.1,19.7,Very Low,False
EVT23475,Private Wedding,U07492,Meemure Village,Kandy,Central,2024-06-06,7.46414,80.8101,7.46379,80.81068,GPS Auto-Tag,74.9,91.1,High,True
EVT23476,Temple/Kovil Special Pooja,U13613,Tangalle Beach Escape,Hambantota,Southern,2024-12-18,6.02257,80.79581,6.02637,80.79722,Manual Map Pin,450.2,57.0,Low,False
EVT23477,Temple/Kovil Special Pooja,U14134,Victoria Park Nuwara Eliya,Nuwara Eliya,Central,2024-01-21,6.97256,80.75183,6.95657,80.74102,Manual Map Pin,2137.1,6.9,Very Low,False
EVT23478,Private Wedding,U00960,Anawilundawa Ramsar Wetland,Puttalam,North Western,2025-02-05,7.74311,79.80997,7.74466,79.81066,GPS Auto-Tag,187.7,79.1,Medium,True
EVT23479,Village Perahera,U00626,Knuckles Conservation Forest Walk,Kandy/Matale,Central,2025-04-03,7.45564,80.78684,7.45813,80.84811,Typed Address,6750.0,0.0,Very Low,False
EVT23480,Community New Year Carnival,U02986,Delft Wild Pony Eco Tour,Jaffna,Northern,2025-02-14,9.52143,79.67262,9.51818,79.68803,Typed Address,1725.4,11.6,Very Low,False
EVT23481,Corporate Retreat Event,U02484,Madu Ganga Mangrove Boat Tour,Galle,Southern,2023-09-19,6.2449,80.03658,6.23749,80.03198,Manual Map Pin,966.6,29.9,Very Low,False
EVT23482,Private Wedding,U10648,Yapahuwa Rock Fortress,Kurunegala,North Western,2024-01-29,7.84248,80.17641,7.84417,80.17654,GPS Auto-Tag,188.2,79.0,Medium,True
EVT23483,Full Moon Party,U14565,Aluvihare Rock Monastery,Matale,Central,2024-08-23,7.50107,80.6304,7.48612,80.63743,Manual Map Pin,1830.8,10.1,Very Low,False
EVT23484,Live Music Night,U07725,Dowa Rock Temple,Badulla,Uva,2024-08-21,6.88945,81.05762,6.90902,81.06757,Manual Map Pin,2433.8,4.8,Very Low,False
EVT23485,Private Wedding,U11591,Kayts Island,Jaffna,Northern,2024-08-19,9.6777,79.97729,9.71733,80.00309,Typed Address,5226.1,0.1,Very Low,False
EVT23486,Corporate Retreat Event,U09172,Induruwa Turtle Conservation,Galle,Southern,2024-06-07,6.05252,80.03716,6.05253,80.03378,GPS Auto-Tag,373.2,62.7,Medium,True
EVT23487,Live Music Night,U16443,Ramboda Falls Visit,Nuwara Eliya,Central,2023-04-04,7.04934,80.71648,7.05014,80.71956,GPS Auto-Tag,350.2,64.5,Medium,True
EVT23488,Village Perahera,U02993,Kayts Island,Jaffna,Northern,2023-04-12,9.69011,79.97578,9.74597,79.98406,Typed Address,6265.5,0.0,Very Low,False
EVT23489,Food & Craft Fair,U16507,Nuwara Eliya April Season,Nuwara Eliya,Central,2023-04-22,6.94656,80.78238,6.94483,80.78154,GPS Auto-Tag,213.0,76.6,Medium,True
EVT23490,Community New Year Carnival,U13794,Arugam Bay Surfing,Ampara,Eastern,2024-09-08,6.83904,81.83547,6.88477,81.86448,Typed Address,5999.3,0.1,Very Low,False
EVT23491,Pop-up Local Festival,U15087,Nainativu & Nagadeepa,Jaffna,Northern,2025-11-02,9.58877,79.76365,9.58812,79.76472,GPS Auto-Tag,137.5,84.2,Medium,True
EVT23492,Private Wedding,U15665,Unawatuna Beach,Galle,Southern,2024-06-06,6.00976,80.25211,6.02057,80.24488,Manual Map Pin,1441.1,16.5,Very Low,False
EVT23493,Beach Party,U03182,St. Clair's & Devon Falls Viewpoint,Nuwara Eliya,Central,2023-01-17,7.02563,80.65734,7.02955,80.65805,GPS Auto-Tag,441.5,57.6,Low,False
EVT23494,Pop-up Local Festival,U12535,Minneriya-Kaudulla Elephant Corridor,Polonnaruwa,North Central,2025-07-27,8.06279,80.95857,8.06283,80.93926,Typed Address,2122.5,7.0,Very Low,False
EVT23495,Corporate Retreat Event,U03820,Arugam Bay Surfing,Ampara,Eastern,2025-11-23,6.83109,81.82354,6.82763,81.81471,Manual Map Pin,1045.9,27.1,Very Low,False
EVT23496,Private Wedding,U00057,Adam's Peak (Sri Pada) Climb,Ratnapura,Sabaragamuwa,2025-04-03,6.79647,80.50623,6.79909,80.4977,Manual Map Pin,984.2,29.2,Very Low,False
EVT23497,Private Wedding,U15888,Bambarakanda Falls,Badulla,Uva,2025-10-10,6.77554,80.79308,6.77447,80.79201,GPS Auto-Tag,168.1,81.0,Medium,True
EVT23498,Private Wedding,U02720,Nallur Festival (Nallur Kandaswamy Kovil),Jaffna,Northern,2024-07-16,9.66796,80.02655,9.66663,80.02653,GPS Auto-Tag,147.3,83.2,Medium,True
EVT23499,Full Moon Party,U02718,Madunagala Hot Springs,Hambantota,Southern,2023-10-17,6.25817,81.23291,6.25898,81.23107,GPS Auto-Tag,221.6,75.8,Medium,True
EVT23500,Village Perahera,U16854,"Christmas Celebrations, Negombo",Gampaha,Western,2025-02-10,7.21056,79.8389,7.20942,79.838,GPS Auto-Tag,161.3,81.7,Medium,True
EVT23501,Private Wedding,U11008,St. Clair's & Devon Falls Viewpoint,Nuwara Eliya,Central,2023-08-09,7.04146,80.64922,7.04268,80.6505,GPS Auto-Tag,195.5,78.3,Medium,True
EVT23502,Food & Craft Fair,U09561,Diyaluma Infinity Pools,Badulla,Uva,2024-04-16,6.76002,81.04637,6.7628,81.04143,Manual Map Pin,626.0,45.7,Low,False
EVT23503,Private Wedding,U11365,Minneriya-Kaudulla Elephant Corridor,Polonnaruwa,North Central,2024-06-30,8.05176,80.93562,8.10646,80.88972,Typed Address,7893.1,0.0,Very Low,False
EVT23504,Village Perahera,U01282,Wewurukannala & Buduruwagala Carvings,Badulla/Monaragala,Uva,2024-10-30,6.70563,81.17722,6.69702,81.27286,Typed Address,10586.3,0.0,Very Low,False
EVT23505,Temple/Kovil Special Pooja,U10315,Dowa Rock Temple,Badulla,Uva,2024-11-04,6.88947,81.05735,6.82844,81.05884,Typed Address,6777.0,0.0,Very Low,False
EVT23506,Beach Party,U05893,Horton Plains Cloud Forest Eco Walk,Nuwara Eliya,Central,2023-08-21,6.80344,80.79219,6.8344,80.81947,Typed Address,4566.8,0.3,Very Low,False
EVT23507,Community New Year Carnival,U02477,Madunagala Hot Springs,Hambantota,Southern,2023-10-29,6.25547,81.22495,6.24625,81.22704,Manual Map Pin,1049.3,26.9,Very Low,False
EVT23508,Pop-up Local Festival,U01298,Unawatuna Beach,Galle,Southern,2023-06-16,6.01016,80.23799,6.00449,80.24183,Manual Map Pin,758.5,38.7,Low,False
EVT23509,Community New Year Carnival,U04527,Meemure Village,Kandy,Central,2024-05-27,7.47321,80.80113,7.47178,80.80299,GPS Auto-Tag,259.1,72.3,Medium,True
EVT23510,Beach Party,U16191,Kataragama Esala Perahera,Monaragala,Uva,2024-11-09,6.4289,81.3431,6.41875,81.34665,Manual Map Pin,1192.5,22.5,Very Low,False
EVT23511,Pop-up Local Festival,U00409,Madu Ganga Mangrove Boat Tour,Galle,Southern,2023-12-29,6.26243,80.05749,6.26586,80.05775,GPS Auto-Tag,382.4,62.0,Medium,True
EVT23512,Beach Party,U02412,Panama-Kudumbigala Eco Reserve,Ampara,Eastern,2023-02-26,6.89244,81.78415,6.89361,81.78641,GPS Auto-Tag,280.8,70.4,Medium,True
EVT23513,Corporate Retreat Event,U06263,Sinharaja Rainforest Trekking,Ratnapura/Galle,Sabaragamuwa,2024-11-09,6.40086,80.4956,6.39824,80.4976,Manual Map Pin,365.6,63.3,Medium,True
EVT23514,Beach Party,U14475,Wewurukannala & Buduruwagala Carvings,Badulla/Monaragala,Uva,2023-03-04,6.71778,81.15374,6.77518,81.15784,Typed Address,6387.0,0.0,Very Low,False
EVT23515,Private Wedding,U03274,Dowa Rock Temple,Badulla,Uva,2024-11-13,6.88125,81.06379,6.90818,80.99111,Typed Address,8548.3,0.0,Very Low,False
EVT23516,Beach Party,U05715,Panama Village,Ampara,Eastern,2024-05-22,6.91651,81.79192,6.9157,81.79114,GPS Auto-Tag,124.6,85.6,High,True
EVT23517,Pop-up Local Festival,U12062,Ramboda Falls Visit,Nuwara Eliya,Central,2024-12-18,7.06108,80.71493,7.04598,80.70766,Manual Map Pin,1857.0,9.8,Very Low,False
EVT23518,Corporate Retreat Event,U12872,Wilpattu National Park Safari,Puttalam,North Western,2025-09-13,8.43095,80.05978,8.50351,80.05506,Typed Address,8070.7,0.0,Very Low,False
EVT23519,Full Moon Party,U16240,Thalangama Wetland Birdwatching,Colombo,Western,2024-11-09,6.88444,79.93975,6.88547,79.94022,GPS Auto-Tag,125.7,85.5,High,True
EVT23520,Beach Party,U08057,Arugam Bay Surfing,Ampara,Eastern,2024-01-02,6.82372,81.82228,6.82289,81.82094,GPS Auto-Tag,174.0,80.5,Medium,True
EVT23521,Private Wedding,U06470,Mirissa Whale Watching & Beach,Matara,Southern,2023-04-12,5.93885,80.46906,5.93667,80.46986,GPS Auto-Tag,256.8,72.5,Medium,True
EVT23522,Temple/Kovil Special Pooja,U09537,Vesak Festival (Colombo & Island-wide),Colombo,Western,2024-09-13,6.9008,79.83615,6.90181,79.83256,GPS Auto-Tag,411.8,59.8,Low,False
EVT23523,Beach Party,U10313,Knuckles Conservation Forest Walk,Kandy/Matale,Central,2025-02-24,7.46586,80.7768,7.46653,80.77716,GPS Auto-Tag,84.0,90.0,High,True
EVT23524,Temple/Kovil Special Pooja,U11450,Nuwara Eliya Tea Factory Tour,Nuwara Eliya,Central,2025-02-16,6.97747,80.76842,6.97828,80.76951,GPS Auto-Tag,149.9,82.9,Medium,True
EVT23525,Corporate Retreat Event,U05838,Polonnaruwa Cycling Tour,Polonnaruwa,North Central,2024-07-17,7.92764,81.01566,7.9301,81.01651,GPS Auto-Tag,288.4,69.7,Medium,True
EVT23526,Corporate Retreat Event,U17163,Unawatuna Beach,Galle,Southern,2024-05-06,5.99341,80.2369,5.99113,80.23688,GPS Auto-Tag,253.1,72.9,Medium,True
EVT23527,Live Music Night,U11425,Gal Oya Kudugala Village Eco Trek,Ampara,Eastern,2023-06-24,7.17933,81.4468,7.16405,81.44874,Manual Map Pin,1708.9,11.8,Very Low,False
EVT23528,Corporate Retreat Event,U10715,Knuckles Conservation Forest Walk,Kandy/Matale,Central,2023-08-03,7.46226,80.7835,7.46279,80.78486,GPS Auto-Tag,161.0,81.8,Medium,True
EVT23529,Private Wedding,U13269,Induruwa Turtle Conservation,Galle,Southern,2025-09-27,6.05219,80.03425,6.0571,80.03027,Manual Map Pin,699.1,41.7,Low,False
EVT23530,Live Music Night,U02793,Bentota River Safari & Beach,Galle,Southern,2025-11-01,6.43562,80.00032,6.43947,79.98802,Manual Map Pin,1423.2,16.9,Very Low,False
EVT23531,Corporate Retreat Event,U17784,Pigeon Island Snorkeling,Trincomalee,Eastern,2023-02-11,8.70364,81.21168,8.74717,81.2246,Typed Address,5035.1,0.2,Very Low,False
EVT23532,Temple/Kovil Special Pooja,U03024,Arugam Bay Surfing,Ampara,Eastern,2023-06-23,6.83982,81.83315,6.83956,81.8327,GPS Auto-Tag,57.5,93.1,High,True
EVT23533,Community New Year Carnival,U17376,Kitulgala White Water Rafting,Kegalle,Sabaragamuwa,2024-08-13,6.9744,80.4248,6.97295,80.4235,Manual Map Pin,216.1,76.3,Medium,True
EVT23534,Full Moon Party,U02344,Wadduwa Beach Escape,Kalutara,Western,2025-10-13,6.64876,79.92908,6.65023,79.93117,GPS Auto-Tag,281.8,70.3,Medium,True
EVT23535,Full Moon Party,U01133,Ella Rock & Little Adam's Peak Hike,Badulla,Uva,2024-07-06,6.85922,81.04656,6.86128,81.05598,Manual Map Pin,1063.1,26.5,Very Low,False
EVT23536,Beach Party,U07924,Kanneliya Rainforest Reserve,Galle,Southern,2025-04-29,6.22266,80.34788,6.22355,80.34871,GPS Auto-Tag,134.4,84.5,Medium,True
EVT23537,Temple/Kovil Special Pooja,U08487,Wewurukannala & Buduruwagala Carvings,Badulla/Monaragala,Uva,2023-05-22,6.70519,81.16538,6.70876,81.1643,GPS Auto-Tag,413.8,59.6,Low,False
EVT23538,Pop-up Local Festival,U06539,Kandy Esala Perahera,Kandy,Central,2023-10-29,7.2878,80.64322,7.2875,80.64231,GPS Auto-Tag,105.8,87.6,High,True
EVT23539,Beach Party,U10009,Minneriya-Kaudulla Elephant Corridor,Polonnaruwa,North Central,2025-12-27,8.0297,80.94693,8.00658,80.90359,Typed Address,5412.0,0.1,Very Low,False
EVT23540,Food & Craft Fair,U16880,Nuwara Eliya Gregory Lake Boating,Nuwara Eliya,Central,2024-05-01,6.93456,80.79537,6.92193,80.80319,Typed Address,1645.2,12.8,Very Low,False
EVT23541,Temple/Kovil Special Pooja,U17833,Minneriya Elephant Gathering,Polonnaruwa,North Central,2025-12-31,8.04192,80.87581,8.04469,80.87832,GPS Auto-Tag,413.4,59.6,Low,False
EVT23542,Village Perahera,U04884,Bellanwila-Attidiya Sanctuary,Colombo,Western,2025-08-07,6.83115,79.88784,6.83173,79.8877,GPS Auto-Tag,65.9,92.1,High,True
EVT23543,Private Wedding,U04193,Kochchikade St. Anthony's Feast,Colombo,Western,2024-08-18,6.94289,79.84126,6.95976,79.84258,Manual Map Pin,1877.4,9.6,Very Low,False
EVT23544,Full Moon Party,U17630,Panama Village,Ampara,Eastern,2024-09-08,6.93036,81.79483,7.04677,81.78893,Typed Address,12938.4,0.0,Very Low,False
EVT23545,Community New Year Carnival,U06678,Muhudu Maha Vihara,Hambantota,Southern,2024-05-03,6.3458,81.47336,6.35777,81.45733,Manual Map Pin,2212.6,6.3,Very Low,False
EVT23546,Pop-up Local Festival,U00516,Wilpattu National Park Safari,Puttalam,North Western,2024-07-27,8.4708,80.04802,8.47047,80.04966,GPS Auto-Tag,183.3,79.5,Medium,True
EVT23547,Village Perahera,U14106,Weligama Surf School,Matara,Southern,2024-06-03,5.98258,80.40855,5.98245,80.40819,GPS Auto-Tag,42.3,94.8,High,True
EVT23548,Village Perahera,U03102,Mirissa Whale Watching & Beach,Matara,Southern,2023-09-05,5.93773,80.4598,5.94054,80.46099,GPS Auto-Tag,339.5,65.4,Medium,True
EVT23549,Full Moon Party,U01707,Minneriya Elephant Gathering,Polonnaruwa,North Central,2023-10-13,8.05114,80.88912,8.06659,80.89555,Manual Map Pin,1854.6,9.8,Very Low,False
EVT23550,Live Music Night,U06798,Madunagala Hot Springs,Hambantota,Southern,2024-10-28,6.23441,81.22915,6.23628,81.23042,GPS Auto-Tag,250.5,73.1,Medium,True
EVT23551,Live Music Night,U12683,Kalpitiya Kite Surfing,Puttalam,North Western,2023-06-10,8.22706,79.76466,8.22433,79.76967,Manual Map Pin,627.7,45.6,Low,False
EVT23552,Beach Party,U11342,Knuckles Conservation Forest Walk,Kandy/Matale,Central,2025-06-01,7.47879,80.79787,7.46712,80.78957,Manual Map Pin,1585.8,13.8,Very Low,False
EVT23553,Temple/Kovil Special Pooja,U03213,Muthurajawela Marsh Boat Safari,Gampaha,Western,2025-08-24,7.06568,79.87791,7.06657,79.87984,GPS Auto-Tag,234.1,74.6,Medium,True
EVT23554,Village Perahera,U16081,Knuckles Conservation Forest Walk,Kandy/Matale,Central,2023-04-06,7.46473,80.79778,7.46636,80.79589,GPS Auto-Tag,276.1,70.8,Medium,True
EVT23555,Pop-up Local Festival,U07781,Knuckles Conservation Forest Walk,Kandy/Matale,Central,2024-01-20,7.46952,80.7789,7.4699,80.77827,GPS Auto-Tag,81.4,90.3,High,True
EVT23556,Live Music Night,U10471,Yala National Park Safari,Hambantota,Southern,2025-01-22,6.36877,81.52643,6.36922,81.52713,GPS Auto-Tag,92.5,89.1,High,True
EVT23557,Full Moon Party,U01075,Bentota River Safari & Beach,Galle,Southern,2024-06-23,6.41784,80.01128,6.40898,79.99193,Typed Address,2349.8,5.3,Very Low,False
EVT23558,Private Wedding,U15315,Induruwa Turtle Conservation,Galle,Southern,2025-10-15,6.03916,80.02436,6.04102,80.02221,GPS Auto-Tag,314.4,67.5,Medium,True
EVT23559,Temple/Kovil Special Pooja,U04934,Weligama Surf School,Matara,Southern,2023-08-10,5.96815,80.42156,5.96818,80.4258,GPS Auto-Tag,468.0,55.7,Low,False
EVT23560,Private Wedding,U12595,Panama Village,Ampara,Eastern,2025-09-07,6.91491,81.80153,6.91512,81.80153,GPS Auto-Tag,23.5,97.1,High,True
EVT23561,Live Music Night,U10772,Kalametiya Bird Sanctuary,Hambantota,Southern,2023-10-26,6.05985,80.92272,6.06856,80.91169,Typed Address,1553.9,14.3,Very Low,False
EVT23562,Food & Craft Fair,U14795,Muhudu Maha Vihara,Hambantota,Southern,2023-11-14,6.3236,81.461,6.32636,81.44606,Manual Map Pin,1676.2,12.3,Very Low,False
EVT23563,Corporate Retreat Event,U15798,Bundala Wetland Birdwatching,Hambantota,Southern,2025-12-31,6.18992,81.21965,6.24877,81.26435,Typed Address,8185.9,0.0,Very Low,False
EVT23564,Full Moon Party,U09737,Dowa Rock Temple,Badulla,Uva,2025-05-10,6.87576,81.05252,6.87766,81.05379,GPS Auto-Tag,253.3,72.9,Medium,True
EVT23565,Private Wedding,U16417,Aluvihare Rock Monastery,Matale,Central,2024-03-31,7.47981,80.63116,7.48153,80.62986,GPS Auto-Tag,239.4,74.1,Medium,True
EVT23566,Food & Craft Fair,U03749,Delft Wild Pony Eco Tour,Jaffna,Northern,2025-01-13,9.54875,79.67324,9.55596,79.66815,Manual Map Pin,975.0,29.6,Very Low,False
EVT23567,Village Perahera,U04317,Delft Island,Jaffna,Northern,2025-10-19,9.53861,79.65276,9.5635,79.70063,Typed Address,5923.4,0.1,Very Low,False
EVT23568,Beach Party,U05502,Beruwala Beach Resort Leisure,Kalutara,Western,2025-07-06,6.48299,79.97565,6.49484,79.96095,Manual Map Pin,2088.0,7.4,Very Low,False
EVT23569,Private Wedding,U08151,St. Clair's & Devon Falls Viewpoint,Nuwara Eliya,Central,2024-03-30,7.02644,80.66363,7.02854,80.66237,GPS Auto-Tag,271.5,71.2,Medium,True
EVT23570,Private Wedding,U03544,Nuwara Eliya April Season,Nuwara Eliya,Central,2024-07-03,6.95679,80.80467,6.95618,80.80549,GPS Auto-Tag,113.2,86.8,High,True
EVT23571,Beach Party,U13646,Bentota River Safari & Beach,Galle,Southern,2024-05-17,6.43775,79.98919,6.43817,79.9878,GPS Auto-Tag,160.3,81.8,Medium,True
EVT23572,Live Music Night,U00121,Nuwara Eliya Tea Factory Tour,Nuwara Eliya,Central,2024-11-16,6.96428,80.77117,6.96509,80.77192,GPS Auto-Tag,122.5,85.8,High,True
EVT23573,Temple/Kovil Special Pooja,U00448,Kochchikade St. Anthony's Feast,Colombo,Western,2025-01-04,6.92844,79.85634,6.85366,79.86372,Typed Address,8339.8,0.0,Very Low,False
EVT23574,Village Perahera,U11951,Nallur Festival (Nallur Kandaswamy Kovil),Jaffna,Northern,2023-06-02,9.65134,80.03039,9.65244,80.03099,GPS Auto-Tag,138.2,84.1,Medium,True
EVT23575,Corporate Retreat Event,U16467,Knuckles Conservation Forest Walk,Kandy/Matale,Central,2025-12-12,7.45917,80.78475,7.45425,80.77564,Manual Map Pin,1141.3,24.0,Very Low,False
EVT23576,Live Music Night,U02059,Hurulu Eco Park,Polonnaruwa,North Central,2025-01-31,8.16271,80.88769,8.16093,80.88935,GPS Auto-Tag,269.6,71.4,Medium,True
EVT23577,Temple/Kovil Special Pooja,U03115,Hurulu Eco Park,Polonnaruwa,North Central,2023-03-02,8.15628,80.8772,8.14548,80.87711,Manual Map Pin,1198.9,22.3,Very Low,False
EVT23578,Full Moon Party,U09482,Ambalangoda Mask Museum,Galle,Southern,2025-03-22,6.2382,80.05618,6.21466,80.06363,Typed Address,2739.4,3.3,Very Low,False
EVT23579,Full Moon Party,U13294,Mannar Bird Migration Watching,Mannar,Northern,2023-02-04,8.99355,79.88541,8.96713,79.87969,Typed Address,2998.4,2.4,Very Low,False
EVT23580,Food & Craft Fair,U07572,Nuwara Eliya Gregory Lake Boating,Nuwara Eliya,Central,2023-10-31,6.9612,80.76383,7.01255,80.79537,Typed Address,6675.5,0.0,Very Low,False
EVT23581,Village Perahera,U07690,Hurulu Eco Park,Polonnaruwa,North Central,2024-11-02,8.18776,80.88408,8.19173,80.88079,Manual Map Pin,569.8,49.1,Low,False
EVT23582,Community New Year Carnival,U15276,Bellanwila-Attidiya Sanctuary,Colombo,Western,2023-01-19,6.84331,79.90071,6.83824,79.8894,Manual Map Pin,1368.4,18.1,Very Low,False
EVT23583,Private Wedding,U01035,Sinhala & Tamil New Year Village Games,Anuradhapura,North Central,2024-09-29,8.32457,80.40608,8.33341,80.38864,Manual Map Pin,2152.7,6.8,Very Low,False
EVT23584,Corporate Retreat Event,U06122,Ritigala Forest Monastery,Anuradhapura,North Central,2025-05-18,8.11061,80.64138,8.14935,80.64233,Typed Address,4301.5,0.5,Very Low,False
EVT23585,Live Music Night,U15628,Weligama Surf School,Matara,Southern,2024-01-11,5.97149,80.42424,5.97067,80.42374,GPS Auto-Tag,107.3,87.4,High,True
EVT23586,Live Music Night,U04166,Sera Ella Waterfall,Matale,Central,2025-05-30,7.53272,80.69721,7.52993,80.6987,Manual Map Pin,350.9,64.5,Medium,True
EVT23587,Full Moon Party,U06222,"Christmas Celebrations, Negombo",Gampaha,Western,2024-11-23,7.1999,79.84076,7.2013,79.83936,GPS Auto-Tag,219.0,76.1,Medium,True
EVT23588,Food & Craft Fair,U02545,Hakgala Botanical Garden,Nuwara Eliya,Central,2025-02-04,6.90967,80.78986,6.91092,80.78809,GPS Auto-Tag,239.3,74.1,Medium,True
EVT23589,Village Perahera,U12019,Anuradhapura Cycling Tour,Anuradhapura,North Central,2024-03-07,8.29165,80.39871,8.29245,80.39764,GPS Auto-Tag,147.5,83.2,Medium,True
EVT23590,Pop-up Local Festival,U09485,Kumana Bird Sanctuary,Ampara,Eastern,2025-07-22,6.55848,81.65914,6.55824,81.65987,GPS Auto-Tag,84.4,90.0,High,True
EVT23591,Corporate Retreat Event,U09983,Beruwala Beach Resort Leisure,Kalutara,Western,2023-12-23,6.48037,79.98198,6.47687,79.98455,GPS Auto-Tag,480.7,54.8,Low,False
EVT23592,Temple/Kovil Special Pooja,U14564,Hurulu Eco Park,Polonnaruwa,North Central,2023-07-23,8.1678,80.87798,8.18397,80.89523,Manual Map Pin,2610.5,3.8,Very Low,False
EVT23593,Village Perahera,U06050,Wadduwa Beach Escape,Kalutara,Western,2023-10-12,6.63676,79.92412,6.63504,79.92342,GPS Auto-Tag,206.5,77.2,Medium,True
EVT23594,Private Wedding,U07031,Delft Wild Pony Eco Tour,Jaffna,Northern,2025-11-20,9.51798,79.66862,9.52069,79.66769,GPS Auto-Tag,317.7,67.2,Medium,True
EVT23595,Pop-up Local Festival,U03857,Victoria Park Nuwara Eliya,Nuwara Eliya,Central,2025-10-29,6.96583,80.77616,6.96465,80.77835,GPS Auto-Tag,273.8,71.0,Medium,True
EVT23596,Temple/Kovil Special Pooja,U11535,"Christmas Celebrations, Negombo",Gampaha,Western,2023-07-27,7.18799,79.82441,7.19817,79.82354,Manual Map Pin,1133.9,24.2,Very Low,False
EVT23597,Live Music Night,U09952,Beddagana Wetland Park,Colombo,Western,2025-06-16,6.89982,79.89374,6.8959,79.89036,Manual Map Pin,572.2,48.9,Low,False
EVT23598,Live Music Night,U08359,Dowa Rock Temple,Badulla,Uva,2023-05-05,6.89601,81.04555,6.89779,81.04659,GPS Auto-Tag,228.3,75.2,Medium,True
EVT23599,Corporate Retreat Event,U17894,Lipton's Seat Viewpoint,Badulla,Uva,2023-01-15,6.82685,81.07122,6.82455,81.06767,GPS Auto-Tag,466.7,55.8,Low,False
EVT23600,Community New Year Carnival,U16924,Ritigala Forest Monastery,Anuradhapura,North Central,2024-10-22,8.11927,80.63744,8.11812,80.63933,GPS Auto-Tag,244.0,73.7,Medium,True
EVT23601,Pop-up Local Festival,U13486,Kalpitiya Kite Surfing,Puttalam,North Western,2024-05-14,8.23523,79.78015,8.23711,79.77891,GPS Auto-Tag,250.4,73.1,Medium,True
EVT23602,Live Music Night,U16493,Muthurajawela Marsh Boat Safari,Gampaha,Western,2025-01-30,7.07349,79.87635,7.04449,79.84021,Typed Address,5119.9,0.2,Very Low,False
EVT23603,Beach Party,U06253,Kalametiya Bird Sanctuary,Hambantota,Southern,2024-02-26,6.07696,80.9457,6.10809,80.94765,Typed Address,3462.2,1.3,Very Low,False
EVT23604,Village Perahera,U13578,Kanneliya Rainforest Reserve,Galle,Southern,2025-10-22,6.2406,80.35397,6.24151,80.35331,GPS Auto-Tag,124.5,85.6,High,True
EVT23605,Village Perahera,U05690,Mirissa Whale Watching & Beach,Matara,Southern,2025-02-06,5.95077,80.47704,5.95162,80.47679,GPS Auto-Tag,97.8,88.5,High,True
EVT23606,Community New Year Carnival,U14378,Kalpitiya Kite Surfing,Puttalam,North Western,2025-05-12,8.23033,79.7516,8.24524,79.76042,Manual Map Pin,1916.9,9.1,Very Low,False
EVT23607,Corporate Retreat Event,U06881,Colombo Galle Face & City Tour,Colombo,Western,2023-07-04,6.93223,79.85653,6.92858,79.85384,Manual Map Pin,502.1,53.4,Low,False
EVT23608,Beach Party,U15295,Bentota River Safari & Beach,Galle,Southern,2023-12-22,6.41814,80.01131,6.41749,80.01009,GPS Auto-Tag,152.5,82.6,Medium,True
EVT23609,Food & Craft Fair,U09462,Knuckles Mountain Range Trekking,Kandy/Matale,Central,2025-12-03,7.47772,80.76885,7.47611,80.76853,GPS Auto-Tag,182.2,79.6,Medium,True
EVT23610,Corporate Retreat Event,U02984,Dowa Rock Temple,Badulla,Uva,2023-01-03,6.88627,81.04028,6.88642,81.03802,GPS Auto-Tag,249.1,73.2,Medium,True
EVT23611,Community New Year Carnival,U01735,Panama Village,Ampara,Eastern,2024-05-03,6.94008,81.78861,6.94097,81.78757,GPS Auto-Tag,151.1,82.8,Medium,True
EVT23612,Temple/Kovil Special Pooja,U16265,Adam's Peak (Sri Pada) Climb,Ratnapura,Sabaragamuwa,2025-07-16,6.81575,80.51317,6.81899,80.51958,Manual Map Pin,793.1,37.1,Low,False
EVT23613,Pop-up Local Festival,U07075,Muthurajawela Marsh Boat Safari,Gampaha,Western,2024-09-01,7.07492,79.88462,7.09717,79.79665,Typed Address,9999.8,0.0,Very Low,False
EVT23614,Corporate Retreat Event,U06383,Horton Plains Cloud Forest Eco Walk,Nuwara Eliya,Central,2025-05-27,6.80318,80.80147,6.80119,80.79904,Manual Map Pin,347.1,64.8,Medium,True
EVT23615,Food & Craft Fair,U15032,Hurulu Eco Park,Polonnaruwa,North Central,2024-01-03,8.18095,80.88273,8.17922,80.88234,GPS Auto-Tag,196.8,78.2,Medium,True
EVT23616,Corporate Retreat Event,U13374,Royal Botanical Garden Peradeniya,Kandy,Central,2024-06-10,7.27207,80.59218,7.27387,80.59117,GPS Auto-Tag,228.5,75.2,Medium,True
EVT23617,Private Wedding,U00819,Rekawa Turtle Conservation,Hambantota,Southern,2025-03-21,6.04938,80.85239,6.06164,80.85409,Manual Map Pin,1373.7,18.0,Very Low,False
EVT23618,Full Moon Party,U05235,Induruwa Turtle Conservation,Galle,Southern,2024-06-27,6.0407,80.03348,6.03471,80.02844,Manual Map Pin,867.0,33.8,Low,False
EVT23619,Community New Year Carnival,U15883,Beruwala Beach Resort Leisure,Kalutara,Western,2023-07-17,6.47565,79.98227,6.46595,79.97675,Manual Map Pin,1237.2,21.3,Very Low,False
EVT23620,Community New Year Carnival,U12711,Weligama Surf School,Matara,Southern,2023-05-26,5.97028,80.42675,5.95548,80.42358,Manual Map Pin,1679.2,12.3,Very Low,False
EVT23621,Live Music Night,U17436,Vesak Festival (Colombo & Island-wide),Colombo,Western,2023-04-10,6.94113,79.8531,6.92021,79.9085,Typed Address,6531.1,0.0,Very Low,False
EVT23622,Village Perahera,U06031,Kandy Lake Evening Walk,Kandy,Central,2024-05-30,7.30324,80.61996,7.27607,80.61675,Manual Map Pin,3036.2,2.2,Very Low,False
EVT23623,Beach Party,U09304,Nilaveli Beach,Trincomalee,Eastern,2025-03-26,8.70202,81.17466,8.70251,81.1775,GPS Auto-Tag,316.6,67.3,Medium,True
EVT23624,Private Wedding,U00522,Vesak Festival (Colombo & Island-wide),Colombo,Western,2025-11-09,6.9186,79.85941,6.91814,79.86051,GPS Auto-Tag,131.9,84.8,Medium,True
EVT23625,Village Perahera,U05577,Bentota River Safari & Beach,Galle,Southern,2025-07-02,6.40729,79.99343,6.40397,79.99345,GPS Auto-Tag,368.1,63.1,Medium,True
EVT23626,Live Music Night,U07739,Pigeon Island Snorkeling,Trincomalee,Eastern,2025-05-21,8.7367,81.19028,8.73576,81.19046,GPS Auto-Tag,105.9,87.6,High,True
EVT23627,Village Perahera,U01888,Pigeon Island Snorkeling,Trincomalee,Eastern,2024-01-28,8.70837,81.21785,8.70676,81.2161,GPS Auto-Tag,262.6,72.0,Medium,True
EVT23628,Food & Craft Fair,U17240,Gal Oya Kudugala Village Eco Trek,Ampara,Eastern,2025-12-22,7.17619,81.43762,7.17628,81.43694,GPS Auto-Tag,75.5,91.0,High,True
EVT23629,Corporate Retreat Event,U02653,Bogoda Wooden Bridge,Badulla,Uva,2024-11-03,6.95562,81.01798,6.95558,81.01713,GPS Auto-Tag,93.9,88.9,High,True
EVT23630,Village Perahera,U11604,Wasgamuwa National Park Safari,Matale/Polonnaruwa,Central,2023-03-01,7.78112,80.92904,7.73456,80.93688,Typed Address,5239.5,0.1,Very Low,False
EVT23631,Village Perahera,U07108,Bentota River Safari & Beach,Galle,Southern,2023-02-28,6.42813,79.99685,6.43921,80.00132,Manual Map Pin,1325.3,19.1,Very Low,False
EVT23632,Community New Year Carnival,U01727,Ritigala Forest Monastery,Anuradhapura,North Central,2024-02-19,8.11025,80.65101,8.11098,80.65249,GPS Auto-Tag,182.3,79.6,Medium,True
EVT23633,Community New Year Carnival,U12933,Minneriya-Kaudulla Elephant Corridor,Polonnaruwa,North Central,2024-02-17,8.04323,80.9626,8.04164,80.96232,GPS Auto-Tag,180.0,79.9,Medium,True
EVT23634,Corporate Retreat Event,U08980,Ramboda Falls Visit,Nuwara Eliya,Central,2024-09-20,7.05764,80.69412,7.03787,80.6682,Typed Address,3601.0,1.1,Very Low,False
EVT23635,Private Wedding,U17230,Arugam Bay Surfing,Ampara,Eastern,2024-03-15,6.82089,81.81684,6.76854,81.87244,Typed Address,8445.9,0.0,Very Low,False
EVT23636,Corporate Retreat Event,U12180,Kataragama Esala Perahera,Monaragala,Uva,2024-03-09,6.41764,81.34147,6.41862,81.3411,GPS Auto-Tag,115.4,86.6,High,True
EVT23637,Full Moon Party,U15747,Kanniya Hot Springs,Trincomalee,Eastern,2025-11-06,8.58964,81.15497,8.58966,81.15464,GPS Auto-Tag,36.1,95.6,High,True
EVT23638,Beach Party,U16421,Nuwara Eliya Tea Factory Tour,Nuwara Eliya,Central,2023-12-04,6.96627,80.7652,6.96526,80.76221,GPS Auto-Tag,348.2,64.7,Medium,True
EVT23639,Live Music Night,U16666,Muhudu Maha Vihara,Hambantota,Southern,2024-06-06,6.34307,81.47575,6.37863,81.45328,Typed Address,4661.1,0.3,Very Low,False
EVT23640,Live Music Night,U06223,Lipton's Seat Viewpoint,Badulla,Uva,2023-09-29,6.80421,81.06606,6.80355,81.06749,GPS Auto-Tag,174.0,80.5,Medium,True
EVT23641,Temple/Kovil Special Pooja,U10272,Hiriwadunna Village,Anuradhapura,North Central,2025-06-03,7.98521,80.75715,7.99922,80.76009,Manual Map Pin,1588.2,13.7,Very Low,False
EVT23642,Corporate Retreat Event,U13449,Beruwala Beach Resort Leisure,Kalutara,Western,2024-10-22,6.50337,79.9747,6.50203,79.97437,GPS Auto-Tag,153.2,82.6,Medium,True
EVT23643,Live Music Night,U14214,Ravana Caves & Ella Wala Pool,Badulla,Uva,2023-07-21,6.86504,81.044,6.78811,81.05591,Typed Address,8639.6,0.0,Very Low,False
EVT23644,Full Moon Party,U15644,Hakgala Botanical Garden,Nuwara Eliya,Central,2024-01-12,6.92186,80.78741,6.92141,80.78786,GPS Auto-Tag,70.1,91.6,High,True
EVT23645,Pop-up Local Festival,U17103,Thalangama Wetland Birdwatching,Colombo,Western,2023-01-16,6.8988,79.91017,6.89739,79.92827,Manual Map Pin,2000.4,8.2,Very Low,False
EVT23646,Private Wedding,U17868,Udawalawe Elephant Transit Home,Ratnapura,Sabaragamuwa,2024-05-05,6.42511,80.9056,6.42607,80.90616,GPS Auto-Tag,123.0,85.7,High,True
EVT23647,Private Wedding,U14533,Trincomalee Whale Watching,Trincomalee,Eastern,2024-06-01,8.57562,81.22856,8.63852,81.30901,Typed Address,11257.2,0.0,Very Low,False
EVT23648,Village Perahera,U13094,Nallur Festival (Nallur Kandaswamy Kovil),Jaffna,Northern,2023-04-08,9.6704,80.01324,9.67425,79.99876,Manual Map Pin,1640.9,12.9,Very Low,False
EVT23649,Pop-up Local Festival,U05401,Hikkaduwa Diving & Surfing,Galle,Southern,2023-12-26,6.13403,80.11022,6.13632,80.10632,Manual Map Pin,500.1,53.5,Low,False
EVT23650,Beach Party,U02175,Diyaluma Infinity Pools,Badulla,Uva,2025-01-04,6.71631,81.02977,6.71629,81.02184,Manual Map Pin,874.4,33.5,Low,False
EVT23651,Community New Year Carnival,U11110,Wadduwa Beach Escape,Kalutara,Western,2023-01-25,6.64175,79.89921,6.64253,79.90067,GPS Auto-Tag,182.7,79.6,Medium,True
EVT23652,Private Wedding,U12274,Aluvihare Rock Monastery,Matale,Central,2023-08-11,7.49438,80.61864,7.4944,80.61809,GPS Auto-Tag,60.5,92.7,High,True
EVT23653,Pop-up Local Festival,U15473,Nuwara Eliya Tea Factory Tour,Nuwara Eliya,Central,2023-08-11,6.97207,80.78428,6.97404,80.73516,Typed Address,5416.3,0.1,Very Low,False
EVT23654,Pop-up Local Festival,U13026,Kosgoda Turtle Hatchery,Galle,Southern,2024-08-09,6.07694,79.99826,6.09832,80.02688,Typed Address,3951.2,0.7,Very Low,False
EVT23655,Full Moon Party,U00216,Peak Wilderness Sanctuary Trek,Ratnapura,Sabaragamuwa,2024-07-13,6.79911,80.51631,6.80198,80.51608,GPS Auto-Tag,320.2,67.0,Medium,True
EVT23656,Pop-up Local Festival,U07414,Trincomalee Whale Watching,Trincomalee,Eastern,2024-06-04,8.55703,81.23948,8.57174,81.18004,Typed Address,6725.5,0.0,Very Low,False
EVT23657,Temple/Kovil Special Pooja,U04436,Mulkirigala Rock Monastery,Hambantota,Southern,2024-10-16,6.18054,80.87281,6.23585,80.84126,Typed Address,7058.3,0.0,Very Low,False
EVT23658,Corporate Retreat Event,U09584,Minneriya Elephant Gathering,Polonnaruwa,North Central,2025-06-07,8.01979,80.91047,8.07783,80.90163,Typed Address,6515.0,0.0,Very Low,False
EVT23659,Full Moon Party,U12540,Polonnaruwa Cycling Tour,Polonnaruwa,North Central,2025-11-30,7.95388,81.01102,7.94864,80.99371,Manual Map Pin,1990.4,8.3,Very Low,False
EVT23660,Village Perahera,U00530,Bopath Ella Falls Trek,Ratnapura,Sabaragamuwa,2025-01-04,6.73375,80.37113,6.73492,80.36996,GPS Auto-Tag,182.1,79.6,Medium,True
EVT23661,Village Perahera,U16442,Pasikuda Beach,Batticaloa,Eastern,2024-05-05,7.93582,81.58515,7.93765,81.5979,Manual Map Pin,1415.7,17.0,Very Low,False
EVT23662,Live Music Night,U10026,Pigeon Island Snorkeling,Trincomalee,Eastern,2023-06-28,8.72502,81.20116,8.72886,81.19877,Manual Map Pin,500.6,53.5,Low,False
EVT23663,Village Perahera,U08941,Polonnaruwa Cycling Tour,Polonnaruwa,North Central,2023-09-23,7.92789,81.0082,7.93397,81.02345,Manual Map Pin,1807.0,10.4,Very Low,False
EVT23664,Pop-up Local Festival,U09348,Arugam Bay Surfing,Ampara,Eastern,2023-06-06,6.84413,81.82144,6.84494,81.81913,GPS Auto-Tag,269.7,71.4,Medium,True
EVT23665,Temple/Kovil Special Pooja,U02773,Rekawa Turtle Conservation,Hambantota,Southern,2023-07-10,6.05277,80.86275,6.05056,80.86299,GPS Auto-Tag,245.9,73.5,Medium,True
EVT23666,Village Perahera,U16735,Anawilundawa Ramsar Wetland,Puttalam,North Western,2025-07-19,7.74296,79.81289,7.75446,79.81192,Manual Map Pin,1280.9,20.2,Very Low,False
EVT23667,Food & Craft Fair,U11918,Haputale Viewpoint & Tea Estates,Badulla,Uva,2024-08-12,6.77072,80.96892,6.76269,80.96905,Manual Map Pin,891.7,32.8,Low,False
EVT23668,Beach Party,U17912,Hakgala Botanical Garden,Nuwara Eliya,Central,2024-07-21,6.92045,80.78898,6.90938,80.79285,Manual Map Pin,1300.5,19.7,Very Low,False
EVT23669,Community New Year Carnival,U04894,Kumana Bird Sanctuary,Ampara,Eastern,2024-07-30,6.55326,81.67618,6.53302,81.66095,Manual Map Pin,2804.8,3.0,Very Low,False
EVT23670,Beach Party,U13980,Bellanwila-Attidiya Sanctuary,Colombo,Western,2025-06-01,6.83816,79.89001,6.89059,79.8951,Typed Address,5845.9,0.1,Very Low,False
EVT23671,Live Music Night,U15667,Kitulgala White Water Rafting,Kegalle,Sabaragamuwa,2025-07-31,6.98657,80.43307,6.98512,80.43394,GPS Auto-Tag,187.3,79.1,Medium,True
EVT23672,Private Wedding,U14838,Adam's Peak (Sri Pada) Climb,Ratnapura,Sabaragamuwa,2025-03-20,6.8116,80.5127,6.80595,80.51585,Manual Map Pin,717.2,40.8,Low,False
EVT23673,Pop-up Local Festival,U09368,Minneriya Elephant Gathering,Polonnaruwa,North Central,2024-06-23,8.03264,80.89193,8.03276,80.8902,GPS Auto-Tag,190.0,78.9,Medium,True
EVT23674,Temple/Kovil Special Pooja,U02527,Beddagana Wetland Park,Colombo,Western,2025-07-21,6.89959,79.91996,6.9089,79.90978,Manual Map Pin,1524.5,14.9,Very Low,False
EVT23675,Village Perahera,U07067,Sinharaja Forest Reserve Nature Walk,Ratnapura/Galle,Sabaragamuwa,2024-10-26,6.40256,80.51213,6.37057,80.49793,Typed Address,3880.7,0.8,Very Low,False
EVT23676,Village Perahera,U08285,Wadduwa Beach Escape,Kalutara,Western,2023-02-22,6.65599,79.9194,6.64499,79.89494,Manual Map Pin,2960.2,2.5,Very Low,False
EVT23677,Beach Party,U12635,Horton Plains Cloud Forest Eco Walk,Nuwara Eliya,Central,2024-06-13,6.80628,80.80248,6.80486,80.80145,GPS Auto-Tag,194.7,78.4,Medium,True
EVT23678,Full Moon Party,U10463,Peak Wilderness Sanctuary Trek,Ratnapura,Sabaragamuwa,2024-12-25,6.79575,80.50116,6.79416,80.50111,GPS Auto-Tag,176.3,80.2,Medium,True
EVT23679,Beach Party,U17542,Induruwa Turtle Conservation,Galle,Southern,2023-08-08,6.03861,80.02228,6.03771,80.02539,Manual Map Pin,357.2,64.0,Medium,True
EVT23680,Private Wedding,U00228,Mannar Bird Migration Watching,Mannar,Northern,2023-02-18,8.98937,79.89151,8.98768,79.89059,GPS Auto-Tag,213.3,76.6,Medium,True
EVT23681,Temple/Kovil Special Pooja,U02312,Sinharaja Rainforest Trekking,Ratnapura/Galle,Sabaragamuwa,2023-06-07,6.3996,80.48753,6.40089,80.49127,Manual Map Pin,436.5,57.9,Low,False
EVT23682,Live Music Night,U11287,Deepavali Festival (Colombo Kovils),Colombo,Western,2023-05-17,6.8746,79.86441,6.87441,79.86304,GPS Auto-Tag,152.3,82.7,Medium,True
EVT23683,Temple/Kovil Special Pooja,U00178,Muthurajawela Marsh Boat Safari,Gampaha,Western,2025-02-02,7.05526,79.87648,7.04392,79.90284,Manual Map Pin,3165.0,1.9,Very Low,False
EVT23684,Village Perahera,U09029,Wewurukannala & Buduruwagala Carvings,Badulla/Monaragala,Uva,2024-04-15,6.71551,81.15759,6.71619,81.15745,GPS Auto-Tag,77.1,90.8,High,True
EVT23685,Full Moon Party,U02763,Panama Village,Ampara,Eastern,2023-10-24,6.92938,81.79303,6.97917,81.75849,Typed Address,6710.0,0.0,Very Low,False
EVT23686,Corporate Retreat Event,U17170,Colombo Galle Face & City Tour,Colombo,Western,2025-04-28,6.94195,79.85299,6.93273,79.84374,Manual Map Pin,1444.5,16.4,Very Low,False
EVT23687,Community New Year Carnival,U16527,Deepavali Festival (Colombo Kovils),Colombo,Western,2025-06-07,6.89071,79.87163,6.88987,79.87248,GPS Auto-Tag,132.0,84.8,Medium,True
EVT23688,Beach Party,U12707,Induruwa Turtle Conservation,Galle,Southern,2023-03-15,6.05096,80.03499,6.05152,80.03399,GPS Auto-Tag,126.7,85.4,High,True
EVT23689,Food & Craft Fair,U14449,Diyasaru Wetland Park,Colombo,Western,2024-01-27,6.87394,79.9261,6.87265,79.92675,GPS Auto-Tag,159.0,82.0,Medium,True
EVT23690,Live Music Night,U00351,Lipton's Seat Viewpoint,Badulla,Uva,2024-02-17,6.82469,81.06052,6.82407,81.06083,GPS Auto-Tag,76.4,90.9,High,True
EVT23691,Full Moon Party,U14522,Sinharaja Rainforest Trekking,Ratnapura/Galle,Sabaragamuwa,2025-07-04,6.39733,80.50615,6.40019,80.50284,GPS Auto-Tag,483.8,54.6,Low,False
EVT23692,Food & Craft Fair,U05887,Nallur Festival (Nallur Kandaswamy Kovil),Jaffna,Northern,2024-05-12,9.67561,80.0318,9.67297,80.04362,Manual Map Pin,1326.1,19.1,Very Low,False
EVT23693,Corporate Retreat Event,U05872,Mulkirigala Rock Monastery,Hambantota,Southern,2024-04-18,6.18849,80.88033,6.19003,80.87812,GPS Auto-Tag,297.7,68.9,Medium,True
EVT23694,Full Moon Party,U04411,Kitulgala White Water Rafting,Kegalle,Sabaragamuwa,2024-07-17,6.99086,80.41218,6.99001,80.40837,GPS Auto-Tag,430.7,58.4,Low,False
EVT23695,Community New Year Carnival,U09793,Beruwala Beach Resort Leisure,Kalutara,Western,2024-11-06,6.46728,79.99136,6.4561,79.97199,Manual Map Pin,2470.6,4.6,Very Low,False
EVT23696,Full Moon Party,U15306,Kitulgala White Water Rafting,Kegalle,Sabaragamuwa,2024-10-31,6.9816,80.42535,6.98148,80.42506,GPS Auto-Tag,34.5,95.8,High,True
EVT23697,Village Perahera,U07918,Kumana National Park Birding & Safari,Ampara,Eastern,2023-06-18,6.56045,81.66907,6.56095,81.66911,GPS Auto-Tag,55.4,93.3,High,True
EVT23698,Temple/Kovil Special Pooja,U16602,Kanneliya Rainforest Reserve,Galle,Southern,2023-06-23,6.25482,80.34831,6.25596,80.34638,GPS Auto-Tag,247.6,73.4,Medium,True
EVT23699,Food & Craft Fair,U10777,Polonnaruwa Cycling Tour,Polonnaruwa,North Central,2024-07-17,7.95515,81.03832,7.95342,81.05334,Manual Map Pin,1661.9,12.5,Very Low,False
EVT23700,Beach Party,U06799,Anuradhapura Cycling Tour,Anuradhapura,North Central,2023-06-17,8.32482,80.38899,8.32413,80.3897,GPS Auto-Tag,109.4,87.2,High,True
EVT23701,Pop-up Local Festival,U05614,Laxapana Falls Trek,Nuwara Eliya,Central,2023-02-20,6.93213,80.49605,6.93253,80.49623,GPS Auto-Tag,48.2,94.2,High,True
EVT23702,Private Wedding,U13577,Ravana Falls Abseiling,Badulla,Uva,2023-10-16,6.89865,81.05884,6.89849,81.05786,GPS Auto-Tag,109.6,87.2,High,True
EVT23703,Corporate Retreat Event,U11480,Bellanwila-Attidiya Sanctuary,Colombo,Western,2025-05-23,6.83259,79.90408,6.83118,79.90447,GPS Auto-Tag,162.0,81.7,Medium,True
EVT23704,Temple/Kovil Special Pooja,U16690,Induruwa Turtle Conservation,Galle,Southern,2024-03-12,6.04718,80.03266,6.04754,80.03208,GPS Auto-Tag,75.4,91.0,High,True
EVT23705,Food & Craft Fair,U03061,Knuckles Mountain Range Trekking,Kandy/Matale,Central,2023-11-15,7.47273,80.77618,7.47359,80.77496,GPS Auto-Tag,165.3,81.3,Medium,True
EVT23706,Community New Year Carnival,U17891,Kumana Bird Sanctuary,Ampara,Eastern,2025-11-20,6.57776,81.66377,6.5772,81.66286,GPS Auto-Tag,118.4,86.2,High,True
EVT23707,Live Music Night,U02076,Ambalangoda Mask Museum,Galle,Southern,2023-09-09,6.23247,80.05913,6.22748,80.08687,Manual Map Pin,3110.0,2.0,Very Low,False
EVT23708,Corporate Retreat Event,U07115,Negombo Lagoon Boat Ride,Gampaha,Western,2024-07-29,7.1989,79.83811,7.20467,79.84286,Manual Map Pin,826.3,35.6,Low,False
EVT23709,Community New Year Carnival,U00310,Nuwara Eliya Gregory Lake Boating,Nuwara Eliya,Central,2024-07-30,6.95638,80.79152,6.97337,80.85574,Typed Address,7322.4,0.0,Very Low,False
EVT23710,Full Moon Party,U10870,Nuwara Eliya Gregory Lake Boating,Nuwara Eliya,Central,2024-08-09,6.94428,80.78913,6.91468,80.80708,Manual Map Pin,3834.4,0.8,Very Low,False
EVT23711,Full Moon Party,U06696,Ella Rock & Little Adam's Peak Hike,Badulla,Uva,2023-06-14,6.86353,81.0313,6.86188,81.03231,GPS Auto-Tag,213.4,76.6,Medium,True
EVT23712,Full Moon Party,U03924,Victoria Park Nuwara Eliya,Nuwara Eliya,Central,2024-02-17,6.96455,80.7724,6.96433,80.76459,Manual Map Pin,860.8,34.1,Low,False
EVT23713,Community New Year Carnival,U01965,Hikkaduwa Diving & Surfing,Galle,Southern,2024-09-13,6.13583,80.10324,6.14115,80.11488,Manual Map Pin,1414.3,17.1,Very Low,False
EVT23714,Pop-up Local Festival,U17308,Hakgala Botanical Garden,Nuwara Eliya,Central,2024-02-02,6.91535,80.79316,6.91231,80.79409,Manual Map Pin,352.7,64.3,Medium,True
EVT23715,Village Perahera,U02471,Sinhala & Tamil New Year Village Games,Anuradhapura,North Central,2023-12-20,8.30872,80.39288,8.3091,80.39056,GPS Auto-Tag,258.1,72.4,Medium,True
EVT23716,Temple/Kovil Special Pooja,U07765,Deepavali Festival (Colombo Kovils),Colombo,Western,2025-02-19,6.88051,79.86531,6.88202,79.80627,Typed Address,6508.1,0.0,Very Low,False
EVT23717,Private Wedding,U02196,"New Year's Eve Countdown, Galle Face",Colombo,Western,2023-03-09,6.92381,79.86163,6.92253,79.8631,GPS Auto-Tag,214.9,76.4,Medium,True
EVT23718,Temple/Kovil Special Pooja,U03842,Kalametiya Bird Sanctuary,Hambantota,Southern,2023-07-27,6.06348,80.92962,6.06422,80.92727,GPS Auto-Tag,271.7,71.2,Medium,True
EVT23719,Pop-up Local Festival,U07954,Sinhala & Tamil New Year Village Games,Anuradhapura,North Central,2024-01-31,8.30757,80.40906,8.29572,80.41563,Manual Map Pin,1500.8,15.3,Very Low,False
EVT23720,Food & Craft Fair,U07897,Polonnaruwa Cycling Tour,Polonnaruwa,North Central,2023-09-10,7.93707,81.01933,7.90697,81.0153,Typed Address,3369.9,1.5,Very Low,False
EVT23721,Community New Year Carnival,U09091,Wasgamuwa National Park Safari,Matale/Polonnaruwa,Central,2025-04-26,7.78775,80.94582,7.80161,80.94466,Manual Map Pin,1544.0,14.5,Very Low,False
EVT23722,Temple/Kovil Special Pooja,U15192,Hiriwadunna Village,Anuradhapura,North Central,2023-12-28,7.97738,80.75166,7.96554,80.73531,Manual Map Pin,2226.1,6.2,Very Low,False
EVT23723,Private Wedding,U01063,Nuwara Eliya April Season,Nuwara Eliya,Central,2024-09-01,6.96441,80.79602,6.96326,80.79511,GPS Auto-Tag,161.7,81.7,Medium,True
EVT23724,Private Wedding,U06559,Bundala Wetland Birdwatching,Hambantota,Southern,2023-05-06,6.20578,81.22361,6.21009,81.22271,Manual Map Pin,488.7,54.3,Low,False
EVT23725,Community New Year Carnival,U05996,Kumana National Park Birding & Safari,Ampara,Eastern,2024-05-03,6.56395,81.6776,6.56257,81.67766,GPS Auto-Tag,152.4,82.7,Medium,True
EVT23726,Pop-up Local Festival,U11828,Nuwara Eliya Gregory Lake Boating,Nuwara Eliya,Central,2024-12-18,6.95201,80.80146,6.94925,80.77482,Manual Map Pin,2952.0,2.5,Very Low,False
EVT23727,Beach Party,U03358,Horton Plains Cloud Forest Eco Walk,Nuwara Eliya,Central,2025-09-24,6.80607,80.76877,6.80546,80.77083,GPS Auto-Tag,237.5,74.3,Medium,True
EVT23728,Pop-up Local Festival,U04519,Gal Oya Kudugala Village Eco Trek,Ampara,Eastern,2023-06-25,7.16706,81.46573,7.16462,81.46368,GPS Auto-Tag,352.7,64.3,Medium,True
EVT23729,Food & Craft Fair,U03590,Nuwara Eliya Gregory Lake Boating,Nuwara Eliya,Central,2025-10-01,6.96346,80.80385,6.96395,80.78801,Manual Map Pin,1746.7,11.3,Very Low,False
EVT23730,Private Wedding,U01379,Nuwara Eliya Tea Factory Tour,Nuwara Eliya,Central,2023-11-12,6.95591,80.76928,6.96083,80.76866,Typed Address,551.4,50.2,Low,False
EVT23731,Beach Party,U04338,Kalametiya Bird Sanctuary,Hambantota,Southern,2024-03-18,6.06998,80.93952,6.06852,80.93782,GPS Auto-Tag,248.5,73.3,Medium,True
EVT23732,Live Music Night,U06411,Diyaluma Infinity Pools,Badulla,Uva,2024-06-02,6.72267,81.0431,6.72274,81.04527,GPS Auto-Tag,239.7,74.1,Medium,True
EVT23733,Corporate Retreat Event,U04319,Kosgoda Turtle Hatchery,Galle,Southern,2025-08-30,6.07215,80.01121,6.07092,80.01363,GPS Auto-Tag,299.1,68.8,Medium,True
EVT23734,Beach Party,U11320,Negombo Lagoon Boat Ride,Gampaha,Western,2024-09-09,7.20742,79.83655,7.21009,79.83407,GPS Auto-Tag,403.2,60.4,Medium,True
EVT23735,Beach Party,U12045,Laxapana Falls Trek,Nuwara Eliya,Central,2024-02-03,6.93534,80.50019,7.01506,80.5267,Typed Address,9318.1,0.0,Very Low,False
EVT23736,Community New Year Carnival,U09638,Polonnaruwa Cycling Tour,Polonnaruwa,North Central,2024-01-16,7.94108,81.02676,7.93742,81.03367,Manual Map Pin,861.7,34.1,Low,False
EVT23737,Community New Year Carnival,U15150,Gal Oya Kudugala Village Eco Trek,Ampara,Eastern,2024-05-25,7.16801,81.44433,7.18287,81.43675,Manual Map Pin,1849.1,9.9,Very Low,False
EVT23738,Village Perahera,U09030,Kalametiya Bird Sanctuary,Hambantota,Southern,2024-12-12,6.07033,80.94094,6.06937,80.93961,GPS Auto-Tag,181.7,79.7,Medium,True
EVT23739,Temple/Kovil Special Pooja,U14802,Adam's Peak (Sri Pada) Climb,Ratnapura,Sabaragamuwa,2023-04-11,6.81365,80.48609,6.80645,80.48155,Manual Map Pin,943.0,30.8,Low,False
EVT23740,Beach Party,U02097,Madunagala Hot Springs,Hambantota,Southern,2024-02-15,6.26085,81.23208,6.26012,81.231,GPS Auto-Tag,144.9,83.4,Medium,True
EVT23741,Temple/Kovil Special Pooja,U16832,Belihuloya River Adventures,Ratnapura,Sabaragamuwa,2023-10-07,6.68908,80.82446,6.69006,80.82638,GPS Auto-Tag,237.6,74.3,Medium,True
EVT23742,Temple/Kovil Special Pooja,U14498,Udawalawe Elephant Transit Home,Ratnapura,Sabaragamuwa,2025-02-04,6.42987,80.87108,6.43078,80.87067,GPS Auto-Tag,110.1,87.1,High,True
EVT23743,Village Perahera,U03004,Ravana Falls Abseiling,Badulla,Uva,2024-08-23,6.88571,81.06374,6.89151,81.05159,Manual Map Pin,1485.9,15.6,Very Low,False
EVT23744,Beach Party,U06849,Udawalawe Elephant Transit Home,Ratnapura,Sabaragamuwa,2024-05-16,6.45041,80.86991,6.45101,80.87186,GPS Auto-Tag,226.0,75.4,Medium,True
EVT23745,Beach Party,U02576,Rekawa Turtle Conservation,Hambantota,Southern,2025-05-03,6.04985,80.83507,6.05129,80.83315,GPS Auto-Tag,264.9,71.8,Medium,True
EVT23746,Food & Craft Fair,U12708,Meemure Village,Kandy,Central,2023-11-21,7.47787,80.78929,7.47776,80.78844,GPS Auto-Tag,94.9,88.8,High,True
EVT23747,Pop-up Local Festival,U09707,St. Clair's & Devon Falls Viewpoint,Nuwara Eliya,Central,2024-05-19,7.03959,80.65896,7.05474,80.6489,Manual Map Pin,2013.8,8.1,Very Low,False
EVT23748,Village Perahera,U15909,Sinharaja Forest Reserve Nature Walk,Ratnapura/Galle,Sabaragamuwa,2023-01-04,6.42327,80.49117,6.41345,80.49171,Manual Map Pin,1092.1,25.5,Very Low,False
EVT23749,Pop-up Local Festival,U11396,Negombo Lagoon Boat Ride,Gampaha,Western,2023-06-24,7.21933,79.83651,7.21831,79.83444,GPS Auto-Tag,255.0,72.7,Medium,True
EVT23750,Live Music Night,U05351,Bundala Wetland Birdwatching,Hambantota,Southern,2024-12-02,6.18746,81.20895,6.19369,81.17783,Manual Map Pin,3503.4,1.3,Very Low,False
EVT23751,Corporate Retreat Event,U15485,Unawatuna Beach,Galle,Southern,2023-06-09,6.01335,80.23681,6.01015,80.23608,GPS Auto-Tag,364.9,63.4,Medium,True
EVT23752,Live Music Night,U12780,Beruwala Beach Resort Leisure,Kalutara,Western,2024-12-26,6.4924,79.95985,6.49313,79.96796,Manual Map Pin,898.0,32.5,Low,False
EVT23753,Corporate Retreat Event,U08461,Hurulu Eco Park,Polonnaruwa,North Central,2025-10-16,8.16141,80.89377,8.14909,80.88068,Manual Map Pin,1985.5,8.4,Very Low,False
EVT23754,Temple/Kovil Special Pooja,U09033,Ramboda Falls Visit,Nuwara Eliya,Central,2025-09-28,7.06145,80.70045,7.03577,80.67441,Typed Address,4044.6,0.6,Very Low,False
EVT23755,Temple/Kovil Special Pooja,U01372,Pasikuda Beach,Batticaloa,Eastern,2023-11-11,7.94148,81.58546,7.94008,81.58673,GPS Auto-Tag,208.2,77.1,Medium,True
EVT23756,Private Wedding,U11947,Nuwara Eliya Gregory Lake Boating,Nuwara Eliya,Central,2025-07-09,6.94341,80.79774,6.93681,80.7979,Typed Address,732.4,40.0,Low,False
EVT23757,Beach Party,U17282,Wilpattu National Park Safari,Puttalam,North Western,2023-03-23,8.44561,80.05897,8.44718,80.07243,Manual Map Pin,1487.4,15.6,Very Low,False
EVT23758,Pop-up Local Festival,U08328,Induruwa Turtle Conservation,Galle,Southern,2024-12-20,6.05252,80.04498,6.05232,80.04233,GPS Auto-Tag,293.6,69.3,Medium,True
EVT23759,Live Music Night,U10149,Peak Wilderness Sanctuary Trek,Ratnapura,Sabaragamuwa,2023-05-06,6.80086,80.5017,6.81157,80.51126,Manual Map Pin,1588.4,13.7,Very Low,False
EVT23760,Private Wedding,U05437,Minneriya Elephant Gathering,Polonnaruwa,North Central,2023-03-16,8.03908,80.90848,8.03916,80.90635,GPS Auto-Tag,234.0,74.6,Medium,True
EVT23761,Private Wedding,U06738,Induruwa Turtle Conservation,Galle,Southern,2024-02-29,6.05614,80.03105,6.05893,80.02981,GPS Auto-Tag,339.1,65.5,Medium,True
EVT23762,Private Wedding,U00188,Hurulu Eco Park,Polonnaruwa,North Central,2024-04-06,8.16123,80.88093,8.1648,80.88457,Manual Map Pin,563.6,49.4,Low,False
EVT23763,Live Music Night,U13943,Beddagana Wetland Park,Colombo,Western,2025-10-03,6.8921,79.91563,6.89226,79.91605,GPS Auto-Tag,49.4,94.0,High,True
EVT23764,Full Moon Party,U15790,Bundala Wetland Birdwatching,Hambantota,Southern,2024-09-11,6.20664,81.22825,6.21239,81.2256,Manual Map Pin,702.5,41.6,Low,False
EVT23765,Temple/Kovil Special Pooja,U03358,Mulkirigala Rock Monastery,Hambantota,Southern,2023-03-14,6.16836,80.87183,6.21298,80.83885,Typed Address,6146.3,0.0,Very Low,False
EVT23766,Temple/Kovil Special Pooja,U04467,Minneriya-Kaudulla Elephant Corridor,Polonnaruwa,North Central,2025-07-13,8.05028,80.96162,7.98064,80.98837,Typed Address,8270.6,0.0,Very Low,False
EVT23767,Live Music Night,U05969,Kitulgala White Water Rafting,Kegalle,Sabaragamuwa,2023-10-01,6.98238,80.40442,6.98322,80.40389,GPS Auto-Tag,110.4,87.1,High,True
EVT23768,Temple/Kovil Special Pooja,U01653,Horton Plains & World's End Hike,Nuwara Eliya,Central,2025-03-15,6.81147,80.79517,6.81697,80.74892,Manual Map Pin,5134.3,0.2,Very Low,False
EVT23769,Live Music Night,U16314,Adam's Peak (Sri Pada) Climb,Ratnapura,Sabaragamuwa,2023-05-10,6.80264,80.48554,6.80704,80.48712,GPS Auto-Tag,518.5,52.3,Low,False
EVT23770,Community New Year Carnival,U09868,Nuwara Eliya April Season,Nuwara Eliya,Central,2024-08-14,6.95309,80.80426,6.9325,80.78363,Typed Address,3223.1,1.8,Very Low,False
EVT23771,Private Wedding,U02547,Tangalle Beach Escape,Hambantota,Southern,2023-03-24,6.02517,80.78437,6.02448,80.78446,GPS Auto-Tag,77.3,90.8,High,True
EVT23772,Beach Party,U07859,Nilaveli Beach,Trincomalee,Eastern,2023-05-23,8.71301,81.18802,8.64494,81.18649,Typed Address,7558.1,0.0,Very Low,False
EVT23773,Village Perahera,U11950,Ravana Caves & Ella Wala Pool,Badulla,Uva,2023-11-09,6.84529,81.02553,6.84512,81.02611,GPS Auto-Tag,66.9,92.0,High,True
EVT23774,Full Moon Party,U00208,Delft Island,Jaffna,Northern,2023-07-22,9.5477,79.65062,9.54829,79.65183,GPS Auto-Tag,147.8,83.1,Medium,True
EVT23775,Community New Year Carnival,U08971,Induruwa Turtle Conservation,Galle,Southern,2025-06-18,6.0465,80.0217,6.04152,80.02863,Manual Map Pin,944.7,30.7,Low,False
EVT23776,Community New Year Carnival,U01975,Pigeon Island Snorkeling,Trincomalee,Eastern,2025-07-17,8.72182,81.18947,8.7205,81.18803,GPS Auto-Tag,216.1,76.3,Medium,True
EVT23777,Pop-up Local Festival,U14785,Kanneliya Rainforest Reserve,Galle,Southern,2023-09-02,6.23789,80.33884,6.23828,80.33891,GPS Auto-Tag,44.0,94.6,High,True
EVT23778,Pop-up Local Festival,U12024,Sinharaja Forest Reserve Nature Walk,Ratnapura/Galle,Sabaragamuwa,2025-02-01,6.41497,80.50338,6.45197,80.49542,Typed Address,4200.1,0.5,Very Low,False
EVT23779,Private Wedding,U02911,Minneriya Elephant Gathering,Polonnaruwa,North Central,2024-05-06,8.03333,80.90939,8.07391,80.95227,Typed Address,6519.2,0.0,Very Low,False
EVT23780,Live Music Night,U10208,Colombo Galle Face & City Tour,Colombo,Western,2025-12-25,6.92021,79.86633,6.92296,79.86727,GPS Auto-Tag,322.3,66.8,Medium,True
EVT23781,Beach Party,U17998,Peak Wilderness Sanctuary Trek,Ratnapura,Sabaragamuwa,2023-07-10,6.81031,80.49961,6.80497,80.49119,Manual Map Pin,1101.0,25.3,Very Low,False
EVT23782,Corporate Retreat Event,U04730,Ravana Caves & Ella Wala Pool,Badulla,Uva,2025-06-06,6.83654,81.03848,6.83585,81.03694,Manual Map Pin,186.0,79.3,Medium,True
EVT23783,Food & Craft Fair,U02392,Hikkaduwa Diving & Surfing,Galle,Southern,2024-07-21,6.12913,80.10266,6.12849,80.10512,GPS Auto-Tag,280.8,70.4,Medium,True
EVT23784,Food & Craft Fair,U00397,Galle Fort Walking Tour,Galle,Southern,2024-08-24,6.02884,80.23166,6.02741,80.22979,GPS Auto-Tag,260.9,72.2,Medium,True
EVT23785,Food & Craft Fair,U15314,Delft Island,Jaffna,Northern,2023-11-19,9.53749,79.65881,9.51599,79.66259,Manual Map Pin,2422.3,4.8,Very Low,False
EVT23786,Live Music Night,U15396,Anuradhapura Cycling Tour,Anuradhapura,North Central,2025-08-10,8.32361,80.39358,8.33953,80.39341,Manual Map Pin,1767.2,11.0,Very Low,False
EVT23787,Food & Craft Fair,U09382,Induruwa Turtle Conservation,Galle,Southern,2023-03-31,6.04957,80.04282,6.05143,80.04247,GPS Auto-Tag,209.8,76.9,Medium,True
EVT23788,Live Music Night,U01254,Rathnapura Gem Mining Tour,Ratnapura,Sabaragamuwa,2024-11-11,6.68253,80.41222,6.68379,80.41321,GPS Auto-Tag,177.1,80.1,Medium,True
EVT23789,Corporate Retreat Event,U17433,Minneriya Elephant Gathering,Polonnaruwa,North Central,2024-04-29,8.03882,80.8953,8.03437,80.91782,Manual Map Pin,2523.7,4.3,Very Low,False
EVT23790,Corporate Retreat Event,U14060,Diyasaru Wetland Park,Colombo,Western,2024-08-14,6.89922,79.91148,6.92346,79.90923,Manual Map Pin,2701.3,3.4,Very Low,False
EVT23791,Pop-up Local Festival,U15139,Tangalle Beach Escape,Hambantota,Southern,2024-06-30,6.01919,80.78273,6.01802,80.78206,GPS Auto-Tag,149.4,83.0,Medium,True
EVT23792,Beach Party,U16701,Tangalle Beach Escape,Hambantota,Southern,2025-06-17,6.04115,80.81447,6.04076,80.81692,GPS Auto-Tag,274.4,71.0,Medium,True
EVT23793,Temple/Kovil Special Pooja,U07942,Minneriya-Kaudulla Elephant Corridor,Polonnaruwa,North Central,2025-02-10,8.05512,80.96049,8.05463,80.95938,GPS Auto-Tag,134.0,84.6,Medium,True
EVT23794,Corporate Retreat Event,U11854,Nuwara Eliya Gregory Lake Boating,Nuwara Eliya,Central,2024-04-09,6.94725,80.79626,6.99412,80.81435,Typed Address,5571.7,0.1,Very Low,False
EVT23795,Live Music Night,U09187,Nallur Festival (Nallur Kandaswamy Kovil),Jaffna,Northern,2024-02-14,9.66457,80.0285,9.67904,80.05362,Typed Address,3183.7,1.9,Very Low,False
EVT23796,Pop-up Local Festival,U13161,Kochchikade St. Anthony's Feast,Colombo,Western,2025-07-26,6.94782,79.84912,6.94643,79.85125,GPS Auto-Tag,281.0,70.4,Medium,True
EVT23797,Beach Party,U05807,Diyasaru Wetland Park,Colombo,Western,2023-04-09,6.86654,79.91493,6.81826,79.94694,Typed Address,6416.3,0.0,Very Low,False
EVT23798,Beach Party,U01928,Ritigala Forest Monastery,Anuradhapura,North Central,2025-02-13,8.10738,80.64705,8.10946,80.64761,GPS Auto-Tag,238.6,74.2,Medium,True
EVT23799,Live Music Night,U16764,Yapahuwa Rock Fortress,Kurunegala,North Western,2024-08-19,7.83467,80.19095,7.83359,80.19055,GPS Auto-Tag,127.4,85.3,High,True
EVT23800,Food & Craft Fair,U04081,Kataragama Esala Perahera,Monaragala,Uva,2023-05-12,6.40496,81.33496,6.40779,81.33928,Manual Map Pin,571.1,49.0,Low,False
EVT23801,Corporate Retreat Event,U03040,Delft Wild Pony Eco Tour,Jaffna,Northern,2024-06-20,9.54124,79.66929,9.5284,79.66706,Manual Map Pin,1446.1,16.4,Very Low,False
EVT23802,Village Perahera,U02985,Bentota River Safari & Beach,Galle,Southern,2024-06-15,6.42503,80.00503,6.41449,79.99731,Manual Map Pin,1447.5,16.4,Very Low,False
EVT23803,Live Music Night,U17813,Unawatuna Beach,Galle,Southern,2025-01-25,6.00932,80.24278,6.01128,80.24445,GPS Auto-Tag,285.1,70.0,Medium,True
EVT23804,Food & Craft Fair,U04256,Bellanwila-Attidiya Sanctuary,Colombo,Western,2023-02-06,6.83471,79.88429,6.81994,79.87077,Manual Map Pin,2215.4,6.3,Very Low,False
EVT23805,Community New Year Carnival,U07111,Induruwa Turtle Conservation,Galle,Southern,2025-02-06,6.04777,80.02345,6.05012,80.02463,GPS Auto-Tag,291.1,69.5,Medium,True
EVT23806,Village Perahera,U06100,Lipton's Seat Viewpoint,Badulla,Uva,2025-11-18,6.81394,81.05226,6.81324,81.05371,GPS Auto-Tag,177.9,80.1,Medium,True
EVT23807,Full Moon Party,U16573,Lipton's Seat Viewpoint,Badulla,Uva,2025-07-06,6.80998,81.07603,6.80892,81.07611,GPS Auto-Tag,118.3,86.3,High,True
EVT23808,Live Music Night,U08056,Meemure Village,Kandy,Central,2024-11-09,7.45936,80.78981,7.46144,80.78719,Manual Map Pin,370.2,63.0,Medium,True
EVT23809,Live Music Night,U10510,Meemure Village,Kandy,Central,2023-03-06,7.48314,80.79495,7.4592,80.76037,Typed Address,4641.0,0.3,Very Low,False
EVT23810,Temple/Kovil Special Pooja,U10833,Panama Village,Ampara,Eastern,2025-10-21,6.93064,81.79295,6.93216,81.79158,GPS Auto-Tag,227.1,75.3,Medium,True
EVT23811,Pop-up Local Festival,U10913,Hakgala Botanical Garden,Nuwara Eliya,Central,2025-06-05,6.90504,80.77893,6.91857,80.78391,Manual Map Pin,1599.7,13.5,Very Low,False
EVT23812,Community New Year Carnival,U05860,Weligama Surf School,Matara,Southern,2024-02-09,5.97996,80.426,5.97943,80.44301,Manual Map Pin,1878.8,9.6,Very Low,False
EVT23813,Full Moon Party,U06815,Induruwa Turtle Conservation,Galle,Southern,2025-02-22,6.05012,80.02506,6.03773,80.02354,Manual Map Pin,1385.3,17.7,Very Low,False
EVT23814,Village Perahera,U07231,Kalpitiya Kite Surfing,Puttalam,North Western,2024-11-03,8.23156,79.74741,8.22978,79.74845,GPS Auto-Tag,228.3,75.2,Medium,True
EVT23815,Full Moon Party,U13561,Victoria Park Nuwara Eliya,Nuwara Eliya,Central,2024-04-23,6.96192,80.77525,6.96101,80.77485,GPS Auto-Tag,110.4,87.1,High,True
EVT23816,Corporate Retreat Event,U11722,Delft Wild Pony Eco Tour,Jaffna,Northern,2023-10-14,9.54521,79.6724,9.54799,79.67182,GPS Auto-Tag,314.9,67.5,Medium,True
EVT23817,Private Wedding,U00182,Ella Rock & Little Adam's Peak Hike,Badulla,Uva,2025-06-26,6.85797,81.04969,6.85927,81.04886,GPS Auto-Tag,171.1,80.7,Medium,True
EVT23818,Corporate Retreat Event,U16012,Bellanwila-Attidiya Sanctuary,Colombo,Western,2023-04-13,6.85791,79.87254,6.8708,79.83115,Typed Address,4781.0,0.3,Very Low,False
EVT23819,Temple/Kovil Special Pooja,U10476,Gal Oya Boat Safari,Ampara,Eastern,2024-01-05,7.15514,81.44901,7.15277,81.45205,GPS Auto-Tag,425.4,58.8,Low,False
EVT23820,Pop-up Local Festival,U10327,Tangalle Beach Escape,Hambantota,Southern,2024-06-15,6.01812,80.79184,6.00304,80.78352,Manual Map Pin,1908.8,9.2,Very Low,False
EVT23821,Community New Year Carnival,U04372,Nainativu & Nagadeepa,Jaffna,Northern,2024-07-26,9.57364,79.76722,9.57303,79.76737,GPS Auto-Tag,69.4,91.7,High,True
EVT23822,Private Wedding,U06955,Mannar Bird Migration Watching,Mannar,Northern,2023-08-05,8.99926,79.90501,9.00231,79.92351,Manual Map Pin,2057.0,7.6,Very Low,False
EVT23823,Community New Year Carnival,U04853,Kataragama Esala Perahera,Monaragala,Uva,2023-02-16,6.4168,81.35175,6.41467,81.35089,GPS Auto-Tag,254.6,72.7,Medium,True
EVT23824,Private Wedding,U14214,Wilpattu National Park Safari,Puttalam,North Western,2023-11-17,8.45469,80.03511,8.45319,80.03466,GPS Auto-Tag,173.7,80.5,Medium,True
EVT23825,Village Perahera,U17534,Minneriya Elephant Gathering,Polonnaruwa,North Central,2025-01-06,8.02561,80.91127,8.02757,80.91188,GPS Auto-Tag,227.8,75.2,Medium,True
EVT23826,Live Music Night,U16881,Anawilundawa Ramsar Wetland,Puttalam,North Western,2025-08-09,7.73741,79.81618,7.73889,79.81475,GPS Auto-Tag,228.1,75.2,Medium,True
EVT23827,Community New Year Carnival,U17147,Muhudu Maha Vihara,Hambantota,Southern,2025-04-11,6.3384,81.47781,6.33704,81.47618,GPS Auto-Tag,234.9,74.6,Medium,True
EVT23828,Private Wedding,U02991,Ravana Caves & Ella Wala Pool,Badulla,Uva,2023-02-19,6.82828,81.03355,6.82821,81.02903,Manual Map Pin,497.8,53.7,Low,False
EVT23829,Temple/Kovil Special Pooja,U10848,Gal Oya Boat Safari,Ampara,Eastern,2023-12-13,7.18499,81.44245,7.14934,81.47244,Typed Address,5154.7,0.2,Very Low,False
EVT23830,Pop-up Local Festival,U03923,Knuckles Conservation Forest Walk,Kandy/Matale,Central,2023-11-10,7.47037,80.7878,7.47157,80.78874,GPS Auto-Tag,168.6,81.0,Medium,True
EVT23831,Temple/Kovil Special Pooja,U15061,Delft Wild Pony Eco Tour,Jaffna,Northern,2025-07-06,9.54842,79.6762,9.54569,79.67671,GPS Auto-Tag,308.0,68.0,Medium,True
EVT23832,Live Music Night,U15002,Weligama Surf School,Matara,Southern,2024-02-23,5.97967,80.43316,5.99307,80.42782,Manual Map Pin,1599.8,13.5,Very Low,False
EVT23833,Pop-up Local Festival,U17270,Aluvihare Rock Monastery,Matale,Central,2025-08-31,7.4778,80.63054,7.48529,80.62742,Manual Map Pin,899.5,32.5,Low,False
EVT23834,Live Music Night,U06803,Pasikuda Beach,Batticaloa,Eastern,2023-08-21,7.93526,81.56658,7.93576,81.57046,GPS Auto-Tag,430.6,58.4,Low,False
EVT23835,Temple/Kovil Special Pooja,U11499,Kandy Lake Evening Walk,Kandy,Central,2025-02-05,7.29114,80.65434,7.29324,80.65678,GPS Auto-Tag,355.6,64.1,Medium,True
EVT23836,Pop-up Local Festival,U13027,Sinhala & Tamil New Year Village Games,Anuradhapura,North Central,2025-01-19,8.30539,80.39322,8.30854,80.3802,Manual Map Pin,1471.8,15.9,Very Low,False
EVT23837,Community New Year Carnival,U09590,Wasgamuwa National Park Safari,Matale/Polonnaruwa,Central,2025-10-22,7.77866,80.92788,7.77855,80.92845,GPS Auto-Tag,63.1,92.4,High,True
EVT23838,Live Music Night,U03636,Kanniya Hot Springs,Trincomalee,Eastern,2025-08-29,8.60034,81.17351,8.59905,81.17291,GPS Auto-Tag,157.3,82.1,Medium,True
EVT23839,Private Wedding,U10439,Pasikuda Beach,Batticaloa,Eastern,2023-11-30,7.95404,81.56089,7.96367,81.45105,Typed Address,12121.8,0.0,Very Low,False
EVT23840,Temple/Kovil Special Pooja,U08100,Bogoda Wooden Bridge,Badulla,Uva,2025-05-26,6.96879,81.02184,6.97354,81.02024,Typed Address,555.3,50.0,Low,False
EVT23841,Temple/Kovil Special Pooja,U15527,"Christmas Celebrations, Negombo",Gampaha,Western,2023-04-12,7.18788,79.84823,7.18757,79.8478,GPS Auto-Tag,58.4,93.0,High,True
EVT23842,Pop-up Local Festival,U00658,Sinhala & Tamil New Year Village Games,Anuradhapura,North Central,2025-02-27,8.30631,80.39853,8.33536,80.43113,Typed Address,4818.3,0.2,Very Low,False
EVT23843,Village Perahera,U07865,Pasikuda Beach,Batticaloa,Eastern,2023-11-25,7.92082,81.55328,7.92274,81.55238,GPS Auto-Tag,235.0,74.5,Medium,True
EVT23844,Corporate Retreat Event,U06423,Bentota River Safari & Beach,Galle,Southern,2025-12-25,6.43733,80.00338,6.44293,80.01019,Typed Address,974.6,29.6,Very Low,False
EVT23845,Full Moon Party,U01676,Pigeon Island Snorkeling,Trincomalee,Eastern,2025-04-15,8.70955,81.20781,8.709,81.20474,GPS Auto-Tag,342.6,65.2,Medium,True
EVT23846,Live Music Night,U17758,St. Clair's & Devon Falls Viewpoint,Nuwara Eliya,Central,2024-06-17,7.04052,80.65961,7.04008,80.66016,GPS Auto-Tag,77.6,90.8,High,True
EVT23847,Community New Year Carnival,U01903,Yapahuwa Rock Fortress,Kurunegala,North Western,2023-03-07,7.84012,80.19122,7.89287,80.1914,Typed Address,5854.7,0.1,Very Low,False
EVT23848,Food & Craft Fair,U03274,Kitulgala White Water Rafting,Kegalle,Sabaragamuwa,2025-06-15,6.99342,80.41518,7.0235,80.41683,Typed Address,3343.8,1.5,Very Low,False
EVT23849,Community New Year Carnival,U01821,Nuwara Eliya Tea Factory Tour,Nuwara Eliya,Central,2025-06-16,6.96646,80.76594,6.96612,80.7669,GPS Auto-Tag,113.1,86.8,High,True
EVT23850,Temple/Kovil Special Pooja,U10507,Minneriya Elephant Gathering,Polonnaruwa,North Central,2024-09-21,8.014,80.90614,8.00255,80.89041,Manual Map Pin,2146.2,6.8,Very Low,False
EVT23851,Corporate Retreat Event,U04241,Haputale Viewpoint & Tea Estates,Badulla,Uva,2024-07-31,6.77241,80.95266,6.77339,80.95248,GPS Auto-Tag,110.6,87.1,High,True
EVT23852,Corporate Retreat Event,U07233,Bellanwila-Attidiya Sanctuary,Colombo,Western,2025-01-27,6.8493,79.86835,6.8486,79.86827,GPS Auto-Tag,78.5,90.7,High,True
EVT23853,Beach Party,U16091,Delft Island,Jaffna,Northern,2023-11-21,9.53322,79.67265,9.53575,79.6727,GPS Auto-Tag,280.6,70.4,Medium,True
EVT23854,Food & Craft Fair,U13317,Bundala Wetland Birdwatching,Hambantota,Southern,2025-04-08,6.19909,81.21278,6.20076,81.21366,GPS Auto-Tag,209.8,76.9,Medium,True
EVT23855,Community New Year Carnival,U07805,"New Year's Eve Countdown, Galle Face",Colombo,Western,2024-01-15,6.91528,79.84892,6.90945,79.85384,Manual Map Pin,844.3,34.8,Low,False
EVT23856,Village Perahera,U15880,Kandy Esala Perahera,Kandy,Central,2023-03-04,7.28505,80.6541,7.25633,80.6951,Typed Address,5526.7,0.1,Very Low,False
EVT23857,Community New Year Carnival,U14476,Anuradhapura Cycling Tour,Anuradhapura,North Central,2024-09-23,8.29257,80.4209,8.29138,80.43343,Manual Map Pin,1383.2,17.7,Very Low,False
EVT23858,Food & Craft Fair,U14081,Minneriya Elephant Gathering,Polonnaruwa,North Central,2023-01-03,8.04641,80.88476,7.99427,80.87588,Typed Address,5869.8,0.1,Very Low,False
EVT23859,Pop-up Local Festival,U12149,Hakgala Botanical Garden,Nuwara Eliya,Central,2023-03-28,6.93326,80.76562,6.93197,80.76629,GPS Auto-Tag,160.5,81.8,Medium,True
EVT23860,Temple/Kovil Special Pooja,U05964,Pasikuda Beach,Batticaloa,Eastern,2023-11-13,7.9353,81.55799,7.93494,81.55594,GPS Auto-Tag,228.0,75.2,Medium,True
EVT23861,Beach Party,U00086,Kanneliya Rainforest Reserve,Galle,Southern,2024-07-01,6.25386,80.3495,6.25329,80.35114,GPS Auto-Tag,192.3,78.6,Medium,True
EVT23862,Beach Party,U05169,Bentota River Safari & Beach,Galle,Southern,2023-11-24,6.41805,80.00816,6.4182,80.00714,GPS Auto-Tag,114.1,86.7,High,True
EVT23863,Village Perahera,U12793,Hakgala Botanical Garden,Nuwara Eliya,Central,2023-02-21,6.90958,80.78225,6.90915,80.78259,GPS Auto-Tag,60.3,92.7,High,True
EVT23864,Private Wedding,U08264,Riverston (Mini World's End),Matale,Central,2023-02-02,7.45903,80.72854,7.44619,80.74102,Manual Map Pin,1978.9,8.4,Very Low,False
EVT23865,Full Moon Party,U17062,Nainativu & Nagadeepa,Jaffna,Northern,2025-08-10,9.57178,79.76203,9.56481,79.763,Manual Map Pin,780.3,37.7,Low,False
EVT23866,Community New Year Carnival,U12032,Kitulgala White Water Rafting,Kegalle,Sabaragamuwa,2025-09-15,6.97858,80.42342,6.98104,80.42285,GPS Auto-Tag,280.1,70.5,Medium,True
EVT23867,Private Wedding,U15110,Laxapana Falls Trek,Nuwara Eliya,Central,2025-01-17,6.92893,80.5112,6.93843,80.51645,Manual Map Pin,1203.9,22.2,Very Low,False
EVT23868,Pop-up Local Festival,U09413,Bogoda Wooden Bridge,Badulla,Uva,2023-12-17,6.94842,81.01228,6.94885,81.01201,GPS Auto-Tag,56.7,93.2,High,True
EVT23869,Beach Party,U02679,Kayts Island,Jaffna,Northern,2023-06-17,9.68523,79.98007,9.69008,79.97638,Manual Map Pin,673.1,43.1,Low,False
EVT23870,Live Music Night,U03941,Sinhala & Tamil New Year Village Games,Anuradhapura,North Central,2025-10-21,8.30416,80.42101,8.30403,80.41978,GPS Auto-Tag,135.0,84.5,Medium,True
EVT23871,Full Moon Party,U10100,Kosgoda Turtle Hatchery,Galle,Southern,2025-08-18,6.07179,80.01717,6.07039,80.01736,GPS Auto-Tag,156.9,82.2,Medium,True
EVT23872,Community New Year Carnival,U09858,Adam's Peak (Sri Pada) Climb,Ratnapura,Sabaragamuwa,2024-05-11,6.79472,80.49451,6.77528,80.46981,Typed Address,3474.1,1.3,Very Low,False
EVT23873,Community New Year Carnival,U14231,Nilaveli Beach,Trincomalee,Eastern,2023-04-11,8.72638,81.1857,8.73619,81.11185,Typed Address,8175.3,0.0,Very Low,False
EVT23874,Village Perahera,U16587,Bundala Wetland Birdwatching,Hambantota,Southern,2024-06-07,6.19361,81.21287,6.19461,81.21293,GPS Auto-Tag,111.0,87.0,High,True
EVT23875,Village Perahera,U11092,Rekawa Turtle Conservation,Hambantota,Southern,2023-08-16,6.05015,80.85456,6.04472,80.85407,Manual Map Pin,604.9,46.9,Low,False
EVT23876,Food & Craft Fair,U00262,Kandy Esala Perahera,Kandy,Central,2025-09-15,7.28876,80.62967,7.27457,80.6376,Manual Map Pin,1801.0,10.5,Very Low,False
EVT23877,Live Music Night,U06944,Nuwara Eliya Tea Factory Tour,Nuwara Eliya,Central,2024-11-07,6.96713,80.75969,6.96633,80.75937,GPS Auto-Tag,95.8,88.7,High,True
EVT23878,Live Music Night,U03180,Kataragama Esala Perahera,Monaragala,Uva,2023-05-28,6.4095,81.33637,6.40299,81.3622,Manual Map Pin,2940.0,2.5,Very Low,False
EVT23879,Private Wedding,U14177,Mirissa Whale Watching & Beach,Matara,Southern,2025-05-09,5.94368,80.47257,5.94258,80.47256,GPS Auto-Tag,121.4,85.9,High,True
EVT23880,Corporate Retreat Event,U14177,Knuckles Mountain Range Trekking,Kandy/Matale,Central,2025-11-21,7.46688,80.77175,7.44673,80.72478,Typed Address,5632.6,0.1,Very Low,False
EVT23881,Private Wedding,U15359,Wadduwa Beach Escape,Kalutara,Western,2023-01-31,6.64201,79.93011,6.64165,79.93157,GPS Auto-Tag,166.0,81.3,Medium,True
EVT23882,Corporate Retreat Event,U08198,Nuwara Eliya Gregory Lake Boating,Nuwara Eliya,Central,2024-11-10,6.94612,80.79217,6.95515,80.71053,Typed Address,9050.6,0.0,Very Low,False
EVT23883,Live Music Night,U16957,Wasgamuwa National Park Safari,Matale/Polonnaruwa,Central,2025-11-19,7.77635,80.95132,7.77851,80.94921,GPS Auto-Tag,333.3,65.9,Medium,True
EVT23884,Private Wedding,U11094,Udawalawe National Park Safari,Ratnapura/Moneragala,Sabaragamuwa,2023-09-01,6.46879,80.91346,6.46751,80.91214,GPS Auto-Tag,203.2,77.6,Medium,True
EVT23885,Private Wedding,U14710,Tangalle Beach Escape,Hambantota,Southern,2024-09-06,6.02038,80.77972,6.02091,80.77783,GPS Auto-Tag,216.8,76.3,Medium,True
EVT23886,Temple/Kovil Special Pooja,U13017,Kalpitiya Dolphin Watching Eco Tour,Puttalam,North Western,2023-12-04,8.24009,79.75812,8.26767,79.71039,Typed Address,6072.1,0.1,Very Low,False
EVT23887,Beach Party,U06871,Hikkaduwa Diving & Surfing,Galle,Southern,2025-10-28,6.15437,80.09344,6.15586,80.093,GPS Auto-Tag,171.7,80.7,Medium,True
EVT23888,Live Music Night,U14764,Hikkaduwa Diving & Surfing,Galle,Southern,2024-07-21,6.13197,80.0984,6.13045,80.09718,GPS Auto-Tag,215.7,76.4,Medium,True
EVT23889,Private Wedding,U05494,Lipton's Seat Viewpoint,Badulla,Uva,2024-02-27,6.8184,81.04473,6.77528,81.06078,Typed Address,5102.1,0.2,Very Low,False
EVT23890,Private Wedding,U09332,Nainativu & Nagadeepa,Jaffna,Northern,2024-10-17,9.59154,79.76413,9.58419,79.67629,Typed Address,9648.8,0.0,Very Low,False
EVT23891,Pop-up Local Festival,U11194,Anawilundawa Ramsar Wetland,Puttalam,North Western,2025-07-31,7.74452,79.82257,7.74405,79.82285,GPS Auto-Tag,60.5,92.7,High,True
EVT23892,Full Moon Party,U17345,Mulkirigala Rock Monastery,Hambantota,Southern,2023-05-20,6.17948,80.88217,6.18102,80.88327,GPS Auto-Tag,209.9,76.9,Medium,True
EVT23893,Food & Craft Fair,U14309,Pigeon Island Snorkeling,Trincomalee,Eastern,2025-01-31,8.71214,81.205,8.74096,81.20684,Manual Map Pin,3206.0,1.8,Very Low,False
EVT23894,Live Music Night,U17892,Kayts Island,Jaffna,Northern,2024-12-19,9.69356,79.98535,9.68605,79.97895,Manual Map Pin,1088.8,25.6,Very Low,False
EVT23895,Food & Craft Fair,U05940,Pasikuda Beach,Batticaloa,Eastern,2025-04-26,7.9306,81.55678,7.93075,81.55704,GPS Auto-Tag,33.2,95.9,High,True
EVT23896,Pop-up Local Festival,U04303,Unawatuna Beach,Galle,Southern,2023-01-30,6.01286,80.25962,6.02363,80.18792,Typed Address,8004.3,0.0,Very Low,False
EVT23897,Temple/Kovil Special Pooja,U14907,Royal Botanical Garden Peradeniya,Kandy,Central,2025-06-26,7.27565,80.58582,7.21933,80.61369,Typed Address,6963.8,0.0,Very Low,False
EVT23898,Food & Craft Fair,U04674,Anawilundawa Ramsar Wetland,Puttalam,North Western,2025-12-23,7.73418,79.82718,7.73633,79.8285,GPS Auto-Tag,279.6,70.5,Medium,True
EVT23899,Temple/Kovil Special Pooja,U03959,Kitulgala White Water Rafting,Kegalle,Sabaragamuwa,2024-11-01,6.9983,80.42533,7.0189,80.44032,Typed Address,2820.5,2.9,Very Low,False
EVT23900,Beach Party,U06287,Wasgamuwa National Park Safari,Matale/Polonnaruwa,Central,2023-10-27,7.78718,80.93038,7.78571,80.9287,GPS Auto-Tag,246.4,73.5,Medium,True
EVT23901,Pop-up Local Festival,U09137,Trincomalee Whale Watching,Trincomalee,Eastern,2024-12-11,8.58197,81.24219,8.5818,81.24333,GPS Auto-Tag,127.4,85.3,High,True
EVT23902,Private Wedding,U01374,Gal Oya Kudugala Village Eco Trek,Ampara,Eastern,2024-05-26,7.16919,81.45977,7.17095,81.46122,GPS Auto-Tag,251.5,73.0,Medium,True
EVT23903,Pop-up Local Festival,U03316,Kayts Island,Jaffna,Northern,2023-08-01,9.6961,79.97803,9.69453,79.97886,GPS Auto-Tag,196.7,78.2,Medium,True
EVT23904,Private Wedding,U06376,Negombo Lagoon Boat Ride,Gampaha,Western,2023-01-07,7.20994,79.86216,7.21511,79.86602,Manual Map Pin,714.8,40.9,Low,False
EVT23905,Community New Year Carnival,U05812,Ramboda Falls Visit,Nuwara Eliya,Central,2023-02-17,7.05148,80.70748,7.05367,80.70691,Manual Map Pin,251.9,73.0,Medium,True
EVT23906,Temple/Kovil Special Pooja,U17674,Kanniya Hot Springs,Trincomalee,Eastern,2024-01-26,8.60112,81.17248,8.60093,81.17206,GPS Auto-Tag,50.5,93.9,High,True
EVT23907,Beach Party,U11229,Hakgala Botanical Garden,Nuwara Eliya,Central,2024-07-22,6.91879,80.7809,7.01756,80.81571,Typed Address,11614.6,0.0,Very Low,False
EVT23908,Village Perahera,U17444,Horton Plains & World's End Hike,Nuwara Eliya,Central,2023-03-17,6.81279,80.81651,6.81342,80.81644,GPS Auto-Tag,71.2,91.5,High,True
EVT23909,Pop-up Local Festival,U04479,Belihuloya River Adventures,Ratnapura,Sabaragamuwa,2025-03-15,6.66295,80.831,6.66593,80.83308,GPS Auto-Tag,403.3,60.4,Medium,True
EVT23910,Community New Year Carnival,U00683,Udawalawe Elephant Transit Home,Ratnapura,Sabaragamuwa,2025-02-08,6.43112,80.88569,6.43232,80.80228,Typed Address,9200.7,0.0,Very Low,False
EVT23911,Private Wedding,U13236,Negombo Lagoon Boat Ride,Gampaha,Western,2024-10-16,7.20643,79.82713,7.20878,79.82456,GPS Auto-Tag,384.6,61.8,Medium,True
EVT23912,Village Perahera,U11662,Yala National Park Safari,Hambantota,Southern,2025-03-22,6.3805,81.52736,6.38286,81.52775,GPS Auto-Tag,265.5,71.8,Medium,True
EVT23913,Community New Year Carnival,U15656,Kochchikade St. Anthony's Feast,Colombo,Western,2025-04-09,6.92682,79.84427,6.92559,79.84581,Manual Map Pin,218.1,76.1,Medium,True
EVT23914,Food & Craft Fair,U06237,Haputale Viewpoint & Tea Estates,Badulla,Uva,2024-03-14,6.76769,80.9493,6.76879,80.9469,GPS Auto-Tag,291.8,69.4,Medium,True
EVT23915,Live Music Night,U06396,Polonnaruwa Cycling Tour,Polonnaruwa,North Central,2024-07-21,7.93713,81.01489,7.94004,81.01727,GPS Auto-Tag,415.9,59.5,Low,False
EVT23916,Corporate Retreat Event,U05748,Polonnaruwa Cycling Tour,Polonnaruwa,North Central,2025-10-23,7.94391,81.01837,7.95165,81.00266,Manual Map Pin,1929.6,9.0,Very Low,False
EVT23917,Food & Craft Fair,U03993,Lipton's Seat Viewpoint,Badulla,Uva,2024-01-09,6.82227,81.06499,6.85813,81.06454,Typed Address,3981.0,0.7,Very Low,False
EVT23918,Corporate Retreat Event,U10055,Adam's Peak (Sri Pada) Climb,Ratnapura,Sabaragamuwa,2025-12-11,6.80812,80.50284,6.80939,80.5031,GPS Auto-Tag,143.5,83.6,Medium,True
EVT23919,Food & Craft Fair,U12293,Victoria Park Nuwara Eliya,Nuwara Eliya,Central,2023-03-29,6.97337,80.79267,6.97488,80.79175,GPS Auto-Tag,196.6,78.2,Medium,True
EVT23920,Full Moon Party,U02732,Kosgoda Turtle Hatchery,Galle,Southern,2024-07-16,6.08432,80.00436,6.08664,80.00271,GPS Auto-Tag,315.4,67.4,Medium,True
EVT23921,Private Wedding,U07554,Kandy Esala Perahera,Kandy,Central,2023-03-03,7.29295,80.64161,7.32282,80.67096,Typed Address,4629.5,0.3,Very Low,False
EVT23922,Community New Year Carnival,U15121,Kosgoda Turtle Hatchery,Galle,Southern,2023-02-13,6.10072,80.02385,6.09913,80.01282,Typed Address,1230.2,21.5,Very Low,False
EVT23923,Live Music Night,U03632,Wewurukannala & Buduruwagala Carvings,Badulla/Monaragala,Uva,2025-09-20,6.71965,81.17091,6.65927,81.1933,Typed Address,7141.4,0.0,Very Low,False
EVT23924,Live Music Night,U05277,Nallur Festival (Nallur Kandaswamy Kovil),Jaffna,Northern,2023-07-04,9.67958,80.04505,9.6661,80.0367,Manual Map Pin,1752.9,11.2,Very Low,False
EVT23925,Pop-up Local Festival,U13730,Arugam Bay Surfing,Ampara,Eastern,2025-09-16,6.82996,81.8178,6.83334,81.81603,GPS Auto-Tag,423.3,58.9,Low,False
EVT23926,Private Wedding,U09740,Thalangama Wetland Birdwatching,Colombo,Western,2023-01-22,6.89057,79.91447,6.89112,79.91532,GPS Auto-Tag,111.7,87.0,High,True
EVT23927,Private Wedding,U08390,Delft Wild Pony Eco Tour,Jaffna,Northern,2025-12-30,9.5356,79.68216,9.54386,79.69041,Manual Map Pin,1287.3,20.0,Very Low,False
EVT23928,Community New Year Carnival,U04787,Colombo Galle Face & City Tour,Colombo,Western,2024-02-20,6.91894,79.87544,6.91946,79.87604,GPS Auto-Tag,87.3,89.7,High,True
EVT23929,Food & Craft Fair,U11251,Ritigala Forest Monastery,Anuradhapura,North Central,2024-01-24,8.10468,80.65228,8.10373,80.65254,GPS Auto-Tag,109.0,87.3,High,True
EVT23930,Private Wedding,U12814,Colombo Galle Face & City Tour,Colombo,Western,2025-05-23,6.91101,79.85083,6.90843,79.84986,GPS Auto-Tag,305.5,68.3,Medium,True
EVT23931,Village Perahera,U06551,Sinhala & Tamil New Year Village Games,Anuradhapura,North Central,2024-10-13,8.30884,80.41213,8.30907,80.41302,GPS Auto-Tag,100.4,88.2,High,True
EVT23932,Full Moon Party,U03593,Kitulgala White Water Rafting,Kegalle,Sabaragamuwa,2023-09-16,6.97811,80.41212,6.97122,80.41814,Manual Map Pin,1012.8,28.2,Very Low,False
EVT23933,Live Music Night,U03801,Nilaveli Beach,Trincomalee,Eastern,2023-10-06,8.72052,81.19518,8.71971,81.19655,GPS Auto-Tag,175.6,80.3,Medium,True
EVT23934,Private Wedding,U02147,Kalametiya Bird Sanctuary,Hambantota,Southern,2023-06-11,6.07519,80.92549,5.99812,80.88892,Typed Address,9459.0,0.0,Very Low,False
EVT23935,Community New Year Carnival,U17313,Hikkaduwa Diving & Surfing,Galle,Southern,2025-05-16,6.15495,80.10919,6.15773,80.10732,GPS Auto-Tag,372.0,62.8,Medium,True
EVT23936,Pop-up Local Festival,U01802,Nallur Festival (Nallur Kandaswamy Kovil),Jaffna,Northern,2025-02-26,9.67496,80.01795,9.67608,80.0111,Manual Map Pin,760.0,38.7,Low,False
EVT23937,Community New Year Carnival,U13844,Royal Botanical Garden Peradeniya,Kandy,Central,2025-02-04,7.27219,80.60742,7.26281,80.60927,Manual Map Pin,1060.6,26.6,Very Low,False
EVT23938,Food & Craft Fair,U09873,Beddagana Wetland Park,Colombo,Western,2024-10-20,6.91354,79.89517,6.91484,79.89351,GPS Auto-Tag,233.4,74.7,Medium,True
EVT23939,Beach Party,U16621,Udawalawe Elephant Transit Home,Ratnapura,Sabaragamuwa,2023-12-07,6.43416,80.90615,6.49323,80.96111,Typed Address,8929.2,0.0,Very Low,False
EVT23940,Corporate Retreat Event,U05220,Wasgamuwa National Park Safari,Matale/Polonnaruwa,Central,2025-08-31,7.78037,80.93537,7.76999,80.93354,Manual Map Pin,1170.0,23.2,Very Low,False
EVT23941,Full Moon Party,U04291,Lipton's Seat Viewpoint,Badulla,Uva,2024-01-30,6.81227,81.03492,6.81362,81.03603,GPS Auto-Tag,193.1,78.6,Medium,True
EVT23942,Beach Party,U10980,Mirissa Whale Watching & Beach,Matara,Southern,2023-02-16,5.95063,80.46564,5.94754,80.46444,GPS Auto-Tag,368.3,63.1,Medium,True
EVT23943,Corporate Retreat Event,U14745,Udawalawe National Park Safari,Ratnapura/Moneragala,Sabaragamuwa,2023-11-27,6.46569,80.88839,6.51314,80.87979,Typed Address,5351.3,0.1,Very Low,False
EVT23944,Community New Year Carnival,U06883,Diyaluma Infinity Pools,Badulla,Uva,2024-11-02,6.72286,81.02849,6.72065,81.03024,GPS Auto-Tag,312.3,67.7,Medium,True
EVT23945,Pop-up Local Festival,U13165,Galle Fort Walking Tour,Galle,Southern,2023-02-10,6.02939,80.22275,6.0276,80.22445,GPS Auto-Tag,273.0,71.1,Medium,True
EVT23946,Temple/Kovil Special Pooja,U10722,Kosgoda Turtle Hatchery,Galle,Southern,2023-04-13,6.08451,80.01479,6.09027,80.03427,Manual Map Pin,2243.6,6.1,Very Low,False
EVT23947,Pop-up Local Festival,U04686,Laxapana Falls Trek,Nuwara Eliya,Central,2025-12-18,6.93502,80.51507,6.94885,80.51155,Manual Map Pin,1583.4,13.8,Very Low,False
EVT23948,Private Wedding,U03752,Bogoda Wooden Bridge,Badulla,Uva,2023-11-07,6.962,81.01663,6.88755,80.98721,Typed Address,8876.6,0.0,Very Low,False
EVT23949,Corporate Retreat Event,U11392,Tangalle Beach Escape,Hambantota,Southern,2024-10-19,6.02087,80.804,5.95827,80.82282,Typed Address,7252.7,0.0,Very Low,False
EVT23950,Full Moon Party,U05963,Wadduwa Beach Escape,Kalutara,Western,2024-08-12,6.6461,79.93218,6.64647,79.93268,GPS Auto-Tag,69.2,91.7,High,True
EVT23951,Pop-up Local Festival,U00405,Royal Botanical Garden Peradeniya,Kandy,Central,2025-09-03,7.25897,80.60308,7.25774,80.60343,GPS Auto-Tag,142.2,83.7,Medium,True
EVT23952,Full Moon Party,U00870,Aluvihare Rock Monastery,Matale,Central,2023-07-16,7.48021,80.61963,7.48565,80.61576,Manual Map Pin,738.3,39.7,Low,False
EVT23953,Temple/Kovil Special Pooja,U08572,Dowa Rock Temple,Badulla,Uva,2025-11-26,6.87782,81.05584,6.85634,81.0553,Manual Map Pin,2384.9,5.1,Very Low,False
EVT23954,Community New Year Carnival,U13948,Kanneliya Rainforest Reserve,Galle,Southern,2024-04-08,6.24596,80.34654,6.14527,80.32667,Typed Address,11389.5,0.0,Very Low,False
EVT23955,Community New Year Carnival,U12472,Tangalle Beach Escape,Hambantota,Southern,2025-06-18,6.03643,80.79164,6.03796,80.79022,GPS Auto-Tag,231.8,74.8,Medium,True
EVT23956,Community New Year Carnival,U10284,Hiriwadunna Village,Anuradhapura,North Central,2025-03-13,8.01282,80.76305,8.01263,80.7667,GPS Auto-Tag,402.2,60.5,Medium,True
EVT23957,Village Perahera,U15548,Horton Plains & World's End Hike,Nuwara Eliya,Central,2023-11-17,6.80376,80.78508,6.84303,80.76303,Typed Address,4991.6,0.2,Very Low,False
EVT23958,Beach Party,U02732,Diyasaru Wetland Park,Colombo,Western,2023-09-05,6.90708,79.90575,6.90747,79.90386,GPS Auto-Tag,213.0,76.6,Medium,True
EVT23959,Corporate Retreat Event,U10518,Madu Ganga Mangrove Boat Tour,Galle,Southern,2024-12-16,6.27173,80.04815,6.27024,80.04759,GPS Auto-Tag,177.2,80.1,Medium,True
EVT23960,Live Music Night,U12298,Beddagana Wetland Park,Colombo,Western,2023-11-11,6.90807,79.9147,6.95424,79.86913,Typed Address,7175.1,0.0,Very Low,False
EVT23961,Village Perahera,U16286,Negombo Lagoon Boat Ride,Gampaha,Western,2025-11-08,7.22643,79.84752,7.23073,79.8382,Manual Map Pin,1132.9,24.3,Very Low,False
EVT23962,Pop-up Local Festival,U15150,St. Clair's & Devon Falls Viewpoint,Nuwara Eliya,Central,2024-12-22,7.02441,80.67793,7.01952,80.63587,Typed Address,4665.6,0.3,Very Low,False
EVT23963,Beach Party,U16687,Ravana Caves & Ella Wala Pool,Badulla,Uva,2023-10-01,6.83022,81.03081,6.82975,81.03168,GPS Auto-Tag,109.4,87.2,High,True
EVT23964,Temple/Kovil Special Pooja,U06894,Wewurukannala & Buduruwagala Carvings,Badulla/Monaragala,Uva,2025-10-19,6.69893,81.15728,6.71555,81.11892,Typed Address,4612.7,0.3,Very Low,False
EVT23965,Community New Year Carnival,U12406,Nainativu & Nagadeepa,Jaffna,Northern,2025-01-16,9.59738,79.77607,9.59876,79.77899,GPS Auto-Tag,354.9,64.2,Medium,True
EVT23966,Corporate Retreat Event,U13069,Kandy Lake Evening Walk,Kandy,Central,2023-07-14,7.28634,80.63205,7.28648,80.63009,GPS Auto-Tag,217.1,76.2,Medium,True
EVT23967,Temple/Kovil Special Pooja,U03824,Ella Rock & Little Adam's Peak Hike,Badulla,Uva,2023-02-17,6.87764,81.05564,6.8766,81.07937,Typed Address,2618.4,3.8,Very Low,False
EVT23968,Full Moon Party,U11337,Lipton's Seat Viewpoint,Badulla,Uva,2023-07-01,6.83165,81.07058,6.83171,81.0703,GPS Auto-Tag,31.9,96.1,High,True
EVT23969,Temple/Kovil Special Pooja,U06318,Yala National Park Safari,Hambantota,Southern,2024-04-11,6.37713,81.50847,6.3781,81.50902,GPS Auto-Tag,123.6,85.7,High,True
EVT23970,Corporate Retreat Event,U01030,Ravana Falls Abseiling,Badulla,Uva,2025-07-06,6.89442,81.05162,6.89247,81.0493,GPS Auto-Tag,334.8,65.8,Medium,True
EVT23971,Beach Party,U04988,Meemure Village,Kandy,Central,2024-04-15,7.47611,80.79184,7.46729,80.79598,Manual Map Pin,1079.2,25.9,Very Low,False
EVT23972,Full Moon Party,U01170,"Christmas Celebrations, Negombo",Gampaha,Western,2023-09-29,7.19274,79.84341,7.21942,79.8221,Typed Address,3778.6,0.9,Very Low,False
EVT23973,Live Music Night,U12950,Yala National Park Safari,Hambantota,Southern,2024-05-26,6.37721,81.51575,6.36255,81.5194,Manual Map Pin,1676.6,12.3,Very Low,False
EVT23974,Live Music Night,U12140,Pigeon Island Snorkeling,Trincomalee,Eastern,2023-07-22,8.71958,81.20959,8.68494,81.28387,Typed Address,9011.8,0.0,Very Low,False
EVT23975,Community New Year Carnival,U15640,Bogoda Wooden Bridge,Badulla,Uva,2024-11-02,6.95363,81.01404,6.94411,81.00225,Typed Address,1674.2,12.3,Very Low,False
EVT23976,Community New Year Carnival,U09278,"Christmas Celebrations, Negombo",Gampaha,Western,2024-08-29,7.2226,79.83778,7.2264,79.83349,Manual Map Pin,633.6,45.3,Low,False
EVT23977,Live Music Night,U14737,Wilpattu National Park Safari,Puttalam,North Western,2024-08-25,8.4589,80.03863,8.47583,80.03673,Manual Map Pin,1891.2,9.4,Very Low,False
EVT23978,Food & Craft Fair,U04545,Beruwala Beach Resort Leisure,Kalutara,Western,2023-07-08,6.47347,79.96927,6.46761,79.94071,Typed Address,3217.0,1.8,Very Low,False
EVT23979,Temple/Kovil Special Pooja,U17237,Riverston (Mini World's End),Matale,Central,2023-06-17,7.46421,80.72513,7.45381,80.72691,Manual Map Pin,1171.1,23.1,Very Low,False
EVT23980,Pop-up Local Festival,U14703,Muhudu Maha Vihara,Hambantota,Southern,2025-12-04,6.31789,81.45847,6.31856,81.45853,GPS Auto-Tag,74.4,91.1,High,True
EVT23981,Beach Party,U10122,Sinharaja Rainforest Trekking,Ratnapura/Galle,Sabaragamuwa,2024-09-21,6.39768,80.49819,6.34304,80.55325,Typed Address,8582.7,0.0,Very Low,False
EVT23982,Community New Year Carnival,U06978,Kandy Esala Perahera,Kandy,Central,2025-11-18,7.28333,80.64686,7.26452,80.65286,Manual Map Pin,2190.0,6.5,Very Low,False
EVT23983,Food & Craft Fair,U16791,Diyasaru Wetland Park,Colombo,Western,2024-07-06,6.88645,79.90013,6.88409,79.90081,GPS Auto-Tag,272.2,71.2,Medium,True
EVT23984,Corporate Retreat Event,U11002,Kayts Island,Jaffna,Northern,2024-09-21,9.68699,79.97399,9.68619,79.9706,GPS Auto-Tag,381.4,62.1,Medium,True
EVT23985,Private Wedding,U16146,Belihuloya River Adventures,Ratnapura,Sabaragamuwa,2024-09-25,6.67109,80.82824,6.67213,80.82677,GPS Auto-Tag,198.3,78.0,Medium,True
EVT23986,Community New Year Carnival,U09525,Nilaveli Beach,Trincomalee,Eastern,2023-09-24,8.7339,81.18496,8.74648,81.18226,Manual Map Pin,1427.1,16.8,Very Low,False
EVT23987,Pop-up Local Festival,U06215,Sera Ella Waterfall,Matale,Central,2025-08-03,7.53169,80.70544,7.53213,80.70389,GPS Auto-Tag,178.0,80.1,Medium,True
EVT23988,Community New Year Carnival,U09104,Trincomalee Whale Watching,Trincomalee,Eastern,2025-09-17,8.56803,81.22648,8.57052,81.22627,GPS Auto-Tag,277.5,70.7,Medium,True
EVT23989,Food & Craft Fair,U08483,Induruwa Turtle Conservation,Galle,Southern,2025-07-27,6.05423,80.01871,6.05862,80.00039,Manual Map Pin,2079.5,7.4,Very Low,False
EVT23990,Full Moon Party,U13803,Nainativu & Nagadeepa,Jaffna,Northern,2025-02-23,9.572,79.76902,9.57482,79.7692,GPS Auto-Tag,313.7,67.6,Medium,True
EVT23991,Food & Craft Fair,U05935,Udawalawe National Park Safari,Ratnapura/Moneragala,Sabaragamuwa,2023-09-06,6.47131,80.8768,6.47207,80.87955,GPS Auto-Tag,315.0,67.5,Medium,True
EVT23992,Food & Craft Fair,U17302,Kumana Bird Sanctuary,Ampara,Eastern,2024-03-26,6.57186,81.65326,6.57231,81.65235,GPS Auto-Tag,112.0,86.9,High,True
EVT23993,Village Perahera,U11803,Arugam Bay Surfing,Ampara,Eastern,2023-07-04,6.85424,81.82147,6.85114,81.82937,Manual Map Pin,936.3,31.0,Low,False
EVT23994,Pop-up Local Festival,U15288,Nilaveli Beach,Trincomalee,Eastern,2024-04-05,8.70794,81.19289,8.69986,81.21923,Manual Map Pin,3025.6,2.3,Very Low,False
EVT23995,Temple/Kovil Special Pooja,U09822,Adam's Peak (Sri Pada) Climb,Ratnapura,Sabaragamuwa,2025-07-30,6.80906,80.49932,6.80782,80.49685,GPS Auto-Tag,304.7,68.3,Medium,True
EVT23996,Live Music Night,U15973,Bentota River Safari & Beach,Galle,Southern,2025-01-19,6.41532,80.01955,6.41118,79.99619,Typed Address,2617.0,3.8,Very Low,False
EVT23997,Community New Year Carnival,U02586,Knuckles Mountain Range Trekking,Kandy/Matale,Central,2023-06-18,7.45816,80.78791,7.45911,80.7883,GPS Auto-Tag,113.7,86.8,High,True
EVT23998,Beach Party,U05176,Bambarakanda Falls,Badulla,Uva,2023-09-16,6.79985,80.80845,6.78759,80.81499,Manual Map Pin,1540.6,14.6,Very Low,False
EVT23999,Corporate Retreat Event,U05095,Nuwara Eliya April Season,Nuwara Eliya,Central,2024-03-15,6.95203,80.79445,6.94999,80.79809,GPS Auto-Tag,459.3,56.3,Low,False
EVT24000,Full Moon Party,U15462,Riverston (Mini World's End),Matale,Central,2023-12-05,7.47682,80.73702,7.48903,80.74001,Manual Map Pin,1394.3,17.5,Very Low,False
EVT24001,Village Perahera,U00890,Kayts Island,Jaffna,Northern,2025-08-06,9.67456,79.98094,9.67481,79.98073,GPS Auto-Tag,35.6,95.6,High,True
EVT24002,Live Music Night,U00558,Knuckles Conservation Forest Walk,Kandy/Matale,Central,2025-09-19,7.48867,80.76771,7.49187,80.76565,GPS Auto-Tag,421.4,59.1,Low,False
EVT24003,Pop-up Local Festival,U14570,Nuwara Eliya Gregory Lake Boating,Nuwara Eliya,Central,2024-04-25,6.92863,80.80157,6.99151,80.8455,Typed Address,8493.7,0.0,Very Low,False
EVT24004,Live Music Night,U06990,Kalpitiya Kite Surfing,Puttalam,North Western,2024-10-31,8.23618,79.78037,8.23238,79.8118,Typed Address,3478.0,1.3,Very Low,False
EVT24005,Private Wedding,U16871,Pasikuda Beach,Batticaloa,Eastern,2025-11-28,7.95463,81.5791,7.95536,81.5782,GPS Auto-Tag,127.8,85.2,High,True
EVT24006,Food & Craft Fair,U06229,Tangalle Beach Escape,Hambantota,Southern,2024-03-07,6.01378,80.79727,6.0242,80.80178,Manual Map Pin,1258.8,20.7,Very Low,False
EVT24007,Full Moon Party,U10487,"Christmas Celebrations, Negombo",Gampaha,Western,2025-09-02,7.20649,79.84165,7.16819,79.85141,Typed Address,4385.3,0.4,Very Low,False
EVT24008,Temple/Kovil Special Pooja,U09561,Ravana Falls Abseiling,Badulla,Uva,2023-05-10,6.87683,81.06589,6.87625,81.06916,GPS Auto-Tag,366.0,63.3,Medium,True
EVT24009,Corporate Retreat Event,U12911,Ritigala Forest Monastery,Anuradhapura,North Central,2023-12-06,8.12451,80.67195,8.12502,80.67353,GPS Auto-Tag,182.6,79.6,Medium,True
EVT24010,Community New Year Carnival,U03379,Anawilundawa Ramsar Wetland,Puttalam,North Western,2024-05-07,7.74754,79.8209,7.75095,79.82133,GPS Auto-Tag,381.3,62.1,Medium,True
EVT24011,Live Music Night,U07555,Victoria Park Nuwara Eliya,Nuwara Eliya,Central,2024-07-17,6.97553,80.7602,6.97552,80.7603,GPS Auto-Tag,10.8,98.7,High,True
EVT24012,Full Moon Party,U09948,Vidattaltivu Lagoon,Mannar,Northern,2025-10-20,8.95286,80.05197,8.93257,80.04603,Typed Address,2343.9,5.3,Very Low,False
EVT24013,Community New Year Carnival,U14164,Bundala Wetland Birdwatching,Hambantota,Southern,2024-07-14,6.19936,81.22293,6.19806,81.22436,GPS Auto-Tag,213.6,76.6,Medium,True
EVT24014,Full Moon Party,U04970,Kosgoda Turtle Hatchery,Galle,Southern,2025-11-09,6.10552,80.00736,6.10507,80.0082,GPS Auto-Tag,104.9,87.7,High,True
EVT24015,Temple/Kovil Special Pooja,U01394,Beddagana Wetland Park,Colombo,Western,2025-11-29,6.89339,79.90506,6.89069,79.91775,Manual Map Pin,1430.2,16.7,Very Low,False
EVT24016,Private Wedding,U11902,Haputale Viewpoint & Tea Estates,Badulla,Uva,2023-05-08,6.76207,80.94567,6.76144,80.95678,Manual Map Pin,1226.6,21.6,Very Low,False
EVT24017,Village Perahera,U03822,Pasikuda Beach,Batticaloa,Eastern,2024-10-13,7.93109,81.56112,7.92862,81.5617,GPS Auto-Tag,281.2,70.4,Medium,True
EVT24018,Beach Party,U04446,Kalpitiya Kite Surfing,Puttalam,North Western,2025-11-22,8.22552,79.78271,8.22245,79.78174,GPS Auto-Tag,356.9,64.0,Medium,True
EVT24019,Live Music Night,U16972,Hikkaduwa Diving & Surfing,Galle,Southern,2023-10-18,6.155,80.09333,6.15425,80.09349,GPS Auto-Tag,84.4,90.0,High,True
EVT24020,Village Perahera,U12910,Kalametiya Bird Sanctuary,Hambantota,Southern,2025-09-16,6.06899,80.93268,6.06771,80.93211,GPS Auto-Tag,155.7,82.3,Medium,True
EVT24021,Food & Craft Fair,U00048,Bellanwila-Attidiya Sanctuary,Colombo,Western,2024-01-02,6.84721,79.89032,6.84537,79.89216,GPS Auto-Tag,287.7,69.8,Medium,True
EVT24022,Live Music Night,U02803,Colombo Galle Face & City Tour,Colombo,Western,2024-09-16,6.93557,79.86541,6.93541,79.86627,GPS Auto-Tag,96.8,88.6,High,True
EVT24023,Corporate Retreat Event,U14564,Madu Ganga Mangrove Boat Tour,Galle,Southern,2024-01-30,6.27716,80.0351,6.27981,80.04043,Manual Map Pin,656.8,44.0,Low,False
EVT24024,Village Perahera,U14483,Bogoda Wooden Bridge,Badulla,Uva,2025-06-07,6.96908,81.01641,6.9688,81.01551,GPS Auto-Tag,104.1,87.8,High,True
EVT24025,Village Perahera,U12539,Ravana Caves & Ella Wala Pool,Badulla,Uva,2023-11-10,6.8597,81.03854,6.84389,81.01593,Typed Address,3048.2,2.2,Very Low,False
EVT24026,Private Wedding,U12322,Bellanwila-Attidiya Sanctuary,Colombo,Western,2023-06-02,6.85676,79.88905,6.85582,79.89267,Manual Map Pin,412.4,59.7,Low,False
EVT24027,Food & Craft Fair,U16873,Diyaluma Infinity Pools,Badulla,Uva,2024-09-02,6.7284,81.02329,6.72604,81.02499,Manual Map Pin,322.4,66.8,Medium,True
EVT24028,Full Moon Party,U06890,Panama-Kudumbigala Eco Reserve,Ampara,Eastern,2025-01-14,6.88863,81.78108,6.89087,81.78443,GPS Auto-Tag,445.3,57.3,Low,False
EVT24029,Community New Year Carnival,U01389,Kalametiya Bird Sanctuary,Hambantota,Southern,2024-05-24,6.07082,80.9478,6.07042,80.94727,GPS Auto-Tag,73.7,91.2,High,True
EVT24030,Private Wedding,U11786,Kochchikade St. Anthony's Feast,Colombo,Western,2024-05-05,6.92837,79.85826,6.93044,79.85691,GPS Auto-Tag,273.5,71.0,Medium,True
EVT24031,Village Perahera,U08553,Nainativu & Nagadeepa,Jaffna,Northern,2024-03-01,9.58647,79.77081,9.58808,79.77031,GPS Auto-Tag,186.7,79.2,Medium,True
EVT24032,Full Moon Party,U16665,Ella Rock & Little Adam's Peak Hike,Badulla,Uva,2025-03-12,6.84792,81.0686,6.84842,81.06955,GPS Auto-Tag,118.6,86.2,High,True
EVT24033,Village Perahera,U13251,Induruwa Turtle Conservation,Galle,Southern,2025-10-07,6.06588,80.03387,6.07593,80.02823,Manual Map Pin,1277.5,20.3,Very Low,False
EVT24034,Full Moon Party,U10614,Kalpitiya Dolphin Watching Eco Tour,Puttalam,North Western,2024-08-26,8.20895,79.77818,8.19437,79.77026,Typed Address,1836.9,10.1,Very Low,False
EVT24035,Temple/Kovil Special Pooja,U02514,Gal Oya Boat Safari,Ampara,Eastern,2025-12-16,7.16246,81.46234,7.10619,81.51229,Typed Address,8323.6,0.0,Very Low,False
EVT24036,Village Perahera,U01423,Diyaluma Infinity Pools,Badulla,Uva,2024-02-10,6.71938,81.04285,6.71876,81.05389,Manual Map Pin,1219.3,21.8,Very Low,False
EVT24037,Full Moon Party,U00215,Pigeon Island Snorkeling,Trincomalee,Eastern,2023-05-15,8.72742,81.19663,8.72534,81.19444,GPS Auto-Tag,332.7,66.0,Medium,True
EVT24038,Beach Party,U17888,Madu Ganga Mangrove Boat Tour,Galle,Southern,2023-01-10,6.27211,80.04524,6.27383,80.04431,GPS Auto-Tag,216.1,76.3,Medium,True
EVT24039,Corporate Retreat Event,U04449,Galle Fort Walking Tour,Galle,Southern,2023-10-19,6.01022,80.21724,6.0094,80.21529,GPS Auto-Tag,233.6,74.7,Medium,True
EVT24040,Community New Year Carnival,U12837,Thalangama Wetland Birdwatching,Colombo,Western,2023-08-26,6.90551,79.91996,6.90725,79.92283,GPS Auto-Tag,370.7,62.9,Medium,True
EVT24041,Full Moon Party,U02174,Udawalawe National Park Safari,Ratnapura/Moneragala,Sabaragamuwa,2024-04-26,6.4757,80.8863,6.4749,80.88802,GPS Auto-Tag,209.2,77.0,Medium,True
EVT24042,Temple/Kovil Special Pooja,U04818,Unawatuna Beach,Galle,Southern,2023-05-09,6.01081,80.24355,6.03119,80.27374,Typed Address,4028.1,0.7,Very Low,False
EVT24043,Private Wedding,U05067,Arugam Bay Surfing,Ampara,Eastern,2025-03-15,6.82689,81.84413,6.806,81.84275,Typed Address,2323.4,5.5,Very Low,False
EVT24044,Full Moon Party,U16848,Sinharaja Rainforest Trekking,Ratnapura/Galle,Sabaragamuwa,2023-05-14,6.39335,80.48444,6.40446,80.49177,Manual Map Pin,1475.3,15.8,Very Low,False
EVT24045,Private Wedding,U13320,Kumana National Park Birding & Safari,Ampara,Eastern,2025-04-10,6.56144,81.68239,6.55994,81.68066,GPS Auto-Tag,253.8,72.8,Medium,True
EVT24046,Corporate Retreat Event,U13704,Bentota River Safari & Beach,Galle,Southern,2024-01-01,6.42649,80.00136,6.42698,80.00015,GPS Auto-Tag,144.6,83.5,Medium,True
EVT24047,Food & Craft Fair,U13561,Panama Village,Ampara,Eastern,2024-11-25,6.91521,81.77949,6.93888,81.80576,Typed Address,3909.1,0.8,Very Low,False
EVT24048,Beach Party,U13807,Kanniya Hot Springs,Trincomalee,Eastern,2025-04-14,8.60814,81.16023,8.60848,81.15961,GPS Auto-Tag,78.1,90.7,High,True
EVT24049,Private Wedding,U01096,Ritigala Forest Monastery,Anuradhapura,North Central,2023-12-29,8.12125,80.66313,8.12791,80.67494,Manual Map Pin,1493.9,15.5,Very Low,False
EVT24050,Community New Year Carnival,U02567,Tangalle Beach Escape,Hambantota,Southern,2025-12-16,6.02303,80.79732,6.02377,80.8046,Manual Map Pin,808.5,36.4,Low,False
EVT24051,Corporate Retreat Event,U16498,Kandy Lake Evening Walk,Kandy,Central,2024-10-13,7.28172,80.63295,7.28284,80.63224,GPS Auto-Tag,147.2,83.2,Medium,True
EVT24052,Temple/Kovil Special Pooja,U05365,Panama Village,Ampara,Eastern,2024-03-06,6.94519,81.78787,6.93147,81.75991,Typed Address,3437.4,1.4,Very Low,False
EVT24053,Food & Craft Fair,U14856,Kandy Lake Evening Walk,Kandy,Central,2023-06-21,7.27379,80.63557,7.27402,80.63469,GPS Auto-Tag,99.5,88.3,High,True
EVT24054,Community New Year Carnival,U16967,Panama-Kudumbigala Eco Reserve,Ampara,Eastern,2023-06-27,6.91321,81.79661,6.91163,81.79195,Manual Map Pin,542.2,50.8,Low,False
EVT24055,Beach Party,U13616,Bambarakanda Falls,Badulla,Uva,2023-01-19,6.78633,80.80416,6.78383,80.80208,GPS Auto-Tag,359.3,63.8,Medium,True
EVT24056,Village Perahera,U13826,Ramboda Falls Visit,Nuwara Eliya,Central,2024-01-04,7.05374,80.69662,7.04661,80.69071,Manual Map Pin,1024.8,27.8,Very Low,False
EVT24057,Private Wedding,U02089,Galle Fort Walking Tour,Galle,Southern,2025-07-19,6.02943,80.20871,6.04039,80.22376,Manual Map Pin,2059.1,7.6,Very Low,False
EVT24058,Pop-up Local Festival,U15644,Yala National Park Safari,Hambantota,Southern,2024-03-15,6.36703,81.53029,6.36605,81.53181,GPS Auto-Tag,199.8,77.9,Medium,True
EVT24059,Community New Year Carnival,U10533,Laxapana Falls Trek,Nuwara Eliya,Central,2024-11-26,6.91915,80.51053,6.91844,80.51049,GPS Auto-Tag,78.9,90.6,High,True
EVT24060,Food & Craft Fair,U03644,Ella Rock & Little Adam's Peak Hike,Badulla,Uva,2025-05-10,6.86991,81.04815,6.85557,81.04149,Manual Map Pin,1753.1,11.2,Very Low,False
EVT24061,Live Music Night,U00685,Rekawa Turtle Conservation,Hambantota,Southern,2025-12-13,6.04779,80.84904,6.05125,80.86515,Manual Map Pin,1820.0,10.3,Very Low,False
EVT24062,Corporate Retreat Event,U00478,Nallur Festival (Nallur Kandaswamy Kovil),Jaffna,Northern,2024-09-04,9.66895,80.02365,9.64435,79.98363,Typed Address,5160.2,0.2,Very Low,False
EVT24063,Live Music Night,U06921,Trincomalee Whale Watching,Trincomalee,Eastern,2024-07-26,8.57719,81.22988,8.57648,81.23102,GPS Auto-Tag,147.3,83.2,Medium,True
EVT24064,Full Moon Party,U07675,"New Year's Eve Countdown, Galle Face",Colombo,Western,2023-01-28,6.91946,79.83128,6.93838,79.76383,Typed Address,7723.9,0.0,Very Low,False
EVT24065,Pop-up Local Festival,U10237,Horton Plains & World's End Hike,Nuwara Eliya,Central,2025-10-30,6.81224,80.82035,6.81468,80.81937,GPS Auto-Tag,291.6,69.5,Medium,True
EVT24066,Corporate Retreat Event,U03836,Hakgala Botanical Garden,Nuwara Eliya,Central,2024-04-09,6.91434,80.78609,6.92813,80.74058,Typed Address,5243.2,0.1,Very Low,False
EVT24067,Full Moon Party,U10042,Gal Oya Kudugala Village Eco Trek,Ampara,Eastern,2023-12-25,7.16842,81.45555,7.16912,81.45505,GPS Auto-Tag,95.4,88.8,High,True
EVT24068,Beach Party,U13243,Udawalawe Elephant Transit Home,Ratnapura,Sabaragamuwa,2023-05-05,6.42891,80.88421,6.37979,80.89825,Typed Address,5667.0,0.1,Very Low,False
EVT24069,Food & Craft Fair,U15593,Riverston (Mini World's End),Matale,Central,2023-12-11,7.46895,80.73806,7.46807,80.74008,GPS Auto-Tag,243.0,73.8,Medium,True
EVT24070,Live Music Night,U00318,Anuradhapura Cycling Tour,Anuradhapura,North Central,2025-10-17,8.30607,80.40659,8.3118,80.42753,Typed Address,2386.6,5.1,Very Low,False
EVT24071,Village Perahera,U02681,Laxapana Falls Trek,Nuwara Eliya,Central,2025-10-10,6.94442,80.51418,6.94502,80.51465,GPS Auto-Tag,84.2,90.0,High,True
EVT24072,Food & Craft Fair,U02439,Bopath Ella Falls Trek,Ratnapura,Sabaragamuwa,2023-01-12,6.73567,80.37343,6.76536,80.37017,Manual Map Pin,3315.9,1.6,Very Low,False
EVT24073,Corporate Retreat Event,U12328,Ravana Caves & Ella Wala Pool,Badulla,Uva,2024-12-30,6.8636,81.03448,6.86325,81.03329,GPS Auto-Tag,137.6,84.2,Medium,True
EVT24074,Village Perahera,U14029,Vidattaltivu Lagoon,Mannar,Northern,2024-11-26,8.94507,80.02789,8.94175,80.00836,Manual Map Pin,2172.8,6.6,Very Low,False
EVT24075,Live Music Night,U17861,Hiriwadunna Village,Anuradhapura,North Central,2025-10-05,7.97989,80.75374,7.97662,80.75429,GPS Auto-Tag,368.3,63.1,Medium,True
EVT24076,Full Moon Party,U16519,Kumana Bird Sanctuary,Ampara,Eastern,2023-11-16,6.5632,81.65588,6.61486,81.62641,Typed Address,6590.8,0.0,Very Low,False
EVT24077,Temple/Kovil Special Pooja,U05652,Weligama Surf School,Matara,Southern,2023-08-15,5.97818,80.41854,5.97648,80.41724,GPS Auto-Tag,238.1,74.3,Medium,True
EVT24078,Private Wedding,U12683,Yapahuwa Rock Fortress,Kurunegala,North Western,2024-11-20,7.82434,80.19482,7.82446,80.19569,GPS Auto-Tag,95.7,88.7,High,True
EVT24079,Beach Party,U07638,Negombo Lagoon Boat Ride,Gampaha,Western,2023-01-09,7.20704,79.82831,7.15025,79.7978,Typed Address,7143.0,0.0,Very Low,False
EVT24080,Community New Year Carnival,U07807,Kalpitiya Dolphin Watching Eco Tour,Puttalam,North Western,2024-10-25,8.24412,79.76387,8.24432,79.76387,GPS Auto-Tag,22.2,97.3,High,True
EVT24081,Private Wedding,U07903,Diyasaru Wetland Park,Colombo,Western,2024-07-27,6.89021,79.91079,6.89813,79.91663,Manual Map Pin,1089.4,25.6,Very Low,False
EVT24082,Corporate Retreat Event,U16793,Hakgala Botanical Garden,Nuwara Eliya,Central,2025-05-25,6.91156,80.80206,6.91172,80.80136,GPS Auto-Tag,79.5,90.5,High,True
EVT24083,Village Perahera,U02615,Ambalangoda Mask Museum,Galle,Southern,2024-07-05,6.23673,80.08398,6.23738,80.07896,Manual Map Pin,558.1,49.8,Low,False
EVT24084,Full Moon Party,U04951,Induruwa Turtle Conservation,Galle,Southern,2023-04-22,6.03397,80.02207,6.03241,80.02184,GPS Auto-Tag,175.6,80.3,Medium,True
EVT24085,Food & Craft Fair,U02515,Ambalangoda Mask Museum,Galle,Southern,2023-04-15,6.24519,80.06944,6.24321,80.06838,GPS Auto-Tag,249.0,73.3,Medium,True
EVT24086,Corporate Retreat Event,U01900,Sera Ella Waterfall,Matale,Central,2025-04-15,7.53835,80.67555,7.53998,80.67674,GPS Auto-Tag,223.8,75.6,Medium,True
EVT24087,Village Perahera,U02106,Nuwara Eliya Tea Factory Tour,Nuwara Eliya,Central,2024-07-02,6.96669,80.75827,6.95642,80.77882,Manual Map Pin,2535.0,4.2,Very Low,False
EVT24088,Beach Party,U14453,Kanneliya Rainforest Reserve,Galle,Southern,2023-08-08,6.24394,80.34513,6.24277,80.3493,GPS Auto-Tag,478.6,55.0,Low,False
EVT24089,Private Wedding,U05555,Mulkirigala Rock Monastery,Hambantota,Southern,2025-06-27,6.16118,80.87346,6.15339,80.88711,Manual Map Pin,1736.2,11.4,Very Low,False
EVT24090,Village Perahera,U04192,Riverston (Mini World's End),Matale,Central,2025-02-19,7.46877,80.74547,7.4204,80.64226,Typed Address,12565.1,0.0,Very Low,False
EVT24091,Corporate Retreat Event,U02050,Horton Plains Cloud Forest Eco Walk,Nuwara Eliya,Central,2023-01-11,6.82388,80.80608,6.82294,80.80419,GPS Auto-Tag,233.4,74.7,Medium,True
EVT24092,Food & Craft Fair,U03470,Kumana National Park Birding & Safari,Ampara,Eastern,2025-12-18,6.55527,81.65556,6.55592,81.66438,Typed Address,975.2,29.6,Very Low,False
EVT24093,Community New Year Carnival,U01206,Horton Plains Cloud Forest Eco Walk,Nuwara Eliya,Central,2024-01-24,6.80433,80.78576,6.80694,80.78549,GPS Auto-Tag,291.2,69.5,Medium,True
EVT24094,Temple/Kovil Special Pooja,U02729,Yapahuwa Rock Fortress,Kurunegala,North Western,2024-04-29,7.83067,80.20793,7.83217,80.20757,Manual Map Pin,171.3,80.7,Medium,True
EVT24095,Corporate Retreat Event,U16885,Bentota River Safari & Beach,Galle,Southern,2024-11-29,6.4116,79.99902,6.414,79.9987,GPS Auto-Tag,268.9,71.5,Medium,True
EVT24096,Private Wedding,U00498,Arugam Bay Surfing,Ampara,Eastern,2023-05-22,6.83524,81.81802,6.83593,81.81636,GPS Auto-Tag,198.8,78.0,Medium,True
EVT24097,Live Music Night,U03879,Wadduwa Beach Escape,Kalutara,Western,2023-07-29,6.65979,79.93305,6.65952,79.93149,GPS Auto-Tag,174.4,80.4,Medium,True
EVT24098,Private Wedding,U10722,Nuwara Eliya April Season,Nuwara Eliya,Central,2025-08-05,6.95286,80.77542,6.95333,80.77373,GPS Auto-Tag,194.0,78.5,Medium,True
EVT24099,Corporate Retreat Event,U07828,Hurulu Eco Park,Polonnaruwa,North Central,2023-12-15,8.16051,80.88166,8.16218,80.88169,GPS Auto-Tag,185.3,79.3,Medium,True
EVT24100,Village Perahera,U07222,Wasgamuwa National Park Safari,Matale/Polonnaruwa,Central,2024-09-11,7.78481,80.92724,7.78991,80.93329,Manual Map Pin,874.2,33.5,Low,False
EVT24101,Live Music Night,U06474,Belihuloya River Adventures,Ratnapura,Sabaragamuwa,2024-11-28,6.67378,80.84594,6.67088,80.84409,GPS Auto-Tag,381.2,62.1,Medium,True
EVT24102,Village Perahera,U10022,Ritigala Forest Monastery,Anuradhapura,North Central,2024-01-06,8.12542,80.65651,8.12622,80.73052,Typed Address,8132.7,0.0,Very Low,False
EVT24103,Village Perahera,U13419,Wasgamuwa National Park Safari,Matale/Polonnaruwa,Central,2024-04-28,7.76475,80.94333,7.76294,80.94093,GPS Auto-Tag,332.3,66.0,Medium,True
EVT24104,Food & Craft Fair,U00198,Minneriya Elephant Gathering,Polonnaruwa,North Central,2025-11-15,8.02049,80.89702,8.00891,80.90463,Manual Map Pin,1533.6,14.7,Very Low,False
EVT24105,Live Music Night,U12832,Thalangama Wetland Birdwatching,Colombo,Western,2025-07-16,6.89806,79.91663,6.94698,79.91456,Typed Address,5434.7,0.1,Very Low,False
EVT24106,Community New Year Carnival,U17081,Wilpattu National Park Safari,Puttalam,North Western,2024-12-31,8.45137,80.03153,8.45042,80.0364,GPS Auto-Tag,545.1,50.6,Low,False
EVT24107,Corporate Retreat Event,U03742,Wasgamuwa National Park Safari,Matale/Polonnaruwa,Central,2023-03-22,7.78113,80.92519,7.78172,80.92591,GPS Auto-Tag,102.9,87.9,High,True
EVT24108,Corporate Retreat Event,U15660,Yala National Park Safari,Hambantota,Southern,2023-07-02,6.36093,81.5307,6.36176,81.52941,GPS Auto-Tag,170.1,80.8,Medium,True
EVT24109,Live Music Night,U00492,Sinharaja Forest Reserve Nature Walk,Ratnapura/Galle,Sabaragamuwa,2025-07-04,6.4004,80.50261,6.39831,80.50284,GPS Auto-Tag,233.5,74.7,Medium,True
EVT24110,Community New Year Carnival,U17275,"New Year's Eve Countdown, Galle Face",Colombo,Western,2025-10-17,6.92208,79.85235,6.96177,79.92443,Typed Address,9082.1,0.0,Very Low,False
EVT24111,Village Perahera,U13748,Kanneliya Rainforest Reserve,Galle,Southern,2025-06-26,6.23697,80.34066,6.3114,80.30502,Typed Address,9149.6,0.0,Very Low,False
EVT24112,Full Moon Party,U07737,Peak Wilderness Sanctuary Trek,Ratnapura,Sabaragamuwa,2025-08-10,6.79251,80.50357,6.79529,80.50159,GPS Auto-Tag,377.0,62.4,Medium,True
EVT24113,Beach Party,U15738,Ravana Falls Abseiling,Badulla,Uva,2023-01-21,6.88413,81.04665,6.96863,81.07911,Typed Address,10039.0,0.0,Very Low,False
EVT24114,Live Music Night,U12894,Mannar Bird Migration Watching,Mannar,Northern,2023-02-02,8.98308,79.90257,8.98163,79.9015,GPS Auto-Tag,198.4,78.0,Medium,True
EVT24115,Food & Craft Fair,U05830,Diyasaru Wetland Park,Colombo,Western,2025-01-22,6.89168,79.91538,6.89214,79.91713,GPS Auto-Tag,199.6,77.9,Medium,True
EVT24116,Pop-up Local Festival,U00197,Mulkirigala Rock Monastery,Hambantota,Southern,2023-09-10,6.17174,80.88386,6.17027,80.88287,GPS Auto-Tag,196.4,78.2,Medium,True
EVT24117,Temple/Kovil Special Pooja,U01389,Sinharaja Forest Reserve Nature Walk,Ratnapura/Galle,Sabaragamuwa,2023-01-31,6.3839,80.48781,6.35798,80.49414,Typed Address,2961.5,2.5,Very Low,False
EVT24118,Food & Craft Fair,U07498,Beddagana Wetland Park,Colombo,Western,2025-06-07,6.91078,79.89622,6.91049,79.89573,GPS Auto-Tag,63.3,92.4,High,True
EVT24119,Community New Year Carnival,U14050,Madu Ganga Mangrove Boat Tour,Galle,Southern,2025-11-04,6.26883,80.03774,6.25538,80.03222,Manual Map Pin,1612.0,13.3,Very Low,False
EVT24120,Private Wedding,U09215,Panama-Kudumbigala Eco Reserve,Ampara,Eastern,2023-04-29,6.89957,81.79443,6.92291,81.80082,Manual Map Pin,2685.1,3.5,Very Low,False
EVT24121,Food & Craft Fair,U17995,Madu Ganga Mangrove Boat Tour,Galle,Southern,2025-03-11,6.25617,80.04425,6.24701,80.04877,Manual Map Pin,1132.3,24.3,Very Low,False
EVT24122,Pop-up Local Festival,U09677,Kochchikade St. Anthony's Feast,Colombo,Western,2024-06-02,6.92414,79.84677,6.92277,79.84568,GPS Auto-Tag,193.4,78.5,Medium,True
EVT24123,Pop-up Local Festival,U15026,Thalangama Wetland Birdwatching,Colombo,Western,2024-10-19,6.90036,79.92409,6.90103,79.92302,GPS Auto-Tag,138.9,84.1,Medium,True
EVT24124,Food & Craft Fair,U15474,Kandy Esala Perahera,Kandy,Central,2024-07-27,7.2672,80.64231,7.26603,80.63992,GPS Auto-Tag,292.8,69.4,Medium,True
EVT24125,Full Moon Party,U00597,Muhudu Maha Vihara,Hambantota,Southern,2024-12-09,6.32488,81.4541,6.3434,81.49887,Typed Address,5349.3,0.1,Very Low,False
EVT24126,Corporate Retreat Event,U15420,Sinharaja Forest Reserve Nature Walk,Ratnapura/Galle,Sabaragamuwa,2025-06-21,6.38951,80.49653,6.38888,80.49879,GPS Auto-Tag,259.2,72.3,Medium,True
EVT24127,Beach Party,U08399,Deepavali Festival (Colombo Kovils),Colombo,Western,2025-03-29,6.90112,79.86428,6.91471,79.83558,Typed Address,3504.0,1.3,Very Low,False
EVT24128,Corporate Retreat Event,U01754,Delft Wild Pony Eco Tour,Jaffna,Northern,2024-03-05,9.52771,79.65511,9.51178,79.65408,Manual Map Pin,1772.1,10.9,Very Low,False
EVT24129,Village Perahera,U11400,Bellanwila-Attidiya Sanctuary,Colombo,Western,2023-03-08,6.83499,79.90129,6.83328,79.89939,GPS Auto-Tag,282.1,70.3,Medium,True
EVT24130,Pop-up Local Festival,U04250,Knuckles Mountain Range Trekking,Kandy/Matale,Central,2023-10-28,7.47125,80.78518,7.47119,80.78601,GPS Auto-Tag,91.6,89.2,High,True
EVT24131,Temple/Kovil Special Pooja,U06432,Anuradhapura Cycling Tour,Anuradhapura,North Central,2024-02-19,8.31174,80.40004,8.31078,80.40023,GPS Auto-Tag,108.8,87.3,High,True
EVT24132,Temple/Kovil Special Pooja,U06594,Ravana Caves & Ella Wala Pool,Badulla,Uva,2024-10-14,6.83503,81.03852,6.83471,81.03739,GPS Auto-Tag,129.4,85.1,High,True
EVT24133,Live Music Night,U15822,Nuwara Eliya April Season,Nuwara Eliya,Central,2025-10-13,6.94356,80.79257,6.9282,80.78624,Manual Map Pin,1842.1,10.0,Very Low,False
EVT24134,Community New Year Carnival,U13314,Kanneliya Rainforest Reserve,Galle,Southern,2024-06-18,6.23528,80.33831,6.23436,80.33795,GPS Auto-Tag,109.2,87.2,High,True
EVT24135,Beach Party,U06692,Nilaveli Beach,Trincomalee,Eastern,2025-07-01,8.70495,81.17854,8.70382,81.17664,GPS Auto-Tag,243.4,73.8,Medium,True
EVT24136,Community New Year Carnival,U13204,Kalpitiya Dolphin Watching Eco Tour,Puttalam,North Western,2023-11-03,8.23653,79.75932,8.23835,79.76127,Manual Map Pin,294.0,69.2,Medium,True
EVT24137,Community New Year Carnival,U11961,Kalpitiya Kite Surfing,Puttalam,North Western,2024-03-23,8.2334,79.75996,8.22984,79.75271,Manual Map Pin,889.0,32.9,Low,False
EVT24138,Corporate Retreat Event,U00601,Kandy Lake Evening Walk,Kandy,Central,2024-10-30,7.28473,80.64304,7.39739,80.6259,Typed Address,12647.2,0.0,Very Low,False
EVT24139,Village Perahera,U09546,Ravana Caves & Ella Wala Pool,Badulla,Uva,2023-09-16,6.86949,81.02963,6.86951,81.02885,GPS Auto-Tag,85.7,89.8,High,True
EVT24140,Village Perahera,U03976,Delft Island,Jaffna,Northern,2024-12-13,9.53581,79.66294,9.53686,79.66256,GPS Auto-Tag,123.9,85.7,High,True
EVT24141,Private Wedding,U17071,Bellanwila-Attidiya Sanctuary,Colombo,Western,2025-02-27,6.82803,79.86867,6.828,79.87075,GPS Auto-Tag,229.5,75.1,Medium,True
EVT24142,Corporate Retreat Event,U02680,Kandy Lake Evening Walk,Kandy,Central,2023-11-24,7.28058,80.63148,7.27848,80.62935,Manual Map Pin,331.5,66.1,Medium,True
EVT24143,Pop-up Local Festival,U08805,Ritigala Forest Monastery,Anuradhapura,North Central,2024-12-30,8.12061,80.65969,8.1188,80.66175,Manual Map Pin,302.3,68.5,Medium,True
EVT24144,Beach Party,U15556,Kandy Lake Evening Walk,Kandy,Central,2023-01-20,7.28715,80.63582,7.28703,80.63544,GPS Auto-Tag,43.7,94.7,High,True
EVT24145,Private Wedding,U01888,Anuradhapura Cycling Tour,Anuradhapura,North Central,2023-06-09,8.31691,80.4025,8.31887,80.41852,Manual Map Pin,1772.7,10.9,Very Low,False
EVT24146,Private Wedding,U11041,Rathnapura Gem Mining Tour,Ratnapura,Sabaragamuwa,2024-02-19,6.69583,80.41112,6.69492,80.41149,GPS Auto-Tag,108.8,87.3,High,True
EVT24147,Community New Year Carnival,U00476,Kosgoda Turtle Hatchery,Galle,Southern,2023-09-21,6.08047,80.00163,6.06871,79.98589,Typed Address,2173.0,6.6,Very Low,False
EVT24148,Beach Party,U00158,Madunagala Hot Springs,Hambantota,Southern,2023-03-22,6.26239,81.21704,6.26306,81.21855,GPS Auto-Tag,182.5,79.6,Medium,True
EVT24149,Pop-up Local Festival,U13132,Ritigala Forest Monastery,Anuradhapura,North Central,2023-02-02,8.12445,80.64313,8.12512,80.64071,GPS Auto-Tag,276.4,70.8,Medium,True
EVT24150,Beach Party,U02984,Wadduwa Beach Escape,Kalutara,Western,2024-05-02,6.64828,79.92018,6.64743,79.91898,GPS Auto-Tag,162.2,81.6,Medium,True
EVT24151,Temple/Kovil Special Pooja,U05677,Peak Wilderness Sanctuary Trek,Ratnapura,Sabaragamuwa,2023-08-24,6.7923,80.48573,6.81307,80.45058,Typed Address,4508.9,0.4,Very Low,False
EVT24152,Community New Year Carnival,U13518,Laxapana Falls Trek,Nuwara Eliya,Central,2024-09-24,6.92838,80.50811,6.94054,80.53339,Manual Map Pin,3095.4,2.1,Very Low,False
EVT24153,Food & Craft Fair,U05333,Kataragama Esala Perahera,Monaragala,Uva,2023-01-21,6.43361,81.33639,6.4358,81.33555,GPS Auto-Tag,259.5,72.3,Medium,True
EVT24154,Beach Party,U16663,Mulkirigala Rock Monastery,Hambantota,Southern,2025-05-05,6.15031,80.89046,6.15052,80.88866,Manual Map Pin,200.4,77.8,Medium,True
EVT24155,Private Wedding,U03108,Adam's Peak (Sri Pada) Climb,Ratnapura,Sabaragamuwa,2025-11-05,6.79651,80.5063,6.79663,80.50986,GPS Auto-Tag,392.8,61.2,Medium,True
EVT24156,Beach Party,U08166,Horton Plains Cloud Forest Eco Walk,Nuwara Eliya,Central,2024-04-07,6.8087,80.79125,6.80789,80.78983,GPS Auto-Tag,180.6,79.8,Medium,True
EVT24157,Community New Year Carnival,U03246,Kandy Lake Evening Walk,Kandy,Central,2024-11-22,7.27405,80.62677,7.27627,80.62716,GPS Auto-Tag,250.6,73.1,Medium,True
EVT24158,Community New Year Carnival,U14975,Minneriya-Kaudulla Elephant Corridor,Polonnaruwa,North Central,2023-06-18,8.05787,80.95371,8.05736,80.95246,GPS Auto-Tag,148.0,83.1,Medium,True
EVT24159,Full Moon Party,U08617,Gal Oya Kudugala Village Eco Trek,Ampara,Eastern,2023-12-19,7.15847,81.45201,7.16245,81.46751,Manual Map Pin,1763.7,11.0,Very Low,False
EVT24160,Village Perahera,U15295,Meemure Village,Kandy,Central,2023-12-26,7.47343,80.77928,7.47229,80.77791,GPS Auto-Tag,197.0,78.2,Medium,True
EVT24161,Full Moon Party,U08743,Sera Ella Waterfall,Matale,Central,2025-02-07,7.52884,80.67563,7.52925,80.67537,GPS Auto-Tag,53.2,93.6,High,True
EVT24162,Full Moon Party,U05529,Horton Plains & World's End Hike,Nuwara Eliya,Central,2023-03-31,6.8001,80.80619,6.80123,80.80703,GPS Auto-Tag,156.3,82.3,Medium,True
EVT24163,Beach Party,U10829,Nuwara Eliya April Season,Nuwara Eliya,Central,2025-12-11,6.95067,80.78468,6.99075,80.78738,Typed Address,4459.0,0.4,Very Low,False
EVT24164,Temple/Kovil Special Pooja,U02887,Nallur Festival (Nallur Kandaswamy Kovil),Jaffna,Northern,2024-01-22,9.67355,80.02906,9.66145,80.03899,Manual Map Pin,1727.7,11.5,Very Low,False
EVT24165,Live Music Night,U03472,Nuwara Eliya Tea Factory Tour,Nuwara Eliya,Central,2023-01-27,6.95919,80.76737,6.95843,80.76707,GPS Auto-Tag,90.2,89.3,High,True
EVT24166,Beach Party,U04226,Wewurukannala & Buduruwagala Carvings,Badulla/Monaragala,Uva,2023-07-08,6.72025,81.16606,6.7209,81.16525,GPS Auto-Tag,114.9,86.6,High,True
EVT24167,Village Perahera,U17069,Nainativu & Nagadeepa,Jaffna,Northern,2023-03-29,9.57509,79.76428,9.57353,79.76377,GPS Auto-Tag,181.4,79.7,Medium,True
EVT24168,Full Moon Party,U13625,Dowa Rock Temple,Badulla,Uva,2025-05-10,6.87807,81.05392,6.86562,81.04588,Manual Map Pin,1640.4,12.9,Very Low,False
EVT24169,Beach Party,U07677,Kumana Bird Sanctuary,Ampara,Eastern,2024-09-26,6.55852,81.66365,6.5669,81.68075,Manual Map Pin,2102.2,7.2,Very Low,False
EVT24170,Beach Party,U10256,Negombo Lagoon Boat Ride,Gampaha,Western,2024-02-05,7.21248,79.84975,7.2155,79.85117,GPS Auto-Tag,370.0,63.0,Medium,True
EVT24171,Corporate Retreat Event,U15196,Hiriwadunna Village,Anuradhapura,North Central,2023-12-02,7.97769,80.76166,8.01063,80.8786,Typed Address,13364.7,0.0,Very Low,False
EVT24172,Temple/Kovil Special Pooja,U13628,Nainativu & Nagadeepa,Jaffna,Northern,2024-03-28,9.57662,79.77717,9.57648,79.77825,GPS Auto-Tag,118.7,86.2,High,True
EVT24173,Village Perahera,U10650,Adam's Peak (Sri Pada) Climb,Ratnapura,Sabaragamuwa,2023-07-08,6.79447,80.4856,6.78602,80.49057,Manual Map Pin,1086.7,25.7,Very Low,False
EVT24174,Food & Craft Fair,U00334,Bogoda Wooden Bridge,Badulla,Uva,2024-08-12,6.97219,81.01122,6.9895,81.01738,Typed Address,2037.8,7.8,Very Low,False
EVT24175,Live Music Night,U16346,Bellanwila-Attidiya Sanctuary,Colombo,Western,2024-10-02,6.8347,79.87115,6.83523,79.87274,GPS Auto-Tag,184.8,79.4,Medium,True
EVT24176,Corporate Retreat Event,U15504,Madu Ganga Mangrove Boat Tour,Galle,Southern,2025-07-26,6.26811,80.03846,6.25308,80.03858,Manual Map Pin,1668.2,12.4,Very Low,False
EVT24177,Temple/Kovil Special Pooja,U02592,Belihuloya River Adventures,Ratnapura,Sabaragamuwa,2023-03-18,6.67132,80.83525,6.67213,80.83319,GPS Auto-Tag,244.1,73.7,Medium,True
EVT24178,Food & Craft Fair,U03900,Weligama Surf School,Matara,Southern,2024-03-18,5.984,80.4287,5.98572,80.42732,GPS Auto-Tag,244.0,73.7,Medium,True
EVT24179,Beach Party,U09374,Kitulgala White Water Rafting,Kegalle,Sabaragamuwa,2023-08-10,6.95946,80.41646,6.97341,80.41873,Manual Map Pin,1569.2,14.1,Very Low,False
EVT24180,Corporate Retreat Event,U16827,Peak Wilderness Sanctuary Trek,Ratnapura,Sabaragamuwa,2024-01-19,6.79375,80.48765,6.79386,80.48759,GPS Auto-Tag,13.8,98.3,High,True
EVT24181,Beach Party,U00445,Wasgamuwa National Park Safari,Matale/Polonnaruwa,Central,2025-01-12,7.79394,80.93228,7.79344,80.93299,GPS Auto-Tag,96.3,88.7,High,True
EVT24182,Temple/Kovil Special Pooja,U11589,Kumana National Park Birding & Safari,Ampara,Eastern,2023-09-23,6.58062,81.67244,6.58294,81.64075,Typed Address,3503.9,1.3,Very Low,False
EVT24183,Pop-up Local Festival,U03567,Nilaveli Beach,Trincomalee,Eastern,2023-08-14,8.71888,81.18087,8.77156,81.18697,Typed Address,5886.2,0.1,Very Low,False
EVT24184,Live Music Night,U14572,Haputale Viewpoint & Tea Estates,Badulla,Uva,2025-05-26,6.77233,80.95759,6.77425,80.962,GPS Auto-Tag,530.0,51.6,Low,False
EVT24185,Corporate Retreat Event,U13202,Tangalle Beach Escape,Hambantota,Southern,2024-05-16,6.0512,80.7952,6.05393,80.77693,Manual Map Pin,2039.1,7.8,Very Low,False
EVT24186,Corporate Retreat Event,U00933,Hiriwadunna Village,Anuradhapura,North Central,2024-01-19,7.96884,80.75552,7.96525,80.75885,Manual Map Pin,540.4,50.9,Low,False
EVT24187,Corporate Retreat Event,U17735,Adam's Peak (Sri Pada) Climb,Ratnapura,Sabaragamuwa,2023-08-14,6.80354,80.50398,6.80249,80.50637,GPS Auto-Tag,287.8,69.8,Medium,True
EVT24188,Private Wedding,U16365,Nainativu & Nagadeepa,Jaffna,Northern,2024-08-09,9.57146,79.76121,9.55846,79.75788,Manual Map Pin,1487.8,15.6,Very Low,False
EVT24189,Private Wedding,U07599,Kosgoda Turtle Hatchery,Galle,Southern,2024-01-20,6.08213,80.00261,6.08208,80.00488,GPS Auto-Tag,250.9,73.1,Medium,True
EVT24190,Live Music Night,U00767,Horton Plains Cloud Forest Eco Walk,Nuwara Eliya,Central,2023-08-08,6.818,80.81736,6.81682,80.8123,Manual Map Pin,573.6,48.8,Low,False
EVT24191,Pop-up Local Festival,U10538,Knuckles Conservation Forest Walk,Kandy/Matale,Central,2024-12-06,7.4627,80.78382,7.46184,80.78563,GPS Auto-Tag,220.5,75.9,Medium,True
EVT24192,Beach Party,U08610,Kandy Lake Evening Walk,Kandy,Central,2024-01-06,7.30536,80.62843,7.25888,80.63537,Typed Address,5215.8,0.1,Very Low,False
EVT24193,Village Perahera,U13581,Yala National Park Safari,Hambantota,Southern,2024-10-29,6.38247,81.50809,6.38038,81.50827,GPS Auto-Tag,233.6,74.7,Medium,True
EVT24194,Temple/Kovil Special Pooja,U17507,Bogoda Wooden Bridge,Badulla,Uva,2024-01-15,6.95389,81.02439,6.94412,81.0143,Manual Map Pin,1553.2,14.3,Very Low,False
EVT24195,Food & Craft Fair,U14713,Aluvihare Rock Monastery,Matale,Central,2024-01-13,7.48235,80.62672,7.48128,80.62595,GPS Auto-Tag,145.5,83.4,Medium,True
EVT24196,Live Music Night,U03077,Mannar Bird Migration Watching,Mannar,Northern,2025-12-14,8.97706,79.91538,8.97899,79.91287,GPS Auto-Tag,348.4,64.7,Medium,True
EVT24197,Beach Party,U09517,Kumana Bird Sanctuary,Ampara,Eastern,2025-03-13,6.53849,81.6777,6.53843,81.67586,GPS Auto-Tag,202.5,77.6,Medium,True
EVT24198,Pop-up Local Festival,U02117,Knuckles Mountain Range Trekking,Kandy/Matale,Central,2023-10-07,7.45634,80.78427,7.47573,80.75403,Typed Address,3963.2,0.7,Very Low,False
EVT24199,Private Wedding,U13739,Yapahuwa Rock Fortress,Kurunegala,North Western,2024-12-10,7.83172,80.20716,7.83297,80.20529,GPS Auto-Tag,248.4,73.3,Medium,True
EVT24200,Community New Year Carnival,U13201,Hurulu Eco Park,Polonnaruwa,North Central,2025-06-16,8.177,80.88436,8.21393,80.91497,Typed Address,5301.1,0.1,Very Low,False
EVT24201,Community New Year Carnival,U06207,Beruwala Beach Resort Leisure,Kalutara,Western,2023-08-06,6.46701,79.97593,6.46595,79.97503,GPS Auto-Tag,153.6,82.5,Medium,True
EVT24202,Food & Craft Fair,U08982,Nallur Festival (Nallur Kandaswamy Kovil),Jaffna,Northern,2023-12-09,9.66852,80.03446,9.6537,80.02278,Manual Map Pin,2083.1,7.4,Very Low,False
EVT24203,Live Music Night,U17074,Nallur Festival (Nallur Kandaswamy Kovil),Jaffna,Northern,2025-10-03,9.67041,80.05226,9.66635,80.02205,Typed Address,3336.0,1.5,Very Low,False
EVT24204,Village Perahera,U03996,Induruwa Turtle Conservation,Galle,Southern,2023-03-15,6.06613,80.04951,6.06998,80.06713,Manual Map Pin,1991.3,8.3,Very Low,False
EVT24205,Full Moon Party,U11495,Adam's Peak (Sri Pada) Climb,Ratnapura,Sabaragamuwa,2024-06-24,6.82449,80.49374,6.82437,80.49537,GPS Auto-Tag,180.4,79.8,Medium,True
EVT24206,Pop-up Local Festival,U17360,Negombo Lagoon Boat Ride,Gampaha,Western,2025-05-04,7.2058,79.83585,7.2053,79.83629,GPS Auto-Tag,74.1,91.2,High,True
EVT24207,Beach Party,U02019,Hakgala Botanical Garden,Nuwara Eliya,Central,2024-07-31,6.91784,80.77418,6.90186,80.78775,Manual Map Pin,2319.7,5.5,Very Low,False
EVT24208,Corporate Retreat Event,U08417,Yala National Park Safari,Hambantota,Southern,2025-08-07,6.36185,81.52135,6.36204,81.52061,GPS Auto-Tag,84.2,90.0,High,True
EVT24209,Village Perahera,U00030,Nilaveli Beach,Trincomalee,Eastern,2024-07-01,8.72583,81.17252,8.70824,81.16433,Manual Map Pin,2149.9,6.8,Very Low,False
EVT24210,Pop-up Local Festival,U05126,Pigeon Island Snorkeling,Trincomalee,Eastern,2023-01-03,8.71942,81.20784,8.71911,81.20869,GPS Auto-Tag,99.4,88.3,High,True
EVT24211,Community New Year Carnival,U07781,Aluvihare Rock Monastery,Matale,Central,2023-09-04,7.48836,80.61207,7.47548,80.61349,Manual Map Pin,1438.5,16.6,Very Low,False
EVT24212,Beach Party,U01991,Vesak Festival (Colombo & Island-wide),Colombo,Western,2023-05-08,6.90072,79.85402,6.90292,79.8575,Manual Map Pin,455.5,56.6,Low,False
EVT24213,Temple/Kovil Special Pooja,U10561,Kumana Bird Sanctuary,Ampara,Eastern,2025-04-13,6.55877,81.66654,6.55912,81.6645,GPS Auto-Tag,228.3,75.2,Medium,True
EVT24214,Beach Party,U11400,Kochchikade St. Anthony's Feast,Colombo,Western,2025-01-05,6.96227,79.85749,6.94521,79.86624,Typed Address,2125.6,7.0,Very Low,False
EVT24215,Full Moon Party,U10203,Kanniya Hot Springs,Trincomalee,Eastern,2023-04-27,8.5992,81.17948,8.59058,81.17141,Manual Map Pin,1304.0,19.6,Very Low,False
EVT24216,Community New Year Carnival,U09050,Thalangama Wetland Birdwatching,Colombo,Western,2024-04-23,6.88712,79.92683,6.83,79.91954,Typed Address,6390.1,0.0,Very Low,False
EVT24217,Private Wedding,U07576,Kalpitiya Dolphin Watching Eco Tour,Puttalam,North Western,2024-12-06,8.23732,79.7712,8.2304,79.72255,Typed Address,5399.3,0.1,Very Low,False
EVT24218,Live Music Night,U06283,Kataragama Esala Perahera,Monaragala,Uva,2025-08-25,6.42165,81.33801,6.42169,81.33886,GPS Auto-Tag,94.3,88.9,High,True
EVT24219,Full Moon Party,U09734,Hurulu Eco Park,Polonnaruwa,North Central,2025-02-09,8.15393,80.86832,8.17918,80.91228,Typed Address,5584.8,0.1,Very Low,False
EVT24220,Corporate Retreat Event,U16291,St. Clair's & Devon Falls Viewpoint,Nuwara Eliya,Central,2025-12-31,7.03067,80.65977,7.0331,80.65864,GPS Auto-Tag,296.7,69.0,Medium,True
EVT24221,Community New Year Carnival,U01069,Trincomalee Whale Watching,Trincomalee,Eastern,2025-04-07,8.55499,81.21703,8.56151,81.21954,Manual Map Pin,774.9,38.0,Low,False
EVT24222,Beach Party,U11705,Sinharaja Forest Reserve Nature Walk,Ratnapura/Galle,Sabaragamuwa,2024-08-18,6.39677,80.50551,6.36897,80.52975,Typed Address,4082.1,0.6,Very Low,False
EVT24223,Food & Craft Fair,U16676,Wilpattu National Park Safari,Puttalam,North Western,2023-06-04,8.4414,80.0513,8.44241,80.0533,GPS Auto-Tag,245.7,73.6,Medium,True
EVT24224,Food & Craft Fair,U08343,St. Clair's & Devon Falls Viewpoint,Nuwara Eliya,Central,2023-07-31,7.03196,80.6733,7.03098,80.6753,GPS Auto-Tag,245.6,73.6,Medium,True
EVT24225,Live Music Night,U13036,Rathnapura Gem Mining Tour,Ratnapura,Sabaragamuwa,2024-07-16,6.69525,80.40707,6.69327,80.42037,Manual Map Pin,1482.4,15.7,Very Low,False
EVT24226,Pop-up Local Festival,U17975,Delft Island,Jaffna,Northern,2024-08-29,9.53191,79.66253,9.53492,79.6629,GPS Auto-Tag,336.4,65.7,Medium,True
EVT24227,Temple/Kovil Special Pooja,U05766,Colombo Galle Face & City Tour,Colombo,Western,2023-08-09,6.91008,79.86302,6.90849,79.86474,GPS Auto-Tag,258.9,72.4,Medium,True
EVT24228,Live Music Night,U05458,Kochchikade St. Anthony's Feast,Colombo,Western,2025-06-14,6.95636,79.83736,6.95635,79.83818,GPS Auto-Tag,90.1,89.3,High,True
EVT24229,Food & Craft Fair,U01570,Tangalle Beach Escape,Hambantota,Southern,2024-06-07,6.029,80.80885,6.06154,80.80882,Typed Address,3611.6,1.1,Very Low,False
EVT24230,Food & Craft Fair,U07972,Yala National Park Safari,Hambantota,Southern,2025-05-06,6.37464,81.51137,6.37639,81.51281,GPS Auto-Tag,250.7,73.1,Medium,True
EVT24231,Food & Craft Fair,U00353,Horton Plains & World's End Hike,Nuwara Eliya,Central,2024-08-06,6.79233,80.79912,6.78889,80.79838,GPS Auto-Tag,390.5,61.4,Medium,True
EVT24232,Corporate Retreat Event,U07208,Kitulgala White Water Rafting,Kegalle,Sabaragamuwa,2025-07-23,6.97239,80.42313,6.97596,80.43416,Manual Map Pin,1278.1,20.2,Very Low,False
EVT24233,Food & Craft Fair,U06020,Rathnapura Gem Mining Tour,Ratnapura,Sabaragamuwa,2025-05-02,6.70423,80.39689,6.70611,80.40078,Manual Map Pin,476.9,55.1,Low,False
EVT24234,Private Wedding,U16573,Wilpattu National Park Safari,Puttalam,North Western,2024-12-10,8.45441,80.03032,8.45355,80.03183,GPS Auto-Tag,192.2,78.6,Medium,True
EVT24235,Village Perahera,U13649,Muhudu Maha Vihara,Hambantota,Southern,2025-06-21,6.31664,81.47012,6.2884,81.47598,Typed Address,3200.9,1.8,Very Low,False
EVT24236,Village Perahera,U16003,Yapahuwa Rock Fortress,Kurunegala,North Western,2024-03-20,7.83213,80.19969,7.90747,80.21087,Typed Address,8452.9,0.0,Very Low,False
EVT24237,Pop-up Local Festival,U10061,Peak Wilderness Sanctuary Trek,Ratnapura,Sabaragamuwa,2025-07-27,6.7988,80.50381,6.82991,80.49384,Typed Address,3623.9,1.1,Very Low,False
EVT24238,Live Music Night,U10994,Beddagana Wetland Park,Colombo,Western,2024-03-16,6.89962,79.89227,6.91036,79.94796,Typed Address,6251.7,0.0,Very Low,False
EVT24239,Live Music Night,U17426,Meemure Village,Kandy,Central,2025-12-19,7.45546,80.79428,7.4067,80.81582,Typed Address,5908.6,0.1,Very Low,False
EVT24240,Food & Craft Fair,U01318,Bambarakanda Falls,Badulla,Uva,2023-02-22,6.76155,80.8043,6.7583,80.7937,Manual Map Pin,1222.6,21.7,Very Low,False
EVT24241,Pop-up Local Festival,U13522,Royal Botanical Garden Peradeniya,Kandy,Central,2024-07-26,7.25937,80.60917,7.25982,80.60969,GPS Auto-Tag,75.8,91.0,High,True
EVT24242,Pop-up Local Festival,U06124,Nilaveli Beach,Trincomalee,Eastern,2025-04-12,8.72021,81.18586,8.72829,81.20956,Manual Map Pin,2751.2,3.2,Very Low,False
EVT24243,Village Perahera,U04208,Rekawa Turtle Conservation,Hambantota,Southern,2023-06-18,6.0467,80.84927,6.04506,80.84621,GPS Auto-Tag,383.1,61.9,Medium,True
EVT24244,Village Perahera,U14702,Vesak Festival (Colombo & Island-wide),Colombo,Western,2023-06-23,6.93129,79.83684,6.92985,79.83965,GPS Auto-Tag,348.7,64.7,Medium,True
EVT24245,Food & Craft Fair,U15048,Nuwara Eliya Gregory Lake Boating,Nuwara Eliya,Central,2025-12-11,6.95625,80.77484,6.95754,80.77532,GPS Auto-Tag,153.0,82.6,Medium,True
EVT24246,Corporate Retreat Event,U02713,Panama-Kudumbigala Eco Reserve,Ampara,Eastern,2023-07-06,6.91052,81.77125,6.91071,81.77058,GPS Auto-Tag,77.2,90.8,High,True
EVT24247,Full Moon Party,U09677,Panama Village,Ampara,Eastern,2025-04-02,6.95571,81.76602,6.95649,81.76712,GPS Auto-Tag,149.3,83.0,Medium,True
EVT24248,Live Music Night,U07813,Beddagana Wetland Park,Colombo,Western,2023-10-07,6.91867,79.898,6.9179,79.89793,GPS Auto-Tag,85.9,89.8,High,True
EVT24249,Food & Craft Fair,U13336,St. Clair's & Devon Falls Viewpoint,Nuwara Eliya,Central,2023-11-08,7.03303,80.67517,7.03377,80.67485,GPS Auto-Tag,89.1,89.5,High,True
EVT24250,Food & Craft Fair,U13623,Bopath Ella Falls Trek,Ratnapura,Sabaragamuwa,2025-11-10,6.74122,80.36759,6.76005,80.37636,Manual Map Pin,2303.0,5.6,Very Low,False
EVT24251,Private Wedding,U11117,Yapahuwa Rock Fortress,Kurunegala,North Western,2024-05-12,7.83287,80.20294,7.83358,80.20571,GPS Auto-Tag,314.8,67.5,Medium,True
EVT24252,Temple/Kovil Special Pooja,U09010,Kumana Bird Sanctuary,Ampara,Eastern,2024-05-15,6.58625,81.67338,6.58816,81.67167,GPS Auto-Tag,283.3,70.2,Medium,True
EVT24253,Temple/Kovil Special Pooja,U10482,Meemure Village,Kandy,Central,2023-12-12,7.44243,80.8096,7.44282,80.80956,GPS Auto-Tag,43.5,94.7,High,True
EVT24254,Food & Craft Fair,U13384,Muhudu Maha Vihara,Hambantota,Southern,2023-10-03,6.32757,81.48015,6.32643,81.48139,GPS Auto-Tag,186.6,79.2,Medium,True
EVT24255,Beach Party,U15736,Riverston (Mini World's End),Matale,Central,2023-08-09,7.45299,80.72913,7.45007,80.73053,GPS Auto-Tag,358.4,63.9,Medium,True
EVT24256,Pop-up Local Festival,U11501,Minneriya-Kaudulla Elephant Corridor,Polonnaruwa,North Central,2025-04-07,8.04884,80.9459,8.05441,80.94448,Manual Map Pin,638.4,45.0,Low,False
EVT24257,Live Music Night,U01774,Adam's Peak (Sri Pada) Climb,Ratnapura,Sabaragamuwa,2024-03-27,6.80716,80.50606,6.80658,80.50611,GPS Auto-Tag,64.1,92.3,High,True
EVT24258,Private Wedding,U10543,Udawalawe National Park Safari,Ratnapura/Moneragala,Sabaragamuwa,2023-12-08,6.47265,80.87863,6.47004,80.88254,Manual Map Pin,519.1,52.3,Low,False
EVT24259,Food & Craft Fair,U02229,Madu Ganga Mangrove Boat Tour,Galle,Southern,2025-04-12,6.24924,80.06289,6.24729,80.06313,GPS Auto-Tag,218.6,76.1,Medium,True
EVT24260,Corporate Retreat Event,U12071,Udawalawe Elephant Transit Home,Ratnapura,Sabaragamuwa,2023-08-26,6.43967,80.87056,6.44113,80.87169,GPS Auto-Tag,204.5,77.4,Medium,True
EVT24261,Full Moon Party,U13479,Panama Village,Ampara,Eastern,2024-10-30,6.95121,81.79471,6.93862,81.80039,Manual Map Pin,1530.6,14.8,Very Low,False
EVT24262,Village Perahera,U05607,Aluvihare Rock Monastery,Matale,Central,2024-04-24,7.4958,80.61155,7.49451,80.61823,Manual Map Pin,748.1,39.3,Low,False
EVT24263,Village Perahera,U11152,Sinharaja Rainforest Trekking,Ratnapura/Galle,Sabaragamuwa,2023-06-06,6.38665,80.50522,6.38468,80.50968,GPS Auto-Tag,538.6,51.0,Low,False
EVT24264,Food & Craft Fair,U01096,"New Year's Eve Countdown, Galle Face",Colombo,Western,2024-07-19,6.91894,79.85303,6.91901,79.85398,GPS Auto-Tag,104.4,87.8,High,True
EVT24265,Full Moon Party,U14956,Udawalawe Elephant Transit Home,Ratnapura,Sabaragamuwa,2024-07-16,6.43913,80.87541,6.44136,80.87377,GPS Auto-Tag,307.0,68.1,Medium,True
EVT24266,Beach Party,U01447,Ravana Caves & Ella Wala Pool,Badulla,Uva,2025-08-15,6.85328,81.05034,6.86788,81.04172,Manual Map Pin,1877.9,9.6,Very Low,False
EVT24267,Live Music Night,U07942,Ritigala Forest Monastery,Anuradhapura,North Central,2023-11-30,8.1072,80.65532,8.10774,80.65541,GPS Auto-Tag,60.4,92.7,High,True
EVT24268,Full Moon Party,U06668,Kanniya Hot Springs,Trincomalee,Eastern,2023-07-14,8.61266,81.15888,8.61431,81.15892,GPS Auto-Tag,183.9,79.5,Medium,True
EVT24269,Pop-up Local Festival,U06422,Rathnapura Gem Mining Tour,Ratnapura,Sabaragamuwa,2023-09-04,6.71723,80.4219,6.71862,80.42086,GPS Auto-Tag,192.2,78.6,Medium,True
EVT24270,Full Moon Party,U07349,Anuradhapura Cycling Tour,Anuradhapura,North Central,2023-08-24,8.31292,80.39967,8.31292,80.40019,GPS Auto-Tag,56.9,93.1,High,True
EVT24271,Corporate Retreat Event,U14144,Meemure Village,Kandy,Central,2023-10-31,7.45958,80.80668,7.46235,80.8052,GPS Auto-Tag,348.6,64.7,Medium,True
EVT24272,Food & Craft Fair,U04918,Horton Plains Cloud Forest Eco Walk,Nuwara Eliya,Central,2023-01-13,6.7896,80.79308,6.78135,80.78525,Typed Address,1258.5,20.7,Very Low,False
EVT24273,Private Wedding,U10500,Nilaveli Beach,Trincomalee,Eastern,2025-03-16,8.69828,81.16441,8.69958,81.16576,GPS Auto-Tag,206.6,77.2,Medium,True
EVT24274,Live Music Night,U17305,St. Clair's & Devon Falls Viewpoint,Nuwara Eliya,Central,2025-08-25,7.03867,80.65832,7.03961,80.65803,GPS Auto-Tag,109.1,87.3,High,True
EVT24275,Live Music Night,U11910,Mulkirigala Rock Monastery,Hambantota,Southern,2024-06-26,6.15438,80.8899,6.19252,80.90722,Typed Address,4644.5,0.3,Very Low,False
EVT24276,Food & Craft Fair,U05645,Madu Ganga Mangrove Boat Tour,Galle,Southern,2023-08-23,6.27467,80.05315,6.27514,80.05065,GPS Auto-Tag,280.9,70.4,Medium,True
EVT24277,Temple/Kovil Special Pooja,U08241,Arugam Bay Surfing,Ampara,Eastern,2024-02-15,6.85244,81.82711,6.85604,81.82689,GPS Auto-Tag,399.7,60.7,Medium,True
EVT24278,Corporate Retreat Event,U12861,Anawilundawa Ramsar Wetland,Puttalam,North Western,2025-07-01,7.719,79.82775,7.71964,79.82575,GPS Auto-Tag,231.1,74.9,Medium,True
EVT24279,Village Perahera,U05858,Nuwara Eliya April Season,Nuwara Eliya,Central,2024-01-02,6.96133,80.79433,6.96932,80.8026,Manual Map Pin,1271.4,20.4,Very Low,False
EVT24280,Village Perahera,U11280,Kumana National Park Birding & Safari,Ampara,Eastern,2025-05-20,6.54537,81.67136,6.54448,81.67112,GPS Auto-Tag,103.1,87.9,High,True
EVT24281,Beach Party,U08208,Kalpitiya Dolphin Watching Eco Tour,Puttalam,North Western,2025-10-30,8.23709,79.76175,8.18214,79.69337,Typed Address,9676.5,0.0,Very Low,False
EVT24282,Community New Year Carnival,U09494,Panama Village,Ampara,Eastern,2025-02-14,6.93341,81.79206,6.94233,81.79677,Manual Map Pin,1117.8,24.7,Very Low,False
EVT24283,Full Moon Party,U17799,Wewurukannala & Buduruwagala Carvings,Badulla/Monaragala,Uva,2023-02-04,6.71236,81.1695,6.71171,81.16867,GPS Auto-Tag,116.8,86.4,High,True
EVT24284,Food & Craft Fair,U07415,Thalangama Wetland Birdwatching,Colombo,Western,2025-08-31,6.89292,79.92244,6.90376,79.91846,Manual Map Pin,1280.4,20.2,Very Low,False
EVT24285,Private Wedding,U03796,Vidattaltivu Lagoon,Mannar,Northern,2023-07-15,8.95016,80.02747,8.89775,80.06091,Typed Address,6877.0,0.0,Very Low,False
EVT24286,Temple/Kovil Special Pooja,U14182,Kanniya Hot Springs,Trincomalee,Eastern,2023-03-24,8.60125,81.16682,8.6018,81.16654,GPS Auto-Tag,68.3,91.8,High,True
EVT24287,Private Wedding,U01540,Induruwa Turtle Conservation,Galle,Southern,2025-11-22,6.0464,80.01709,6.05443,80.0082,Manual Map Pin,1325.5,19.1,Very Low,False
EVT24288,Temple/Kovil Special Pooja,U15237,Aluvihare Rock Monastery,Matale,Central,2025-05-27,7.47292,80.60089,7.4829,80.60533,Manual Map Pin,1211.7,22.0,Very Low,False
EVT24289,Live Music Night,U09221,Bellanwila-Attidiya Sanctuary,Colombo,Western,2024-10-10,6.86293,79.88116,6.86393,79.88068,GPS Auto-Tag,122.7,85.8,High,True
EVT24290,Private Wedding,U12904,Sinharaja Forest Reserve Nature Walk,Ratnapura/Galle,Sabaragamuwa,2023-05-23,6.39628,80.49498,6.39052,80.59863,Typed Address,11450.8,0.0,Very Low,False
EVT24291,Food & Craft Fair,U14809,Pasikuda Beach,Batticaloa,Eastern,2024-05-02,7.94624,81.57002,7.95658,81.57855,Manual Map Pin,1482.0,15.7,Very Low,False
EVT24292,Beach Party,U00378,Bundala Wetland Birdwatching,Hambantota,Southern,2023-04-05,6.2118,81.21722,6.21347,81.21641,GPS Auto-Tag,206.7,77.2,Medium,True
EVT24293,Beach Party,U08221,Nuwara Eliya Gregory Lake Boating,Nuwara Eliya,Central,2023-08-06,6.97385,80.7829,6.97569,80.78162,GPS Auto-Tag,248.0,73.3,Medium,True
EVT24294,Beach Party,U14933,Nainativu & Nagadeepa,Jaffna,Northern,2024-09-19,9.58727,79.74736,9.5905,79.74654,GPS Auto-Tag,369.3,63.0,Medium,True
EVT24295,Private Wedding,U01932,Ella Rock & Little Adam's Peak Hike,Badulla,Uva,2025-12-23,6.87231,81.04305,6.85027,81.04453,Typed Address,2451.5,4.7,Very Low,False
EVT24296,Full Moon Party,U08220,Nuwara Eliya Tea Factory Tour,Nuwara Eliya,Central,2025-12-27,6.95567,80.78614,6.91541,80.85543,Typed Address,8846.6,0.0,Very Low,False
EVT24297,Community New Year Carnival,U03653,Kandy Esala Perahera,Kandy,Central,2024-01-07,7.2986,80.63114,7.29905,80.63173,GPS Auto-Tag,81.6,90.3,High,True
EVT24298,Village Perahera,U17834,Kalpitiya Dolphin Watching Eco Tour,Puttalam,North Western,2023-08-14,8.22783,79.7545,8.22642,79.75439,GPS Auto-Tag,157.2,82.2,Medium,True
EVT24299,Live Music Night,U06972,Muhudu Maha Vihara,Hambantota,Southern,2025-02-24,6.357,81.45837,6.36,81.46231,Manual Map Pin,548.0,50.4,Low,False
EVT24300,Community New Year Carnival,U04089,Arugam Bay Surfing,Ampara,Eastern,2024-09-12,6.84506,81.81464,6.8492,81.79763,Manual Map Pin,1929.7,9.0,Very Low,False
EVT24301,Temple/Kovil Special Pooja,U00419,Delft Wild Pony Eco Tour,Jaffna,Northern,2023-12-29,9.53927,79.66209,9.54159,79.66425,GPS Auto-Tag,348.6,64.7,Medium,True
EVT24302,Food & Craft Fair,U17630,Delft Wild Pony Eco Tour,Jaffna,Northern,2024-10-12,9.53312,79.66123,9.53258,79.66326,GPS Auto-Tag,230.7,74.9,Medium,True
EVT24303,Beach Party,U06340,Ravana Caves & Ella Wala Pool,Badulla,Uva,2025-09-06,6.82872,81.02033,6.82196,81.03184,Manual Map Pin,1474.1,15.8,Very Low,False
EVT24304,Private Wedding,U04114,Haputale Viewpoint & Tea Estates,Badulla,Uva,2023-10-11,6.76659,80.94138,6.76863,80.94276,GPS Auto-Tag,272.6,71.1,Medium,True
EVT24305,Corporate Retreat Event,U06699,Rekawa Turtle Conservation,Hambantota,Southern,2023-12-04,6.03914,80.85729,6.08624,80.82537,Typed Address,6304.6,0.0,Very Low,False
EVT24306,Community New Year Carnival,U16171,Wasgamuwa National Park Safari,Matale/Polonnaruwa,Central,2025-02-10,7.79668,80.92938,7.79573,80.93162,GPS Auto-Tag,268.0,71.5,Medium,True
EVT24307,Community New Year Carnival,U13793,Meemure Village,Kandy,Central,2024-12-03,7.46209,80.79959,7.46133,80.79801,GPS Auto-Tag,194.2,78.4,Medium,True
EVT24308,Live Music Night,U01468,Kumana National Park Birding & Safari,Ampara,Eastern,2025-01-03,6.57242,81.65704,6.5748,81.66032,GPS Auto-Tag,448.3,57.1,Low,False
EVT24309,Community New Year Carnival,U07840,Pasikuda Beach,Batticaloa,Eastern,2024-05-27,7.93895,81.56223,7.9397,81.56274,GPS Auto-Tag,100.4,88.2,High,True
EVT24310,Temple/Kovil Special Pooja,U11187,Wadduwa Beach Escape,Kalutara,Western,2023-09-05,6.65581,79.94005,6.65729,79.93858,GPS Auto-Tag,231.1,74.9,Medium,True
EVT24311,Corporate Retreat Event,U07106,Gal Oya Kudugala Village Eco Trek,Ampara,Eastern,2025-02-20,7.15331,81.44119,7.15348,81.44073,GPS Auto-Tag,54.7,93.4,High,True
EVT24312,Village Perahera,U10059,Induruwa Turtle Conservation,Galle,Southern,2024-04-29,6.03776,80.04102,6.03807,80.03889,GPS Auto-Tag,237.6,74.3,Medium,True
EVT24313,Village Perahera,U08305,Nilaveli Beach,Trincomalee,Eastern,2024-10-22,8.70405,81.18148,8.70517,81.17871,GPS Auto-Tag,327.6,66.4,Medium,True
EVT24314,Corporate Retreat Event,U08749,Bogoda Wooden Bridge,Badulla,Uva,2023-03-02,6.95001,81.00616,6.94735,81.00602,GPS Auto-Tag,294.9,69.2,Medium,True
EVT24315,Community New Year Carnival,U05914,Peak Wilderness Sanctuary Trek,Ratnapura,Sabaragamuwa,2024-11-21,6.80505,80.50405,6.79954,80.51652,Manual Map Pin,1503.5,15.3,Very Low,False
EVT24316,Temple/Kovil Special Pooja,U05765,Madunagala Hot Springs,Hambantota,Southern,2023-05-01,6.2523,81.2352,6.29959,81.25364,Typed Address,5629.6,0.1,Very Low,False
EVT24317,Community New Year Carnival,U01659,Kayts Island,Jaffna,Northern,2025-10-14,9.68842,79.97981,9.68902,79.97996,GPS Auto-Tag,69.1,91.7,High,True
EVT24318,Food & Craft Fair,U13881,Wasgamuwa National Park Safari,Matale/Polonnaruwa,Central,2024-04-18,7.79114,80.91523,7.81091,80.95953,Typed Address,5343.5,0.1,Very Low,False
EVT24319,Private Wedding,U01763,Kayts Island,Jaffna,Northern,2024-05-20,9.68386,79.99165,9.68495,79.98835,GPS Auto-Tag,380.5,62.1,Medium,True
EVT24320,Corporate Retreat Event,U04290,Ella Rock & Little Adam's Peak Hike,Badulla,Uva,2023-02-18,6.85387,81.04588,6.85209,81.04489,GPS Auto-Tag,226.5,75.3,Medium,True
EVT24321,Corporate Retreat Event,U14387,Hikkaduwa Diving & Surfing,Galle,Southern,2023-01-15,6.14017,80.11311,6.14036,80.11315,GPS Auto-Tag,21.9,97.3,High,True
EVT24322,Temple/Kovil Special Pooja,U03430,Kandy Esala Perahera,Kandy,Central,2024-05-23,7.29276,80.6291,7.2937,80.631,GPS Auto-Tag,233.4,74.7,Medium,True
EVT24323,Pop-up Local Festival,U04050,Ravana Falls Abseiling,Badulla,Uva,2023-12-08,6.87794,81.0501,6.88121,81.0514,GPS Auto-Tag,390.7,61.4,Medium,True
EVT24324,Temple/Kovil Special Pooja,U16190,Nainativu & Nagadeepa,Jaffna,Northern,2025-03-22,9.5815,79.7846,9.57954,79.78609,GPS Auto-Tag,271.4,71.2,Medium,True
EVT24325,Community New Year Carnival,U05680,Haputale Viewpoint & Tea Estates,Badulla,Uva,2023-12-07,6.75422,80.93719,6.75722,80.93888,GPS Auto-Tag,381.7,62.1,Medium,True
EVT24326,Private Wedding,U16214,Bundala Wetland Birdwatching,Hambantota,Southern,2024-08-24,6.19245,81.2199,6.19329,81.22128,GPS Auto-Tag,178.4,80.0,Medium,True
EVT24327,Private Wedding,U15730,Ravana Caves & Ella Wala Pool,Badulla,Uva,2025-09-26,6.84938,81.01828,6.8503,81.01635,GPS Auto-Tag,235.5,74.5,Medium,True
EVT24328,Beach Party,U07307,Delft Island,Jaffna,Northern,2025-06-13,9.53487,79.65699,9.59483,79.70102,Typed Address,8217.1,0.0,Very Low,False
EVT24329,Community New Year Carnival,U14595,Delft Wild Pony Eco Tour,Jaffna,Northern,2024-09-08,9.52526,79.66434,9.52514,79.66322,GPS Auto-Tag,122.7,85.8,High,True
EVT24330,Pop-up Local Festival,U00223,Bellanwila-Attidiya Sanctuary,Colombo,Western,2024-06-06,6.8457,79.88475,6.84757,79.88539,GPS Auto-Tag,219.0,76.1,Medium,True
EVT24331,Full Moon Party,U00953,Udawalawe National Park Safari,Ratnapura/Moneragala,Sabaragamuwa,2025-12-24,6.45539,80.87974,6.45726,80.88181,GPS Auto-Tag,308.8,68.0,Medium,True
EVT24332,Full Moon Party,U09026,Gal Oya Boat Safari,Ampara,Eastern,2025-04-08,7.16126,81.45948,7.17767,81.46292,Manual Map Pin,1861.1,9.8,Very Low,False
EVT24333,Live Music Night,U11340,Kalpitiya Kite Surfing,Puttalam,North Western,2024-07-29,8.24063,79.7649,8.23858,79.76764,GPS Auto-Tag,377.2,62.4,Medium,True
EVT24334,Food & Craft Fair,U11682,Hiriwadunna Village,Anuradhapura,North Central,2023-05-18,7.98925,80.73655,7.98902,80.73826,GPS Auto-Tag,189.9,78.9,Medium,True
EVT24335,Corporate Retreat Event,U03853,Nainativu & Nagadeepa,Jaffna,Northern,2023-11-18,9.59098,79.76461,9.59087,79.77371,Manual Map Pin,996.1,28.8,Very Low,False
EVT24336,Pop-up Local Festival,U06377,Wilpattu National Park Safari,Puttalam,North Western,2023-11-14,8.43354,80.05286,8.43255,80.05058,GPS Auto-Tag,273.4,71.1,Medium,True
EVT24337,Temple/Kovil Special Pooja,U12204,Kumana National Park Birding & Safari,Ampara,Eastern,2024-06-10,6.56942,81.67072,6.56952,81.6692,Manual Map Pin,167.9,81.1,Medium,True
EVT24338,Community New Year Carnival,U00501,Nainativu & Nagadeepa,Jaffna,Northern,2024-12-30,9.58018,79.76718,9.58019,79.76616,GPS Auto-Tag,111.8,87.0,High,True
EVT24339,Pop-up Local Festival,U04251,Wasgamuwa National Park Safari,Matale/Polonnaruwa,Central,2025-03-22,7.76232,80.94935,7.76302,80.94875,GPS Auto-Tag,101.4,88.1,High,True
EVT24340,Private Wedding,U03259,Sera Ella Waterfall,Matale,Central,2024-10-18,7.53651,80.66574,7.52321,80.65562,Manual Map Pin,1849.8,9.9,Very Low,False
EVT24341,Food & Craft Fair,U12116,Dowa Rock Temple,Badulla,Uva,2024-09-16,6.89842,81.04328,6.89827,81.04417,GPS Auto-Tag,99.1,88.3,High,True
EVT24342,Community New Year Carnival,U03272,Bundala Wetland Birdwatching,Hambantota,Southern,2024-01-30,6.18238,81.21465,6.14031,81.29872,Typed Address,10386.1,0.0,Very Low,False
EVT24343,Food & Craft Fair,U13316,Ravana Falls Abseiling,Badulla,Uva,2023-01-20,6.8906,81.04684,6.89279,81.04803,GPS Auto-Tag,276.8,70.8,Medium,True
EVT24344,Live Music Night,U08285,Kochchikade St. Anthony's Feast,Colombo,Western,2023-01-20,6.96019,79.84903,6.95976,79.84442,Manual Map Pin,510.1,52.9,Low,False
EVT24345,Village Perahera,U11529,Ella Rock & Little Adam's Peak Hike,Badulla,Uva,2025-06-09,6.86845,81.0339,6.86774,81.03415,GPS Auto-Tag,83.2,90.1,High,True
EVT24346,Food & Craft Fair,U09689,Yala National Park Safari,Hambantota,Southern,2024-12-02,6.36379,81.51781,6.36492,81.51703,GPS Auto-Tag,152.1,82.7,Medium,True
EVT24347,Community New Year Carnival,U16671,Kataragama Esala Perahera,Monaragala,Uva,2023-07-28,6.41387,81.32465,6.4147,81.32318,GPS Auto-Tag,186.0,79.3,Medium,True
EVT24348,Pop-up Local Festival,U01622,Kanneliya Rainforest Reserve,Galle,Southern,2023-01-01,6.23979,80.3722,6.24192,80.3712,GPS Auto-Tag,260.4,72.2,Medium,True
EVT24349,Full Moon Party,U03383,Mannar Bird Migration Watching,Mannar,Northern,2024-05-06,8.98995,79.90883,8.99044,79.9085,GPS Auto-Tag,64.8,92.2,High,True
EVT24350,Village Perahera,U03917,Hikkaduwa Diving & Surfing,Galle,Southern,2024-07-19,6.17101,80.10922,6.17136,80.10158,Manual Map Pin,843.5,34.8,Low,False
EVT24351,Food & Craft Fair,U03402,Horton Plains & World's End Hike,Nuwara Eliya,Central,2023-10-27,6.80775,80.79118,6.80916,80.7912,GPS Auto-Tag,155.7,82.3,Medium,True
EVT24352,Live Music Night,U17306,Kanneliya Rainforest Reserve,Galle,Southern,2024-03-19,6.23394,80.35487,6.23958,80.35008,Typed Address,819.0,35.9,Low,False
EVT24353,Village Perahera,U16030,Rekawa Turtle Conservation,Hambantota,Southern,2023-05-29,6.02723,80.86062,6.02604,80.85971,GPS Auto-Tag,165.5,81.3,Medium,True
EVT24354,Pop-up Local Festival,U01145,Riverston (Mini World's End),Matale,Central,2024-09-20,7.45837,80.746,7.45882,80.74841,GPS Auto-Tag,269.1,71.4,Medium,True
EVT24355,Pop-up Local Festival,U04975,Vesak Festival (Colombo & Island-wide),Colombo,Western,2025-01-19,6.92903,79.87685,6.91752,79.86995,Manual Map Pin,1486.7,15.6,Very Low,False
EVT24356,Live Music Night,U02704,Minneriya-Kaudulla Elephant Corridor,Polonnaruwa,North Central,2025-05-28,8.05165,80.93938,8.05126,80.93788,GPS Auto-Tag,170.1,80.8,Medium,True
EVT24357,Village Perahera,U09536,Belihuloya River Adventures,Ratnapura,Sabaragamuwa,2025-10-08,6.66731,80.83296,6.66845,80.83475,GPS Auto-Tag,234.7,74.6,Medium,True
EVT24358,Beach Party,U16066,Deepavali Festival (Colombo Kovils),Colombo,Western,2024-02-17,6.89123,79.84006,6.92862,79.83,Typed Address,4295.5,0.5,Very Low,False
EVT24359,Private Wedding,U03758,Riverston (Mini World's End),Matale,Central,2023-02-12,7.45665,80.71637,7.53461,80.70758,Typed Address,8707.8,0.0,Very Low,False
EVT24360,Food & Craft Fair,U11957,Knuckles Conservation Forest Walk,Kandy/Matale,Central,2023-03-18,7.47094,80.79658,7.45742,80.79765,Manual Map Pin,1505.0,15.2,Very Low,False
EVT24361,Community New Year Carnival,U00698,Vidattaltivu Lagoon,Mannar,Northern,2025-09-29,8.92769,80.02211,8.94699,80.02548,Manual Map Pin,2174.5,6.6,Very Low,False
EVT24362,Temple/Kovil Special Pooja,U04019,Panama-Kudumbigala Eco Reserve,Ampara,Eastern,2024-09-23,6.89949,81.7914,6.8825,81.80134,Typed Address,2181.2,6.5,Very Low,False
EVT24363,Community New Year Carnival,U03151,Knuckles Conservation Forest Walk,Kandy/Matale,Central,2024-03-31,7.46061,80.78146,7.46136,80.781,GPS Auto-Tag,97.1,88.6,High,True
EVT24364,Full Moon Party,U12434,Kalametiya Bird Sanctuary,Hambantota,Southern,2025-01-08,6.05895,80.92029,6.05886,80.92013,GPS Auto-Tag,20.4,97.5,High,True
EVT24365,Full Moon Party,U08157,Wadduwa Beach Escape,Kalutara,Western,2023-11-21,6.65601,79.93443,6.67191,79.92133,Manual Map Pin,2279.6,5.8,Very Low,False
EVT24366,Full Moon Party,U10916,Nainativu & Nagadeepa,Jaffna,Northern,2024-10-13,9.5756,79.76376,9.57887,79.76412,GPS Auto-Tag,364.6,63.4,Medium,True
EVT24367,Corporate Retreat Event,U14371,Pigeon Island Snorkeling,Trincomalee,Eastern,2023-10-06,8.69381,81.19154,8.69327,81.19168,GPS Auto-Tag,61.9,92.6,High,True
EVT24368,Full Moon Party,U02048,Laxapana Falls Trek,Nuwara Eliya,Central,2023-04-08,6.92984,80.48793,6.92883,80.48622,GPS Auto-Tag,219.5,76.0,Medium,True
EVT24369,Village Perahera,U08422,Knuckles Mountain Range Trekking,Kandy/Matale,Central,2023-01-01,7.45734,80.77977,7.43939,80.78762,Manual Map Pin,2171.1,6.6,Very Low,False
EVT24370,Live Music Night,U15871,St. Clair's & Devon Falls Viewpoint,Nuwara Eliya,Central,2025-06-24,7.02715,80.65322,7.02908,80.65269,GPS Auto-Tag,223.0,75.7,Medium,True
EVT24371,Full Moon Party,U11110,Laxapana Falls Trek,Nuwara Eliya,Central,2024-09-11,6.95947,80.51279,6.96773,80.5149,Manual Map Pin,945.3,30.7,Low,False
EVT24372,Village Perahera,U02417,Nallur Festival (Nallur Kandaswamy Kovil),Jaffna,Northern,2025-03-23,9.6925,80.02327,9.78497,80.0394,Typed Address,10414.5,0.0,Very Low,False
EVT24373,Village Perahera,U02060,Adam's Peak (Sri Pada) Climb,Ratnapura,Sabaragamuwa,2024-11-02,6.81768,80.50316,6.81926,80.50391,GPS Auto-Tag,194.2,78.4,Medium,True
EVT24374,Pop-up Local Festival,U07614,Kanneliya Rainforest Reserve,Galle,Southern,2024-04-26,6.25419,80.35137,6.24914,80.35066,Manual Map Pin,565.4,49.3,Low,False
EVT24375,Village Perahera,U02498,Wewurukannala & Buduruwagala Carvings,Badulla/Monaragala,Uva,2024-03-19,6.72265,81.16885,6.71591,81.17101,Manual Map Pin,785.4,37.5,Low,False
EVT24376,Community New Year Carnival,U03914,Kitulgala White Water Rafting,Kegalle,Sabaragamuwa,2023-08-23,6.96954,80.41599,6.96969,80.41571,GPS Auto-Tag,34.6,95.8,High,True
EVT24377,Corporate Retreat Event,U11320,Delft Island,Jaffna,Northern,2025-11-03,9.52957,79.67557,9.4511,79.69897,Typed Address,9079.2,0.0,Very Low,False
EVT24378,Corporate Retreat Event,U02967,Nuwara Eliya Gregory Lake Boating,Nuwara Eliya,Central,2024-09-21,6.96556,80.7774,6.94726,80.77055,Typed Address,2166.4,6.7,Very Low,False
EVT24379,Beach Party,U00338,Kandy Esala Perahera,Kandy,Central,2025-12-21,7.27966,80.62634,7.27673,80.589,Typed Address,4124.2,0.6,Very Low,False
EVT24380,Corporate Retreat Event,U15720,Pigeon Island Snorkeling,Trincomalee,Eastern,2023-09-23,8.7064,81.1926,8.70364,81.19442,GPS Auto-Tag,365.8,63.3,Medium,True
EVT24381,Private Wedding,U16875,Bundala Wetland Birdwatching,Hambantota,Southern,2024-04-07,6.1912,81.20252,6.191,81.20201,GPS Auto-Tag,60.7,92.7,High,True
EVT24382,Village Perahera,U14378,Induruwa Turtle Conservation,Galle,Southern,2023-02-27,6.0482,80.05387,6.0472,80.05387,GPS Auto-Tag,110.3,87.1,High,True
EVT24383,Full Moon Party,U09516,Wewurukannala & Buduruwagala Carvings,Badulla/Monaragala,Uva,2025-02-06,6.72114,81.171,6.72385,81.16983,GPS Auto-Tag,326.9,66.5,Medium,True
EVT24384,Pop-up Local Festival,U04240,Gal Oya Kudugala Village Eco Trek,Ampara,Eastern,2025-06-08,7.15283,81.43717,7.15296,81.4365,GPS Auto-Tag,75.6,91.0,High,True
EVT24385,Corporate Retreat Event,U14024,Bambarakanda Falls,Badulla,Uva,2025-04-06,6.79482,80.79724,6.79395,80.79982,GPS Auto-Tag,300.3,68.7,Medium,True
EVT24386,Live Music Night,U17104,Panama-Kudumbigala Eco Reserve,Ampara,Eastern,2023-02-21,6.90251,81.7792,6.90247,81.7799,GPS Auto-Tag,77.4,90.8,High,True
EVT24387,Private Wedding,U01847,Trincomalee Whale Watching,Trincomalee,Eastern,2023-02-12,8.57869,81.21941,8.6416,81.12621,Typed Address,12385.8,0.0,Very Low,False
EVT24388,Live Music Night,U10061,Kataragama Esala Perahera,Monaragala,Uva,2023-07-28,6.41101,81.34277,6.40962,81.34315,GPS Auto-Tag,160.5,81.8,Medium,True
EVT24389,Food & Craft Fair,U09761,Polonnaruwa Cycling Tour,Polonnaruwa,North Central,2025-11-29,7.95082,81.00211,7.95182,80.99885,GPS Auto-Tag,375.5,62.5,Medium,True
EVT24390,Village Perahera,U15261,Mirissa Whale Watching & Beach,Matara,Southern,2025-11-09,5.94923,80.47042,5.94968,80.47079,GPS Auto-Tag,65.2,92.2,High,True
EVT24391,Live Music Night,U17091,Diyaluma Infinity Pools,Badulla,Uva,2025-01-04,6.72919,81.0277,6.728,81.02651,GPS Auto-Tag,186.0,79.3,Medium,True
EVT24392,Live Music Night,U06330,Nallur Festival (Nallur Kandaswamy Kovil),Jaffna,Northern,2023-07-14,9.67247,80.03668,9.62431,80.06609,Typed Address,6240.0,0.0,Very Low,False
EVT24393,Temple/Kovil Special Pooja,U00988,Royal Botanical Garden Peradeniya,Kandy,Central,2023-06-03,7.25567,80.59782,7.22652,80.61332,Typed Address,3657.7,1.0,Very Low,False
EVT24394,Full Moon Party,U10904,Sinharaja Rainforest Trekking,Ratnapura/Galle,Sabaragamuwa,2023-03-28,6.38924,80.50469,6.37465,80.50201,Manual Map Pin,1646.9,12.8,Very Low,False
EVT24395,Community New Year Carnival,U16543,Vidattaltivu Lagoon,Mannar,Northern,2024-06-18,8.95419,80.03294,8.95251,80.03282,GPS Auto-Tag,186.7,79.2,Medium,True
EVT24396,Food & Craft Fair,U02258,Vidattaltivu Lagoon,Mannar,Northern,2023-04-28,8.95295,80.03597,8.95322,80.03756,GPS Auto-Tag,176.9,80.2,Medium,True
EVT24397,Corporate Retreat Event,U11858,Tangalle Beach Escape,Hambantota,Southern,2023-01-23,6.00732,80.78992,6.00713,80.78977,GPS Auto-Tag,27.8,96.6,High,True
EVT24398,Village Perahera,U16593,Horton Plains Cloud Forest Eco Walk,Nuwara Eliya,Central,2025-06-18,6.80501,80.79329,6.80366,80.78585,Manual Map Pin,833.8,35.3,Low,False
EVT24399,Pop-up Local Festival,U06173,Nuwara Eliya Gregory Lake Boating,Nuwara Eliya,Central,2024-08-20,6.94526,80.79142,6.94213,80.79326,GPS Auto-Tag,401.5,60.5,Medium,True
EVT24400,Full Moon Party,U04636,Riverston (Mini World's End),Matale,Central,2025-01-03,7.4818,80.73543,7.48038,80.7355,GPS Auto-Tag,157.4,82.1,Medium,True
EVT24401,Private Wedding,U10979,Unawatuna Beach,Galle,Southern,2025-06-14,6.01496,80.24872,6.00017,80.25978,Manual Map Pin,2046.0,7.7,Very Low,False
EVT24402,Corporate Retreat Event,U09349,Kandy Lake Evening Walk,Kandy,Central,2025-09-28,7.30094,80.62981,7.29598,80.62267,Manual Map Pin,960.2,30.1,Low,False
EVT24403,Beach Party,U12011,Colombo Galle Face & City Tour,Colombo,Western,2025-08-20,6.92206,79.86345,6.92144,79.86445,GPS Auto-Tag,130.1,85.0,High,True
EVT24404,Beach Party,U15404,Peak Wilderness Sanctuary Trek,Ratnapura,Sabaragamuwa,2023-11-11,6.80159,80.50381,6.80389,80.50288,GPS Auto-Tag,274.6,70.9,Medium,True
EVT24405,Private Wedding,U10988,Aluvihare Rock Monastery,Matale,Central,2023-01-02,7.48063,80.61729,7.49737,80.61651,Manual Map Pin,1860.5,9.8,Very Low,False
EVT24406,Community New Year Carnival,U07230,Ramboda Falls Visit,Nuwara Eliya,Central,2024-05-09,7.07269,80.70343,7.07048,80.70346,GPS Auto-Tag,244.8,73.6,Medium,True
EVT24407,Corporate Retreat Event,U07559,Haputale Viewpoint & Tea Estates,Badulla,Uva,2025-03-27,6.75989,80.95138,6.78109,80.94523,Manual Map Pin,2448.3,4.7,Very Low,False
EVT24408,Full Moon Party,U00964,Royal Botanical Garden Peradeniya,Kandy,Central,2024-10-18,7.27539,80.60918,7.27457,80.60975,GPS Auto-Tag,110.8,87.1,High,True
EVT24409,Pop-up Local Festival,U07595,Polonnaruwa Cycling Tour,Polonnaruwa,North Central,2025-04-06,7.93299,81.01825,7.91352,80.99352,Typed Address,3472.6,1.3,Very Low,False
EVT24410,Village Perahera,U07734,Kanniya Hot Springs,Trincomalee,Eastern,2023-02-18,8.58852,81.15891,8.53777,81.17701,Typed Address,5973.0,0.1,Very Low,False
EVT24411,Corporate Retreat Event,U09721,Wadduwa Beach Escape,Kalutara,Western,2025-01-25,6.64643,79.92302,6.64722,79.9202,GPS Auto-Tag,322.7,66.8,Medium,True
EVT24412,Temple/Kovil Special Pooja,U01029,Nuwara Eliya Tea Factory Tour,Nuwara Eliya,Central,2025-08-11,6.96617,80.75301,6.96937,80.75224,GPS Auto-Tag,366.3,63.3,Medium,True
EVT24413,Beach Party,U16293,Lipton's Seat Viewpoint,Badulla,Uva,2025-01-03,6.82235,81.07749,6.8096,81.02691,Typed Address,5752.0,0.1,Very Low,False
EVT24414,Temple/Kovil Special Pooja,U03997,Wilpattu National Park Safari,Puttalam,North Western,2025-10-08,8.44159,80.04785,8.43998,80.04566,GPS Auto-Tag,299.4,68.8,Medium,True
EVT24415,Village Perahera,U12924,Weligama Surf School,Matara,Southern,2025-08-11,5.98296,80.42221,5.96426,80.42304,Manual Map Pin,2077.6,7.4,Very Low,False
EVT24416,Temple/Kovil Special Pooja,U12026,Pigeon Island Snorkeling,Trincomalee,Eastern,2024-06-06,8.72351,81.2005,8.69029,81.22045,Typed Address,4287.8,0.5,Very Low,False
EVT24417,Full Moon Party,U03158,Muthurajawela Marsh Boat Safari,Gampaha,Western,2024-03-15,7.05597,79.88323,7.06657,79.87896,Manual Map Pin,1267.0,20.5,Very Low,False
EVT24418,Full Moon Party,U01738,Kayts Island,Jaffna,Northern,2024-12-31,9.68538,79.9864,9.68722,79.98186,Manual Map Pin,537.5,51.1,Low,False
EVT24419,Village Perahera,U10763,Weligama Surf School,Matara,Southern,2023-04-30,5.9636,80.43137,5.96425,80.43147,GPS Auto-Tag,73.0,91.3,High,True
EVT24420,Beach Party,U05623,Induruwa Turtle Conservation,Galle,Southern,2023-02-04,6.05868,80.03625,6.05683,80.03571,GPS Auto-Tag,214.7,76.5,Medium,True
EVT24421,Village Perahera,U06359,Trincomalee Whale Watching,Trincomalee,Eastern,2023-08-09,8.55869,81.22639,8.56849,81.22177,Manual Map Pin,1200.0,22.3,Very Low,False
EVT24422,Village Perahera,U09121,Kumana National Park Birding & Safari,Ampara,Eastern,2025-09-25,6.55674,81.67429,6.55781,81.73329,Typed Address,6507.0,0.0,Very Low,False
EVT24423,Corporate Retreat Event,U00536,Kumana National Park Birding & Safari,Ampara,Eastern,2024-04-13,6.56009,81.65584,6.554,81.6639,Manual Map Pin,1116.8,24.8,Very Low,False
EVT24424,Food & Craft Fair,U13923,Trincomalee Whale Watching,Trincomalee,Eastern,2023-04-28,8.56014,81.24871,8.55937,81.24834,GPS Auto-Tag,94.3,88.9,High,True
EVT24425,Village Perahera,U17919,Mirissa Whale Watching & Beach,Matara,Southern,2025-05-28,5.96115,80.45435,5.95961,80.45524,GPS Auto-Tag,197.3,78.1,Medium,True
EVT24426,Private Wedding,U13955,Mirissa Whale Watching & Beach,Matara,Southern,2023-05-21,5.94132,80.45844,5.94992,80.45138,Manual Map Pin,1232.7,21.4,Very Low,False
EVT24427,Temple/Kovil Special Pooja,U03489,Nainativu & Nagadeepa,Jaffna,Northern,2023-02-12,9.5766,79.758,9.57574,79.75789,GPS Auto-Tag,97.1,88.6,High,True
EVT24428,Private Wedding,U12031,Delft Island,Jaffna,Northern,2024-01-16,9.53471,79.65771,9.54479,79.64014,Manual Map Pin,2225.3,6.2,Very Low,False
EVT24429,Full Moon Party,U11637,Peak Wilderness Sanctuary Trek,Ratnapura,Sabaragamuwa,2025-03-18,6.79607,80.48142,6.78639,80.47363,Manual Map Pin,1375.7,17.9,Very Low,False
EVT24430,Pop-up Local Festival,U15864,Anuradhapura Cycling Tour,Anuradhapura,North Central,2025-03-19,8.3273,80.40264,8.32875,80.40585,GPS Auto-Tag,388.5,61.5,Medium,True
EVT24431,Food & Craft Fair,U16722,Nuwara Eliya Tea Factory Tour,Nuwara Eliya,Central,2025-02-10,6.97134,80.75657,6.98813,80.73198,Typed Address,3289.0,1.6,Very Low,False
EVT24432,Pop-up Local Festival,U11987,Thalangama Wetland Birdwatching,Colombo,Western,2024-07-13,6.88554,79.9397,6.88633,79.93872,GPS Auto-Tag,139.3,84.0,Medium,True
EVT24433,Pop-up Local Festival,U02248,Thalangama Wetland Birdwatching,Colombo,Western,2025-09-05,6.89187,79.91713,6.89891,79.90086,Manual Map Pin,1955.8,8.7,Very Low,False
EVT24434,Live Music Night,U04904,Wadduwa Beach Escape,Kalutara,Western,2024-05-24,6.64412,79.929,6.68785,79.9189,Typed Address,4979.8,0.2,Very Low,False
EVT24435,Community New Year Carnival,U03806,Sinharaja Forest Reserve Nature Walk,Ratnapura/Galle,Sabaragamuwa,2024-06-26,6.39367,80.50622,6.40179,80.52545,Manual Map Pin,2304.7,5.6,Very Low,False
EVT24436,Community New Year Carnival,U09035,Belihuloya River Adventures,Ratnapura,Sabaragamuwa,2025-01-04,6.68105,80.82664,6.67982,80.82451,GPS Auto-Tag,271.0,71.3,Medium,True
EVT24437,Village Perahera,U01952,Victoria Park Nuwara Eliya,Nuwara Eliya,Central,2024-02-08,6.95022,80.76726,6.95102,80.77372,Manual Map Pin,718.0,40.8,Low,False
EVT24438,Live Music Night,U12587,Anawilundawa Ramsar Wetland,Puttalam,North Western,2025-04-19,7.72951,79.81091,7.74985,79.79111,Typed Address,3137.2,2.0,Very Low,False
EVT24439,Private Wedding,U03048,Kanniya Hot Springs,Trincomalee,Eastern,2025-03-25,8.59816,81.15972,8.57778,81.16091,Typed Address,2265.9,5.9,Very Low,False
EVT24440,Pop-up Local Festival,U06072,Bellanwila-Attidiya Sanctuary,Colombo,Western,2024-10-19,6.83906,79.88144,6.83934,79.86291,Manual Map Pin,2043.1,7.8,Very Low,False
EVT24441,Corporate Retreat Event,U05475,Weligama Surf School,Matara,Southern,2024-06-10,5.98858,80.42034,5.98921,80.42032,GPS Auto-Tag,70.2,91.6,High,True
EVT24442,Village Perahera,U09473,Kitulgala White Water Rafting,Kegalle,Sabaragamuwa,2025-12-21,7.00455,80.41576,7.00662,80.41446,GPS Auto-Tag,270.6,71.3,Medium,True
EVT24443,Temple/Kovil Special Pooja,U00710,Thalangama Wetland Birdwatching,Colombo,Western,2023-01-20,6.87923,79.91966,6.85975,79.92364,Manual Map Pin,2206.7,6.3,Very Low,False
EVT24444,Food & Craft Fair,U10603,Bentota River Safari & Beach,Galle,Southern,2024-11-18,6.42915,79.99541,6.42928,79.99523,GPS Auto-Tag,24.9,96.9,High,True
EVT24445,Live Music Night,U07607,Horton Plains & World's End Hike,Nuwara Eliya,Central,2025-04-13,6.78919,80.79991,6.79041,80.8003,GPS Auto-Tag,142.1,83.7,Medium,True
EVT24446,Community New Year Carnival,U09592,Knuckles Mountain Range Trekking,Kandy/Matale,Central,2024-06-10,7.4623,80.7895,7.46406,80.79114,GPS Auto-Tag,266.6,71.7,Medium,True
EVT24447,Corporate Retreat Event,U02493,Vidattaltivu Lagoon,Mannar,Northern,2023-04-10,8.9568,80.04426,8.95676,80.04436,GPS Auto-Tag,12.5,98.4,High,True
EVT24448,Food & Craft Fair,U07168,Hurulu Eco Park,Polonnaruwa,North Central,2025-05-03,8.19092,80.88005,8.19696,80.86317,Manual Map Pin,1971.7,8.5,Very Low,False
EVT24449,Full Moon Party,U08580,Minneriya-Kaudulla Elephant Corridor,Polonnaruwa,North Central,2024-03-09,8.04147,80.96212,8.04198,80.96436,GPS Auto-Tag,253.2,72.9,Medium,True
EVT24450,Live Music Night,U05194,Beddagana Wetland Park,Colombo,Western,2023-09-16,6.89644,79.90311,6.90131,79.9107,Manual Map Pin,995.6,28.8,Very Low,False
EVT24451,Private Wedding,U00945,Meemure Village,Kandy,Central,2023-05-17,7.45757,80.80038,7.4531,80.786,Manual Map Pin,1658.6,12.6,Very Low,False
EVT24452,Corporate Retreat Event,U05086,Kumana Bird Sanctuary,Ampara,Eastern,2023-10-29,6.54987,81.6813,6.50632,81.62775,Typed Address,7631.7,0.0,Very Low,False
EVT24453,Live Music Night,U12995,Induruwa Turtle Conservation,Galle,Southern,2025-04-03,6.05765,80.02862,6.04984,80.01857,Manual Map Pin,1407.7,17.2,Very Low,False
EVT24454,Beach Party,U11987,Kalpitiya Dolphin Watching Eco Tour,Puttalam,North Western,2025-01-26,8.23894,79.76039,8.2411,79.76001,GPS Auto-Tag,243.1,73.8,Medium,True
EVT24455,Community New Year Carnival,U00875,"New Year's Eve Countdown, Galle Face",Colombo,Western,2024-12-04,6.92387,79.8339,6.93169,79.8114,Manual Map Pin,2626.1,3.8,Very Low,False
EVT24456,Temple/Kovil Special Pooja,U01630,Meemure Village,Kandy,Central,2024-11-13,7.47425,80.79323,7.46264,80.79389,Manual Map Pin,1290.0,19.9,Very Low,False
EVT24457,Pop-up Local Festival,U02936,Ritigala Forest Monastery,Anuradhapura,North Central,2024-07-31,8.11321,80.66154,8.10689,80.65036,Manual Map Pin,1415.1,17.1,Very Low,False
EVT24458,Beach Party,U07752,Muhudu Maha Vihara,Hambantota,Southern,2023-05-04,6.31553,81.47459,6.3635,81.50963,Typed Address,6579.3,0.0,Very Low,False
EVT24459,Pop-up Local Festival,U03474,Madu Ganga Mangrove Boat Tour,Galle,Southern,2023-08-10,6.27144,80.05632,6.2563,80.05992,Manual Map Pin,1727.2,11.5,Very Low,False
EVT24460,Community New Year Carnival,U07856,Delft Wild Pony Eco Tour,Jaffna,Northern,2025-02-15,9.53595,79.66684,9.53612,79.66689,GPS Auto-Tag,19.2,97.6,High,True
EVT24461,Beach Party,U17525,Bentota River Safari & Beach,Galle,Southern,2025-03-23,6.44193,80.01087,6.4431,80.01323,Manual Map Pin,290.9,69.5,Medium,True
EVT24462,Pop-up Local Festival,U14213,Aluvihare Rock Monastery,Matale,Central,2024-02-09,7.47263,80.6351,7.45218,80.63582,Manual Map Pin,2271.6,5.8,Very Low,False
EVT24463,Community New Year Carnival,U08965,Kumana Bird Sanctuary,Ampara,Eastern,2024-05-06,6.59411,81.66944,6.57965,81.6916,Manual Map Pin,2923.7,2.6,Very Low,False
EVT24464,Pop-up Local Festival,U16293,Mulkirigala Rock Monastery,Hambantota,Southern,2024-11-11,6.18482,80.8704,6.18317,80.87144,GPS Auto-Tag,215.8,76.4,Medium,True
EVT24465,Beach Party,U13712,Sinharaja Forest Reserve Nature Walk,Ratnapura/Galle,Sabaragamuwa,2023-11-02,6.40833,80.50697,6.41243,80.51646,Manual Map Pin,1141.5,24.0,Very Low,False
EVT24466,Full Moon Party,U05336,Hakgala Botanical Garden,Nuwara Eliya,Central,2023-12-12,6.92103,80.78872,6.90552,80.79558,Manual Map Pin,1881.0,9.5,Very Low,False
EVT24467,Private Wedding,U01512,Ravana Caves & Ella Wala Pool,Badulla,Uva,2023-06-13,6.84836,81.03098,6.84935,81.03135,GPS Auto-Tag,116.9,86.4,High,True
EVT24468,Pop-up Local Festival,U05357,Kanniya Hot Springs,Trincomalee,Eastern,2023-04-21,8.59379,81.18154,8.59131,81.16017,Typed Address,2362.1,5.2,Very Low,False
EVT24469,Full Moon Party,U05190,Mulkirigala Rock Monastery,Hambantota,Southern,2025-12-04,6.14956,80.88953,6.0995,80.87931,Typed Address,5670.3,0.1,Very Low,False
EVT24470,Village Perahera,U16240,Wadduwa Beach Escape,Kalutara,Western,2024-09-14,6.66852,79.92942,6.70853,79.99522,Typed Address,8506.1,0.0,Very Low,False
EVT24471,Corporate Retreat Event,U11461,Kandy Esala Perahera,Kandy,Central,2025-04-28,7.28025,80.62654,7.27692,80.6347,Manual Map Pin,971.7,29.7,Very Low,False
EVT24472,Corporate Retreat Event,U04882,Hikkaduwa Diving & Surfing,Galle,Southern,2024-11-18,6.1412,80.11312,6.06826,80.14256,Typed Address,8723.6,0.0,Very Low,False
EVT24473,Beach Party,U01334,Mulkirigala Rock Monastery,Hambantota,Southern,2024-05-29,6.16467,80.89107,6.16404,80.89094,GPS Auto-Tag,71.5,91.5,High,True
EVT24474,Temple/Kovil Special Pooja,U15339,Thalangama Wetland Birdwatching,Colombo,Western,2025-09-18,6.87954,79.9276,6.82331,79.98548,Typed Address,8923.9,0.0,Very Low,False
EVT24475,Full Moon Party,U00692,Wilpattu National Park Safari,Puttalam,North Western,2025-03-02,8.4435,80.05454,8.44528,80.05831,Manual Map Pin,459.6,56.3,Low,False
EVT24476,Private Wedding,U11905,Minneriya-Kaudulla Elephant Corridor,Polonnaruwa,North Central,2024-11-20,8.07035,80.96232,8.07184,80.96424,GPS Auto-Tag,267.9,71.5,Medium,True
EVT24477,Corporate Retreat Event,U04282,Kitulgala White Water Rafting,Kegalle,Sabaragamuwa,2023-06-01,6.99392,80.41434,6.99016,80.41368,Manual Map Pin,422.8,58.9,Low,False
EVT24478,Pop-up Local Festival,U12194,Muhudu Maha Vihara,Hambantota,Southern,2025-11-25,6.35413,81.4682,6.36181,81.45747,Manual Map Pin,1458.5,16.2,Very Low,False
EVT24479,Food & Craft Fair,U12782,Kumana National Park Birding & Safari,Ampara,Eastern,2023-08-08,6.56669,81.65729,6.56667,81.65591,GPS Auto-Tag,152.4,82.7,Medium,True
EVT24480,Pop-up Local Festival,U06543,Hurulu Eco Park,Polonnaruwa,North Central,2024-06-20,8.17258,80.88721,8.18504,80.88088,Manual Map Pin,1548.4,14.4,Very Low,False
EVT24481,Private Wedding,U02244,Kosgoda Turtle Hatchery,Galle,Southern,2024-06-23,6.1005,80.01135,6.10221,80.01322,GPS Auto-Tag,279.6,70.5,Medium,True
EVT24482,Temple/Kovil Special Pooja,U01930,Aluvihare Rock Monastery,Matale,Central,2025-10-09,7.49176,80.62206,7.49133,80.62788,Manual Map Pin,642.9,44.8,Low,False
EVT24483,Full Moon Party,U15984,Deepavali Festival (Colombo Kovils),Colombo,Western,2024-03-22,6.86908,79.8729,6.86922,79.87461,GPS Auto-Tag,189.5,78.9,Medium,True
EVT24484,Temple/Kovil Special Pooja,U17325,Pasikuda Beach,Batticaloa,Eastern,2024-01-09,7.93592,81.56443,7.94787,81.57739,Typed Address,1945.7,8.8,Very Low,False
EVT24485,Temple/Kovil Special Pooja,U00609,Colombo Galle Face & City Tour,Colombo,Western,2025-11-07,6.92908,79.84851,6.92777,79.84782,GPS Auto-Tag,164.1,81.5,Medium,True
EVT24486,Food & Craft Fair,U09810,Tangalle Beach Escape,Hambantota,Southern,2024-03-12,6.03223,80.81154,6.03271,80.81163,GPS Auto-Tag,54.1,93.5,High,True
EVT24487,Community New Year Carnival,U03372,Nallur Festival (Nallur Kandaswamy Kovil),Jaffna,Northern,2024-08-11,9.68139,80.04113,9.68003,80.04017,GPS Auto-Tag,183.6,79.5,Medium,True
EVT24488,Village Perahera,U17350,Hiriwadunna Village,Anuradhapura,North Central,2024-05-22,7.9805,80.75491,7.99407,80.74436,Manual Map Pin,1901.0,9.3,Very Low,False
EVT24489,Full Moon Party,U12973,Knuckles Conservation Forest Walk,Kandy/Matale,Central,2025-03-04,7.4519,80.78676,7.44667,80.78973,Manual Map Pin,666.5,43.5,Low,False
EVT24490,Pop-up Local Festival,U02768,Laxapana Falls Trek,Nuwara Eliya,Central,2025-08-12,6.93906,80.49244,6.9318,80.49695,Manual Map Pin,946.1,30.6,Low,False
EVT24491,Temple/Kovil Special Pooja,U07093,Wewurukannala & Buduruwagala Carvings,Badulla/Monaragala,Uva,2023-06-09,6.70491,81.1632,6.70011,81.16373,Manual Map Pin,536.0,51.2,Low,False
EVT24492,Full Moon Party,U09991,Polonnaruwa Cycling Tour,Polonnaruwa,North Central,2023-05-17,7.93597,81.01278,7.93739,81.01256,GPS Auto-Tag,159.1,82.0,Medium,True
EVT24493,Village Perahera,U02278,Bentota River Safari & Beach,Galle,Southern,2025-07-23,6.42212,80.00171,6.40458,79.9772,Manual Map Pin,3330.8,1.6,Very Low,False
EVT24494,Food & Craft Fair,U02062,Arugam Bay Surfing,Ampara,Eastern,2023-12-10,6.82634,81.81418,6.82844,81.81419,GPS Auto-Tag,233.4,74.7,Medium,True
EVT24495,Corporate Retreat Event,U10494,Bopath Ella Falls Trek,Ratnapura,Sabaragamuwa,2023-12-13,6.73227,80.36159,6.72862,80.36154,GPS Auto-Tag,405.2,60.3,Medium,True
EVT24496,Community New Year Carnival,U06775,Bellanwila-Attidiya Sanctuary,Colombo,Western,2023-11-15,6.8346,79.90587,6.82786,79.90255,Manual Map Pin,832.4,35.3,Low,False
EVT24497,Corporate Retreat Event,U16949,Polonnaruwa Cycling Tour,Polonnaruwa,North Central,2024-06-28,7.94906,81.0287,7.95042,81.02854,GPS Auto-Tag,151.9,82.7,Medium,True
EVT24498,Full Moon Party,U02834,Madu Ganga Mangrove Boat Tour,Galle,Southern,2025-03-08,6.26669,80.05032,6.26509,80.05031,GPS Auto-Tag,177.6,80.1,Medium,True
EVT24499,Food & Craft Fair,U13595,Adam's Peak (Sri Pada) Climb,Ratnapura,Sabaragamuwa,2025-09-26,6.80225,80.48957,6.79892,80.48621,Manual Map Pin,523.7,52.0,Low,False
EVT24500,Temple/Kovil Special Pooja,U06311,Diyaluma Infinity Pools,Badulla,Uva,2024-10-23,6.73157,81.03927,6.73068,81.03719,GPS Auto-Tag,249.5,73.2,Medium,True
EVT24501,Corporate Retreat Event,U17895,Royal Botanical Garden Peradeniya,Kandy,Central,2024-05-11,7.28787,80.59128,7.28786,80.58962,GPS Auto-Tag,182.9,79.6,Medium,True
EVT24502,Corporate Retreat Event,U12072,Delft Wild Pony Eco Tour,Jaffna,Northern,2023-05-17,9.52881,79.66005,9.543,79.65602,Manual Map Pin,1636.0,12.9,Very Low,False
EVT24503,Village Perahera,U01185,Panama Village,Ampara,Eastern,2025-09-24,6.92952,81.79331,6.90614,81.86815,Typed Address,8645.7,0.0,Very Low,False
EVT24504,Live Music Night,U17110,Meemure Village,Kandy,Central,2023-02-02,7.4548,80.81286,7.45416,80.81156,GPS Auto-Tag,159.6,81.9,Medium,True
EVT24505,Community New Year Carnival,U02954,Yala National Park Safari,Hambantota,Southern,2024-07-02,6.36723,81.52071,6.36702,81.52198,GPS Auto-Tag,141.4,83.8,Medium,True
EVT24506,Village Perahera,U04571,Bambarakanda Falls,Badulla,Uva,2024-11-27,6.79313,80.80215,6.79459,80.80131,GPS Auto-Tag,186.8,79.2,Medium,True
EVT24507,Food & Craft Fair,U17373,Sera Ella Waterfall,Matale,Central,2023-01-24,7.53947,80.67262,7.54041,80.67528,GPS Auto-Tag,310.2,67.9,Medium,True
EVT24508,Private Wedding,U09172,Ambalangoda Mask Museum,Galle,Southern,2024-08-05,6.24553,80.05495,6.24777,80.0544,GPS Auto-Tag,254.9,72.7,Medium,True
EVT24509,Beach Party,U03480,Bentota River Safari & Beach,Galle,Southern,2024-09-18,6.43333,80.02406,6.38592,80.00652,Typed Address,5606.8,0.1,Very Low,False
EVT24510,Private Wedding,U08386,"Christmas Celebrations, Negombo",Gampaha,Western,2025-01-12,7.19291,79.84824,7.19595,79.87044,Manual Map Pin,2467.6,4.6,Very Low,False
EVT24511,Village Perahera,U12418,Udawalawe National Park Safari,Ratnapura/Moneragala,Sabaragamuwa,2024-06-09,6.47705,80.88487,6.47798,80.88424,GPS Auto-Tag,124.9,85.5,High,True
EVT24512,Temple/Kovil Special Pooja,U05789,Bellanwila-Attidiya Sanctuary,Colombo,Western,2024-03-28,6.84944,79.87805,6.84863,79.87928,GPS Auto-Tag,161.9,81.7,Medium,True
EVT24513,Private Wedding,U02406,Adam's Peak (Sri Pada) Climb,Ratnapura,Sabaragamuwa,2024-04-19,6.82988,80.48388,6.82554,80.5029,Manual Map Pin,2151.5,6.8,Very Low,False
EVT24514,Live Music Night,U00446,Nuwara Eliya Tea Factory Tour,Nuwara Eliya,Central,2024-04-17,6.96137,80.76991,6.93761,80.75697,Typed Address,2998.1,2.4,Very Low,False
EVT24515,Village Perahera,U01764,Nuwara Eliya Gregory Lake Boating,Nuwara Eliya,Central,2025-09-07,6.95248,80.7978,6.92806,80.78767,Typed Address,2931.5,2.6,Very Low,False
EVT24516,Corporate Retreat Event,U05738,Yala National Park Safari,Hambantota,Southern,2023-05-29,6.36937,81.526,6.37191,81.52284,Manual Map Pin,448.7,57.1,Low,False
EVT24517,Village Perahera,U00841,Kanniya Hot Springs,Trincomalee,Eastern,2024-05-02,8.61944,81.16758,8.62259,81.17268,Manual Map Pin,660.0,43.8,Low,False
EVT24518,Temple/Kovil Special Pooja,U16648,Hiriwadunna Village,Anuradhapura,North Central,2023-06-10,7.98868,80.738,7.99438,80.73782,Manual Map Pin,632.3,45.4,Low,False
EVT24519,Live Music Night,U08034,Adam's Peak (Sri Pada) Climb,Ratnapura,Sabaragamuwa,2025-12-31,6.81296,80.4955,6.81483,80.49392,GPS Auto-Tag,271.4,71.2,Medium,True
EVT24520,Pop-up Local Festival,U02397,Minneriya Elephant Gathering,Polonnaruwa,North Central,2023-08-05,8.05048,80.91393,8.03695,80.91392,Manual Map Pin,1502.5,15.3,Very Low,False
EVT24521,Private Wedding,U17103,Meemure Village,Kandy,Central,2025-10-07,7.46724,80.78358,7.46804,80.78366,GPS Auto-Tag,89.3,89.4,High,True
EVT24522,Community New Year Carnival,U01395,Royal Botanical Garden Peradeniya,Kandy,Central,2025-02-06,7.25898,80.60152,7.26271,80.60407,GPS Auto-Tag,499.6,53.6,Low,False
EVT24523,Pop-up Local Festival,U16909,Nilaveli Beach,Trincomalee,Eastern,2024-08-03,8.71591,81.20391,8.71616,81.20181,GPS Auto-Tag,232.6,74.8,Medium,True
EVT24524,Private Wedding,U10640,Panama-Kudumbigala Eco Reserve,Ampara,Eastern,2025-03-01,6.90114,81.76047,6.90045,81.76279,GPS Auto-Tag,266.5,71.7,Medium,True
EVT24525,Food & Craft Fair,U11923,Kayts Island,Jaffna,Northern,2024-05-11,9.67373,79.99225,9.69589,79.96937,Typed Address,3510.3,1.2,Very Low,False
EVT24526,Village Perahera,U03909,Ritigala Forest Monastery,Anuradhapura,North Central,2025-10-01,8.11147,80.65431,8.09875,80.65641,Manual Map Pin,1430.7,16.7,Very Low,False
EVT24527,Village Perahera,U01896,Galle Fort Walking Tour,Galle,Southern,2023-08-06,6.02672,80.21843,6.0286,80.21989,GPS Auto-Tag,263.6,71.9,Medium,True
EVT24528,Food & Craft Fair,U05231,Arugam Bay Surfing,Ampara,Eastern,2025-10-03,6.82684,81.83624,6.83903,81.84958,Manual Map Pin,1997.7,8.2,Very Low,False
EVT24529,Village Perahera,U12310,Kayts Island,Jaffna,Northern,2025-08-29,9.7014,79.99782,9.70067,79.99637,GPS Auto-Tag,179.1,79.9,Medium,True
EVT24530,Community New Year Carnival,U15938,Bogoda Wooden Bridge,Badulla,Uva,2025-06-30,6.96973,81.0092,6.95579,81.01854,Manual Map Pin,1858.5,9.8,Very Low,False
EVT24531,Food & Craft Fair,U01028,Wadduwa Beach Escape,Kalutara,Western,2024-12-26,6.63698,79.91765,6.63695,79.91797,GPS Auto-Tag,35.1,95.7,High,True
EVT24532,Beach Party,U08541,Kanneliya Rainforest Reserve,Galle,Southern,2023-05-14,6.2462,80.33911,6.24554,80.3496,Manual Map Pin,1160.5,23.4,Very Low,False
EVT24533,Food & Craft Fair,U06443,Horton Plains Cloud Forest Eco Walk,Nuwara Eliya,Central,2025-06-12,6.77134,80.79625,6.76702,80.78879,Manual Map Pin,952.8,30.4,Low,False
EVT24534,Community New Year Carnival,U15968,Kumana National Park Birding & Safari,Ampara,Eastern,2025-07-30,6.58381,81.64898,6.59201,81.63262,Manual Map Pin,2020.8,8.0,Very Low,False
EVT24535,Full Moon Party,U02043,Wadduwa Beach Escape,Kalutara,Western,2024-03-31,6.65218,79.92352,6.65251,79.92366,GPS Auto-Tag,40.2,95.1,High,True
EVT24536,Live Music Night,U12226,Ravana Falls Abseiling,Badulla,Uva,2024-10-13,6.88559,81.04662,6.88304,81.04928,GPS Auto-Tag,407.3,60.1,Medium,True
EVT24537,Food & Craft Fair,U08976,Victoria Park Nuwara Eliya,Nuwara Eliya,Central,2024-03-06,6.96898,80.78307,6.96185,80.7894,Manual Map Pin,1054.7,26.8,Very Low,False
EVT24538,Full Moon Party,U11068,Polonnaruwa Cycling Tour,Polonnaruwa,North Central,2023-11-12,7.93346,81.01668,7.9299,81.01458,Manual Map Pin,457.6,56.4,Low,False
EVT24539,Private Wedding,U16721,Hikkaduwa Diving & Surfing,Galle,Southern,2023-06-12,6.11808,80.09515,6.184,80.09406,Typed Address,7318.7,0.0,Very Low,False
EVT24540,Beach Party,U07145,Victoria Park Nuwara Eliya,Nuwara Eliya,Central,2025-02-02,6.95926,80.78416,6.96073,80.78476,GPS Auto-Tag,175.4,80.3,Medium,True
EVT24541,Pop-up Local Festival,U14655,Nallur Festival (Nallur Kandaswamy Kovil),Jaffna,Northern,2023-03-02,9.68404,80.01704,9.6821,80.01924,GPS Auto-Tag,323.2,66.8,Medium,True
EVT24542,Beach Party,U16609,Galle Fort Walking Tour,Galle,Southern,2024-08-13,6.01429,80.21001,6.01567,80.21609,Manual Map Pin,688.9,42.3,Low,False
EVT24543,Corporate Retreat Event,U03091,Ramboda Falls Visit,Nuwara Eliya,Central,2023-04-22,7.04125,80.71727,7.04212,80.72264,Manual Map Pin,599.6,47.3,Low,False
EVT24544,Live Music Night,U15144,Lipton's Seat Viewpoint,Badulla,Uva,2024-06-28,6.81114,81.05176,6.81037,81.05101,GPS Auto-Tag,119.1,86.2,High,True
EVT24545,Beach Party,U17365,Hurulu Eco Park,Polonnaruwa,North Central,2024-10-18,8.15722,80.86326,8.15765,80.86372,GPS Auto-Tag,69.9,91.6,High,True
EVT24546,Private Wedding,U00700,Bentota River Safari & Beach,Galle,Southern,2025-11-28,6.44296,79.99397,6.44316,79.99484,GPS Auto-Tag,99.0,88.4,High,True
EVT24547,Private Wedding,U08169,Kandy Esala Perahera,Kandy,Central,2025-05-08,7.29317,80.63467,7.289,80.62914,Manual Map Pin,765.9,38.4,Low,False
EVT24548,Temple/Kovil Special Pooja,U16904,Hiriwadunna Village,Anuradhapura,North Central,2025-04-16,7.99297,80.75836,8.01965,80.79896,Typed Address,5355.8,0.1,Very Low,False
EVT24549,Live Music Night,U01815,Horton Plains Cloud Forest Eco Walk,Nuwara Eliya,Central,2024-09-05,6.79235,80.80209,6.78924,80.78858,Manual Map Pin,1528.4,14.8,Very Low,False
EVT24550,Temple/Kovil Special Pooja,U16317,Muhudu Maha Vihara,Hambantota,Southern,2025-09-04,6.33557,81.47787,6.33328,81.47855,GPS Auto-Tag,264.9,71.8,Medium,True
EVT24551,Food & Craft Fair,U08647,Yapahuwa Rock Fortress,Kurunegala,North Western,2025-09-26,7.82277,80.20487,7.82089,80.20621,GPS Auto-Tag,256.2,72.6,Medium,True
EVT24552,Corporate Retreat Event,U17707,Sinharaja Forest Reserve Nature Walk,Ratnapura/Galle,Sabaragamuwa,2025-12-03,6.40853,80.49218,6.39745,80.4557,Typed Address,4208.4,0.5,Very Low,False
EVT24553,Beach Party,U10089,Yala National Park Safari,Hambantota,Southern,2024-10-30,6.35986,81.51602,6.3607,81.51475,GPS Auto-Tag,168.4,81.0,Medium,True
EVT24554,Full Moon Party,U16225,Mirissa Whale Watching & Beach,Matara,Southern,2024-12-26,5.93916,80.44979,5.94038,80.44956,GPS Auto-Tag,138.2,84.1,Medium,True
EVT24555,Corporate Retreat Event,U07713,Victoria Park Nuwara Eliya,Nuwara Eliya,Central,2023-02-08,6.95639,80.75358,6.9569,80.75257,GPS Auto-Tag,125.0,85.5,High,True
EVT24556,Village Perahera,U10765,Ritigala Forest Monastery,Anuradhapura,North Central,2024-11-07,8.12686,80.65517,8.11334,80.64276,Manual Map Pin,2028.4,7.9,Very Low,False
EVT24557,Beach Party,U01879,Wasgamuwa National Park Safari,Matale/Polonnaruwa,Central,2024-08-15,7.78884,80.93798,7.79533,80.94383,Manual Map Pin,965.9,29.9,Very Low,False
EVT24558,Live Music Night,U06831,Sinharaja Rainforest Trekking,Ratnapura/Galle,Sabaragamuwa,2025-11-12,6.40328,80.51598,6.40311,80.5167,GPS Auto-Tag,81.0,90.4,High,True
EVT24559,Village Perahera,U02358,Kanneliya Rainforest Reserve,Galle,Southern,2024-06-22,6.23877,80.35538,6.23892,80.35673,GPS Auto-Tag,149.8,82.9,Medium,True
EVT24560,Food & Craft Fair,U12597,Udawalawe Elephant Transit Home,Ratnapura,Sabaragamuwa,2025-01-05,6.43947,80.86356,6.44021,80.86251,GPS Auto-Tag,142.4,83.7,Medium,True
EVT24561,Pop-up Local Festival,U02083,Mirissa Whale Watching & Beach,Matara,Southern,2025-02-06,5.95528,80.46944,5.96167,80.47901,Manual Map Pin,1272.0,20.4,Very Low,False
EVT24562,Full Moon Party,U07775,Kandy Esala Perahera,Kandy,Central,2023-11-07,7.30791,80.62452,7.30639,80.62421,GPS Auto-Tag,172.1,80.6,Medium,True
EVT24563,Live Music Night,U10413,Trincomalee Whale Watching,Trincomalee,Eastern,2025-09-20,8.55998,81.23105,8.55693,81.23134,GPS Auto-Tag,340.3,65.4,Medium,True
EVT24564,Temple/Kovil Special Pooja,U10397,Kitulgala White Water Rafting,Kegalle,Sabaragamuwa,2024-02-20,7.00032,80.41031,6.99497,80.38007,Typed Address,3384.2,1.5,Very Low,False
EVT24565,Community New Year Carnival,U09206,Victoria Park Nuwara Eliya,Nuwara Eliya,Central,2025-10-20,6.97551,80.76476,6.98218,80.78584,Typed Address,2437.6,4.8,Very Low,False
EVT24566,Private Wedding,U09717,Bogoda Wooden Bridge,Badulla,Uva,2025-08-18,6.94527,81.02034,6.94583,81.02048,GPS Auto-Tag,63.7,92.3,High,True
EVT24567,Pop-up Local Festival,U13015,Nuwara Eliya Gregory Lake Boating,Nuwara Eliya,Central,2023-04-19,6.9503,80.79229,6.95002,80.79359,GPS Auto-Tag,147.1,83.2,Medium,True
EVT24568,Live Music Night,U17656,Nainativu & Nagadeepa,Jaffna,Northern,2023-06-20,9.59662,79.76229,9.58239,79.74771,Manual Map Pin,2245.3,6.0,Very Low,False
EVT24569,Pop-up Local Festival,U14232,Riverston (Mini World's End),Matale,Central,2024-08-02,7.46117,80.74268,7.45404,80.74324,Manual Map Pin,794.3,37.1,Low,False
EVT24570,Community New Year Carnival,U16794,Gal Oya Kudugala Village Eco Trek,Ampara,Eastern,2024-09-05,7.16658,81.45999,7.1667,81.42823,Typed Address,3498.0,1.3,Very Low,False
EVT24571,Live Music Night,U03272,Beruwala Beach Resort Leisure,Kalutara,Western,2024-06-08,6.4736,79.9931,6.48118,80.04062,Typed Address,5308.3,0.1,Very Low,False
EVT24572,Temple/Kovil Special Pooja,U04576,Beddagana Wetland Park,Colombo,Western,2023-12-08,6.89908,79.88539,6.9005,79.88524,GPS Auto-Tag,159.4,81.9,Medium,True
EVT24573,Village Perahera,U00145,Weligama Surf School,Matara,Southern,2023-12-31,5.95939,80.4107,5.86381,80.44073,Typed Address,11114.4,0.0,Very Low,False
EVT24574,Village Perahera,U00296,Lipton's Seat Viewpoint,Badulla,Uva,2025-05-12,6.83126,81.08369,6.82348,81.07303,Manual Map Pin,1458.3,16.2,Very Low,False
EVT24575,Village Perahera,U10959,Sera Ella Waterfall,Matale,Central,2025-02-19,7.53651,80.68487,7.53643,80.68603,GPS Auto-Tag,128.3,85.2,High,True
EVT24576,Full Moon Party,U12477,Madunagala Hot Springs,Hambantota,Southern,2024-02-02,6.25138,81.24648,6.24659,81.25706,Manual Map Pin,1283.5,20.1,Very Low,False
EVT24577,Village Perahera,U02952,Horton Plains Cloud Forest Eco Walk,Nuwara Eliya,Central,2025-01-13,6.82015,80.80027,6.82178,80.79882,GPS Auto-Tag,240.8,74.0,Medium,True
EVT24578,Beach Party,U15615,Knuckles Conservation Forest Walk,Kandy/Matale,Central,2023-03-12,7.47427,80.79163,7.48081,80.7927,Manual Map Pin,735.7,39.9,Low,False
EVT24579,Pop-up Local Festival,U08664,Sera Ella Waterfall,Matale,Central,2025-12-15,7.54258,80.69453,7.5439,80.69116,GPS Auto-Tag,399.1,60.7,Medium,True
EVT24580,Community New Year Carnival,U02143,Diyasaru Wetland Park,Colombo,Western,2023-08-08,6.90938,79.90495,6.91446,79.90915,Manual Map Pin,728.3,40.2,Low,False
EVT24581,Pop-up Local Festival,U15838,Weligama Surf School,Matara,Southern,2025-05-19,5.98757,80.43547,5.98856,80.43494,GPS Auto-Tag,124.5,85.6,High,True
EVT24582,Beach Party,U10567,Hakgala Botanical Garden,Nuwara Eliya,Central,2023-05-11,6.92358,80.78217,6.92536,80.78224,GPS Auto-Tag,197.7,78.1,Medium,True
EVT24583,Food & Craft Fair,U07532,Victoria Park Nuwara Eliya,Nuwara Eliya,Central,2024-06-18,6.97293,80.77316,6.97211,80.77348,GPS Auto-Tag,97.4,88.5,High,True
EVT24584,Community New Year Carnival,U00762,Nuwara Eliya April Season,Nuwara Eliya,Central,2023-08-07,6.93814,80.78723,6.94375,80.75151,Typed Address,3983.8,0.7,Very Low,False
EVT24585,Community New Year Carnival,U13816,Wasgamuwa National Park Safari,Matale/Polonnaruwa,Central,2023-12-17,7.78302,80.93234,7.82731,80.9047,Typed Address,5780.1,0.1,Very Low,False
EVT24586,Private Wedding,U00863,Nuwara Eliya April Season,Nuwara Eliya,Central,2024-05-21,6.94448,80.78721,6.9216,80.7904,Manual Map Pin,2563.4,4.1,Very Low,False
EVT24587,Community New Year Carnival,U17401,Sinharaja Forest Reserve Nature Walk,Ratnapura/Galle,Sabaragamuwa,2023-07-17,6.40831,80.49475,6.49345,80.56884,Typed Address,12493.9,0.0,Very Low,False
EVT24588,Corporate Retreat Event,U05671,Anuradhapura Cycling Tour,Anuradhapura,North Central,2024-01-22,8.31022,80.40927,8.30758,80.40972,GPS Auto-Tag,297.7,68.9,Medium,True
EVT24589,Corporate Retreat Event,U07827,Haputale Viewpoint & Tea Estates,Badulla,Uva,2024-08-29,6.77028,80.95619,6.77269,80.95612,GPS Auto-Tag,267.5,71.6,Medium,True
EVT24590,Corporate Retreat Event,U12974,Madunagala Hot Springs,Hambantota,Southern,2024-03-08,6.24822,81.2289,6.24544,81.23005,GPS Auto-Tag,333.8,65.9,Medium,True
EVT24591,Private Wedding,U12118,Muthurajawela Marsh Boat Safari,Gampaha,Western,2024-09-06,7.07012,79.89854,7.04708,79.905,Manual Map Pin,2655.1,3.6,Very Low,False
EVT24592,Full Moon Party,U07091,Sinhala & Tamil New Year Village Games,Anuradhapura,North Central,2023-05-15,8.31397,80.40187,8.31513,80.40006,GPS Auto-Tag,236.3,74.4,Medium,True
EVT24593,Food & Craft Fair,U00980,Nuwara Eliya April Season,Nuwara Eliya,Central,2023-10-17,6.96222,80.78848,7.07759,80.77482,Typed Address,12894.9,0.0,Very Low,False
EVT24594,Food & Craft Fair,U04887,Peak Wilderness Sanctuary Trek,Ratnapura,Sabaragamuwa,2025-05-02,6.83525,80.5007,6.83599,80.50146,GPS Auto-Tag,117.5,86.3,High,True
EVT24595,Corporate Retreat Event,U10870,Bellanwila-Attidiya Sanctuary,Colombo,Western,2023-03-28,6.86511,79.887,6.80708,79.89025,Typed Address,6451.2,0.0,Very Low,False
EVT24596,Full Moon Party,U16948,Trincomalee Whale Watching,Trincomalee,Eastern,2024-05-05,8.56181,81.21934,8.59088,81.20387,Manual Map Pin,3646.1,1.0,Very Low,False
EVT24597,Corporate Retreat Event,U17979,Kataragama Esala Perahera,Monaragala,Uva,2025-12-18,6.40748,81.32181,6.40576,81.32146,GPS Auto-Tag,194.9,78.4,Medium,True
EVT24598,Community New Year Carnival,U08982,Gal Oya Boat Safari,Ampara,Eastern,2023-10-24,7.16071,81.44767,7.16095,81.4474,Manual Map Pin,39.8,95.1,High,True
EVT24599,Private Wedding,U13612,Hiriwadunna Village,Anuradhapura,North Central,2024-01-23,7.97984,80.75329,7.97959,80.75306,GPS Auto-Tag,37.7,95.4,High,True
EVT24600,Village Perahera,U16413,Bopath Ella Falls Trek,Ratnapura,Sabaragamuwa,2024-12-08,6.73675,80.37244,6.73131,80.36504,Manual Map Pin,1015.3,28.1,Very Low,False
EVT24601,Food & Craft Fair,U13834,Ravana Falls Abseiling,Badulla,Uva,2023-10-04,6.87116,81.07348,6.87079,81.0709,GPS Auto-Tag,287.5,69.8,Medium,True
EVT24602,Private Wedding,U00989,Nainativu & Nagadeepa,Jaffna,Northern,2024-10-28,9.57909,79.74991,9.629,79.72346,Typed Address,6250.8,0.0,Very Low,False
EVT24603,Temple/Kovil Special Pooja,U06505,Arugam Bay Surfing,Ampara,Eastern,2024-06-26,6.85102,81.81331,6.8515,81.8142,GPS Auto-Tag,111.2,87.0,High,True
EVT24604,Corporate Retreat Event,U05407,Ravana Falls Abseiling,Badulla,Uva,2024-09-12,6.85378,81.05654,6.85073,81.05659,GPS Auto-Tag,338.4,65.5,Medium,True
EVT24605,Village Perahera,U16759,Nuwara Eliya Tea Factory Tour,Nuwara Eliya,Central,2023-02-01,6.97278,80.76199,6.97281,80.76046,GPS Auto-Tag,168.6,81.0,Medium,True
EVT24606,Village Perahera,U02995,Kumana Bird Sanctuary,Ampara,Eastern,2023-06-23,6.57726,81.66326,6.57646,81.66034,GPS Auto-Tag,334.6,65.8,Medium,True
EVT24607,Village Perahera,U01510,Kandy Esala Perahera,Kandy,Central,2025-02-16,7.28428,80.6288,7.30134,80.61047,Typed Address,2768.4,3.1,Very Low,False
EVT24608,Community New Year Carnival,U07951,Horton Plains Cloud Forest Eco Walk,Nuwara Eliya,Central,2025-06-17,6.81186,80.78919,6.81135,80.78956,GPS Auto-Tag,70.0,91.6,High,True
EVT24609,Food & Craft Fair,U01591,Thalangama Wetland Birdwatching,Colombo,Western,2023-05-16,6.89823,79.92853,6.90286,79.90304,Manual Map Pin,2855.8,2.8,Very Low,False
EVT24610,Temple/Kovil Special Pooja,U01882,Ella Rock & Little Adam's Peak Hike,Badulla,Uva,2025-03-28,6.86483,81.05198,6.873,81.04767,Manual Map Pin,1022.9,27.8,Very Low,False
EVT24611,Full Moon Party,U17216,Minneriya-Kaudulla Elephant Corridor,Polonnaruwa,North Central,2025-01-10,8.0422,80.95336,8.04132,80.95233,GPS Auto-Tag,148.8,83.0,Medium,True
EVT24612,Village Perahera,U16724,Bogoda Wooden Bridge,Badulla,Uva,2024-01-19,6.96632,81.02279,6.96828,81.02452,GPS Auto-Tag,289.4,69.6,Medium,True
EVT24613,Full Moon Party,U10047,Bentota River Safari & Beach,Galle,Southern,2024-05-08,6.43227,79.98883,6.43061,79.98866,GPS Auto-Tag,185.3,79.3,Medium,True
EVT24614,Food & Craft Fair,U17409,Anuradhapura Cycling Tour,Anuradhapura,North Central,2025-12-26,8.30479,80.40111,8.30329,80.40249,GPS Auto-Tag,225.2,75.5,Medium,True
EVT24615,Temple/Kovil Special Pooja,U03178,Diyasaru Wetland Park,Colombo,Western,2025-12-19,6.89677,79.90838,6.8954,79.90811,GPS Auto-Tag,155.4,82.3,Medium,True
EVT24616,Community New Year Carnival,U10906,Riverston (Mini World's End),Matale,Central,2025-10-25,7.47963,80.73729,7.47962,80.73763,GPS Auto-Tag,36.8,95.5,High,True
EVT24617,Community New Year Carnival,U00715,Wilpattu National Park Safari,Puttalam,North Western,2025-04-16,8.45024,80.0274,8.45021,80.02652,GPS Auto-Tag,96.1,88.7,High,True
EVT24618,Temple/Kovil Special Pooja,U02772,Bogoda Wooden Bridge,Badulla,Uva,2025-09-09,6.95475,81.01555,6.93938,81.01307,Typed Address,1727.6,11.5,Very Low,False
EVT24619,Full Moon Party,U15612,Minneriya Elephant Gathering,Polonnaruwa,North Central,2024-12-14,8.02072,80.89873,8.01717,80.89621,GPS Auto-Tag,481.6,54.8,Low,False
EVT24620,Beach Party,U10056,Wadduwa Beach Escape,Kalutara,Western,2025-10-05,6.66829,79.90947,6.64159,79.9067,Manual Map Pin,2979.3,2.4,Very Low,False
EVT24621,Food & Craft Fair,U17221,Negombo Lagoon Boat Ride,Gampaha,Western,2025-10-22,7.19293,79.84028,7.19256,79.8385,GPS Auto-Tag,200.8,77.8,Medium,True
EVT24622,Pop-up Local Festival,U04173,Ramboda Falls Visit,Nuwara Eliya,Central,2023-08-22,7.04596,80.70996,7.04412,80.69417,Manual Map Pin,1750.9,11.2,Very Low,False
EVT24623,Food & Craft Fair,U04708,Hurulu Eco Park,Polonnaruwa,North Central,2025-01-16,8.16886,80.88002,8.16727,80.87706,GPS Auto-Tag,369.8,63.0,Medium,True
EVT24624,Full Moon Party,U05207,Kumana National Park Birding & Safari,Ampara,Eastern,2025-06-13,6.58307,81.66512,6.58187,81.66441,GPS Auto-Tag,154.7,82.4,Medium,True
EVT24625,Pop-up Local Festival,U14985,Kitulgala White Water Rafting,Kegalle,Sabaragamuwa,2023-12-18,6.99199,80.42258,6.99143,80.42444,GPS Auto-Tag,214.9,76.4,Medium,True
EVT24626,Village Perahera,U05917,Trincomalee Whale Watching,Trincomalee,Eastern,2024-02-02,8.57352,81.24936,8.57559,81.24821,GPS Auto-Tag,262.4,72.0,Medium,True
EVT24627,Temple/Kovil Special Pooja,U14278,Sera Ella Waterfall,Matale,Central,2024-07-19,7.52777,80.70781,7.52727,80.70743,GPS Auto-Tag,68.8,91.8,High,True
EVT24628,Temple/Kovil Special Pooja,U15029,Anuradhapura Cycling Tour,Anuradhapura,North Central,2023-06-18,8.31297,80.40965,8.31347,80.40838,GPS Auto-Tag,150.7,82.8,Medium,True
EVT24629,Pop-up Local Festival,U12594,Bentota River Safari & Beach,Galle,Southern,2023-03-29,6.42063,80.00061,6.43122,79.9871,Manual Map Pin,1897.9,9.3,Very Low,False
EVT24630,Live Music Night,U03698,Wewurukannala & Buduruwagala Carvings,Badulla/Monaragala,Uva,2024-10-17,6.72272,81.16099,6.72228,81.15138,Manual Map Pin,1060.5,26.6,Very Low,False
EVT24631,Beach Party,U09480,Ravana Falls Abseiling,Badulla,Uva,2024-10-30,6.89379,81.05451,6.87974,81.02484,Typed Address,3623.0,1.1,Very Low,False
EVT24632,Temple/Kovil Special Pooja,U07741,Bopath Ella Falls Trek,Ratnapura,Sabaragamuwa,2025-06-20,6.74281,80.36431,6.74502,80.36485,GPS Auto-Tag,252.7,72.9,Medium,True
EVT24633,Private Wedding,U09937,Pigeon Island Snorkeling,Trincomalee,Eastern,2023-04-11,8.72392,81.2072,8.70835,81.18713,Typed Address,2799.6,3.0,Very Low,False
EVT24634,Temple/Kovil Special Pooja,U13918,Beruwala Beach Resort Leisure,Kalutara,Western,2024-11-06,6.47334,79.98238,6.47183,79.98288,GPS Auto-Tag,176.4,80.2,Medium,True
EVT24635,Full Moon Party,U07081,Wasgamuwa National Park Safari,Matale/Polonnaruwa,Central,2023-05-15,7.78104,80.93735,7.78104,80.9395,GPS Auto-Tag,236.4,74.4,Medium,True
EVT24636,Full Moon Party,U09954,Wasgamuwa National Park Safari,Matale/Polonnaruwa,Central,2024-02-15,7.7787,80.92811,7.77999,80.93206,GPS Auto-Tag,456.5,56.5,Low,False
EVT24637,Corporate Retreat Event,U11072,Tangalle Beach Escape,Hambantota,Southern,2023-02-23,6.02276,80.80054,6.01625,80.81643,Typed Address,1896.1,9.3,Very Low,False
EVT24638,Community New Year Carnival,U15926,Beruwala Beach Resort Leisure,Kalutara,Western,2024-08-28,6.48047,79.97678,6.4622,80.00426,Typed Address,3647.8,1.0,Very Low,False
EVT24639,Beach Party,U08736,Gal Oya Boat Safari,Ampara,Eastern,2023-10-08,7.16747,81.44142,7.15945,81.45641,Manual Map Pin,1875.7,9.6,Very Low,False
EVT24640,Full Moon Party,U11200,Negombo Lagoon Boat Ride,Gampaha,Western,2025-10-02,7.19915,79.84544,7.20126,79.8442,GPS Auto-Tag,270.3,71.3,Medium,True
EVT24641,Village Perahera,U12738,Kanneliya Rainforest Reserve,Galle,Southern,2025-04-27,6.2361,80.35978,6.23604,80.35971,GPS Auto-Tag,10.4,98.7,High,True
EVT24642,Beach Party,U04499,Bellanwila-Attidiya Sanctuary,Colombo,Western,2024-07-14,6.83826,79.89217,6.8574,79.88627,Typed Address,2222.1,6.2,Very Low,False
EVT24643,Beach Party,U07016,Victoria Park Nuwara Eliya,Nuwara Eliya,Central,2023-09-27,6.97603,80.76506,6.97672,80.76885,Manual Map Pin,423.9,58.9,Low,False
EVT24644,Beach Party,U07219,Rekawa Turtle Conservation,Hambantota,Southern,2023-07-06,6.03794,80.8643,6.04148,80.86285,GPS Auto-Tag,424.1,58.9,Low,False
EVT24645,Beach Party,U14809,Sinharaja Rainforest Trekking,Ratnapura/Galle,Sabaragamuwa,2023-11-27,6.39922,80.50222,6.39585,80.4959,Manual Map Pin,790.9,37.2,Low,False
EVT24646,Food & Craft Fair,U10824,Negombo Lagoon Boat Ride,Gampaha,Western,2025-05-17,7.22201,79.83688,7.22378,79.83554,GPS Auto-Tag,246.6,73.5,Medium,True
EVT24647,Private Wedding,U08745,Galle Fort Walking Tour,Galle,Southern,2024-07-15,6.01379,80.21924,5.99712,80.21514,Manual Map Pin,1904.5,9.2,Very Low,False
EVT24648,Food & Craft Fair,U09339,Ella Rock & Little Adam's Peak Hike,Badulla,Uva,2024-03-13,6.86808,81.05529,6.87711,81.06969,Manual Map Pin,1877.6,9.6,Very Low,False
EVT24649,Community New Year Carnival,U02392,Trincomalee Whale Watching,Trincomalee,Eastern,2023-09-16,8.57669,81.23809,8.58367,81.2332,Manual Map Pin,941.9,30.8,Low,False
EVT24650,Corporate Retreat Event,U11478,Kitulgala White Water Rafting,Kegalle,Sabaragamuwa,2023-11-15,6.97276,80.39042,6.96964,80.39078,Manual Map Pin,349.2,64.6,Medium,True
EVT24651,Private Wedding,U17376,Lipton's Seat Viewpoint,Badulla,Uva,2023-12-05,6.82105,81.07426,6.82128,81.07688,GPS Auto-Tag,289.6,69.6,Medium,True
EVT24652,Corporate Retreat Event,U17275,Mirissa Whale Watching & Beach,Matara,Southern,2025-04-02,5.97089,80.46028,6.03845,80.43509,Typed Address,7997.9,0.0,Very Low,False
EVT24653,Community New Year Carnival,U03640,Ravana Falls Abseiling,Badulla,Uva,2024-12-08,6.87999,81.05747,6.87934,81.04383,Manual Map Pin,1505.8,15.2,Very Low,False
EVT24654,Food & Craft Fair,U04773,Rekawa Turtle Conservation,Hambantota,Southern,2025-06-15,6.03447,80.85038,6.03354,80.85087,GPS Auto-Tag,116.9,86.4,High,True
EVT24655,Beach Party,U12549,Muhudu Maha Vihara,Hambantota,Southern,2023-08-24,6.34576,81.45641,6.34484,81.45781,GPS Auto-Tag,185.8,79.3,Medium,True
EVT24656,Live Music Night,U04982,Trincomalee Whale Watching,Trincomalee,Eastern,2025-09-21,8.57012,81.22729,8.5624,81.22715,Manual Map Pin,857.6,34.2,Low,False
EVT24657,Community New Year Carnival,U07165,Nuwara Eliya Tea Factory Tour,Nuwara Eliya,Central,2025-10-15,6.96528,80.77236,6.96982,80.7803,Manual Map Pin,1009.3,28.3,Very Low,False
EVT24658,Full Moon Party,U04413,Anawilundawa Ramsar Wetland,Puttalam,North Western,2025-04-02,7.72328,79.82418,7.61521,79.78797,Typed Address,12639.3,0.0,Very Low,False
EVT24659,Full Moon Party,U03510,Horton Plains Cloud Forest Eco Walk,Nuwara Eliya,Central,2024-06-05,6.81801,80.80135,6.81703,80.8108,Manual Map Pin,1047.1,27.0,Very Low,False
EVT24660,Corporate Retreat Event,U16940,Bentota River Safari & Beach,Galle,Southern,2024-04-27,6.45007,79.99229,6.42243,79.9981,Typed Address,3134.3,2.0,Very Low,False
EVT24661,Village Perahera,U09620,Nuwara Eliya April Season,Nuwara Eliya,Central,2023-03-26,6.94767,80.78786,6.93504,80.80608,Manual Map Pin,2448.9,4.7,Very Low,False
EVT24662,Live Music Night,U08130,Madu Ganga Mangrove Boat Tour,Galle,Southern,2023-02-04,6.27076,80.04775,6.27516,80.05769,Manual Map Pin,1200.7,22.3,Very Low,False
EVT24663,Full Moon Party,U12197,Arugam Bay Surfing,Ampara,Eastern,2025-12-24,6.85487,81.8279,6.85621,81.82907,GPS Auto-Tag,196.1,78.3,Medium,True
EVT24664,Corporate Retreat Event,U02497,Ambalangoda Mask Museum,Galle,Southern,2023-10-15,6.23839,80.05308,6.23921,80.05666,GPS Auto-Tag,406.3,60.2,Medium,True
EVT24665,Community New Year Carnival,U04185,Kayts Island,Jaffna,Northern,2024-11-28,9.68736,79.98585,9.67272,79.9759,Manual Map Pin,1955.6,8.7,Very Low,False
EVT24666,Temple/Kovil Special Pooja,U10761,Ravana Falls Abseiling,Badulla,Uva,2023-03-30,6.8628,81.05615,6.9153,81.13116,Typed Address,10114.3,0.0,Very Low,False
EVT24667,Private Wedding,U00399,Nuwara Eliya April Season,Nuwara Eliya,Central,2024-05-27,6.95677,80.78748,6.95882,80.77234,Manual Map Pin,1683.6,12.2,Very Low,False
EVT24668,Temple/Kovil Special Pooja,U04187,Panama-Kudumbigala Eco Reserve,Ampara,Eastern,2023-04-12,6.89716,81.79978,6.89615,81.79936,GPS Auto-Tag,120.5,86.0,High,True
EVT24669,Full Moon Party,U01794,Wadduwa Beach Escape,Kalutara,Western,2023-01-25,6.66032,79.92997,6.66402,79.93274,Manual Map Pin,511.7,52.7,Low,False
EVT24670,Pop-up Local Festival,U15227,Laxapana Falls Trek,Nuwara Eliya,Central,2025-08-18,6.93675,80.5255,6.93769,80.52527,GPS Auto-Tag,107.4,87.4,High,True
EVT24671,Village Perahera,U16892,Yapahuwa Rock Fortress,Kurunegala,North Western,2024-03-26,7.82994,80.21812,7.82723,80.21951,GPS Auto-Tag,337.2,65.6,Medium,True
EVT24672,Village Perahera,U01016,Kandy Esala Perahera,Kandy,Central,2024-04-14,7.27108,80.6428,7.27197,80.64541,GPS Auto-Tag,304.2,68.4,Medium,True
EVT24673,Food & Craft Fair,U06136,Minneriya-Kaudulla Elephant Corridor,Polonnaruwa,North Central,2025-09-22,8.0544,80.94149,8.05304,80.95018,Manual Map Pin,967.0,29.9,Very Low,False
EVT24674,Temple/Kovil Special Pooja,U13223,Bellanwila-Attidiya Sanctuary,Colombo,Western,2023-05-13,6.83666,79.89282,6.83665,79.8909,GPS Auto-Tag,212.5,76.7,Medium,True
EVT24675,Beach Party,U08688,Wilpattu National Park Safari,Puttalam,North Western,2023-12-15,8.44782,80.05617,8.44994,80.05577,GPS Auto-Tag,239.5,74.1,Medium,True
EVT24676,Pop-up Local Festival,U15959,Polonnaruwa Cycling Tour,Polonnaruwa,North Central,2025-06-04,7.94757,81.01264,7.94173,81.06744,Typed Address,6059.7,0.1,Very Low,False
EVT24677,Community New Year Carnival,U08420,Hurulu Eco Park,Polonnaruwa,North Central,2025-03-12,8.17842,80.88805,8.16398,80.89156,Manual Map Pin,1648.1,12.7,Very Low,False
EVT24678,Food & Craft Fair,U08255,Anuradhapura Cycling Tour,Anuradhapura,North Central,2023-01-04,8.30759,80.39934,8.29953,80.43369,Typed Address,3877.5,0.8,Very Low,False
EVT24679,Live Music Night,U07158,"New Year's Eve Countdown, Galle Face",Colombo,Western,2025-11-02,6.91588,79.85544,6.98098,79.95727,Typed Address,13346.2,0.0,Very Low,False
EVT24680,Beach Party,U05096,Ritigala Forest Monastery,Anuradhapura,North Central,2024-06-26,8.11863,80.64416,8.11901,80.64423,GPS Auto-Tag,43.3,94.7,High,True
EVT24681,Food & Craft Fair,U00464,Weligama Surf School,Matara,Southern,2023-11-18,5.96255,80.43846,5.95721,80.44299,Manual Map Pin,775.6,37.9,Low,False
EVT24682,Live Music Night,U03738,Beddagana Wetland Park,Colombo,Western,2025-01-03,6.89477,79.90412,6.89866,79.90034,Manual Map Pin,599.3,47.3,Low,False
EVT24683,Live Music Night,U15598,Kandy Lake Evening Walk,Kandy,Central,2024-08-30,7.28961,80.63504,7.32041,80.60555,Typed Address,4714.8,0.3,Very Low,False
EVT24684,Full Moon Party,U09849,Delft Wild Pony Eco Tour,Jaffna,Northern,2025-07-29,9.54439,79.67041,9.54612,79.67036,Typed Address,191.9,78.7,Medium,True
EVT24685,Community New Year Carnival,U17238,Hiriwadunna Village,Anuradhapura,North Central,2023-07-19,7.98937,80.75099,7.98903,80.75086,GPS Auto-Tag,40.7,95.0,High,True
EVT24686,Food & Craft Fair,U04646,Lipton's Seat Viewpoint,Badulla,Uva,2025-09-04,6.80771,81.0739,6.81712,81.07184,Manual Map Pin,1069.1,26.3,Very Low,False
EVT24687,Beach Party,U17889,Nilaveli Beach,Trincomalee,Eastern,2025-04-27,8.72241,81.19064,8.72487,81.19252,GPS Auto-Tag,342.5,65.2,Medium,True
EVT24688,Beach Party,U00703,Galle Fort Walking Tour,Galle,Southern,2025-09-15,6.01626,80.21534,6.05657,80.18892,Typed Address,5341.2,0.1,Very Low,False
EVT24689,Full Moon Party,U11464,Pasikuda Beach,Batticaloa,Eastern,2025-05-29,7.92335,81.55909,7.92423,81.55586,GPS Auto-Tag,368.1,63.1,Medium,True
EVT24690,Private Wedding,U14149,Mannar Bird Migration Watching,Mannar,Northern,2024-02-24,8.9816,79.89833,8.99297,79.88851,Manual Map Pin,1658.8,12.6,Very Low,False
EVT24691,Full Moon Party,U09584,Thalangama Wetland Birdwatching,Colombo,Western,2025-05-06,6.89383,79.92288,6.95002,79.86384,Typed Address,9012.3,0.0,Very Low,False
EVT24692,Community New Year Carnival,U05964,Udawalawe National Park Safari,Ratnapura/Moneragala,Sabaragamuwa,2025-08-30,6.48348,80.89179,6.47267,80.90823,Manual Map Pin,2174.1,6.6,Very Low,False
EVT24693,Food & Craft Fair,U06070,Ritigala Forest Monastery,Anuradhapura,North Central,2023-02-24,8.12037,80.65408,8.11106,80.65688,Manual Map Pin,1078.1,26.0,Very Low,False
EVT24694,Private Wedding,U05725,Kalpitiya Dolphin Watching Eco Tour,Puttalam,North Western,2023-09-09,8.22,79.76872,8.21908,79.76944,GPS Auto-Tag,129.2,85.1,High,True
EVT24695,Full Moon Party,U17211,Udawalawe Elephant Transit Home,Ratnapura,Sabaragamuwa,2024-09-09,6.43269,80.87568,6.38841,80.91499,Typed Address,6553.5,0.0,Very Low,False
EVT24696,Food & Craft Fair,U00825,Knuckles Mountain Range Trekking,Kandy/Matale,Central,2024-05-20,7.46566,80.78034,7.46783,80.78295,GPS Auto-Tag,375.2,62.6,Medium,True
EVT24697,Private Wedding,U15449,Kataragama Esala Perahera,Monaragala,Uva,2024-01-08,6.41979,81.36065,6.41821,81.3628,GPS Auto-Tag,294.9,69.2,Medium,True
EVT24698,Pop-up Local Festival,U11842,Kochchikade St. Anthony's Feast,Colombo,Western,2024-09-03,6.97027,79.87866,6.97205,79.87743,GPS Auto-Tag,239.1,74.2,Medium,True
EVT24699,Live Music Night,U05547,Mirissa Whale Watching & Beach,Matara,Southern,2023-10-09,5.95677,80.4656,5.94392,80.47197,Manual Map Pin,1589.8,13.7,Very Low,False
EVT24700,Private Wedding,U01252,Victoria Park Nuwara Eliya,Nuwara Eliya,Central,2025-07-08,6.96675,80.77401,6.9513,80.75932,Manual Map Pin,2358.9,5.2,Very Low,False
EVT24701,Private Wedding,U02947,Yapahuwa Rock Fortress,Kurunegala,North Western,2025-06-09,7.84125,80.21478,7.79753,80.21032,Typed Address,4877.2,0.2,Very Low,False
EVT24702,Private Wedding,U09265,Nuwara Eliya Tea Factory Tour,Nuwara Eliya,Central,2023-11-13,6.96144,80.76594,6.93255,80.73548,Typed Address,4642.0,0.3,Very Low,False
EVT24703,Village Perahera,U04673,Udawalawe Elephant Transit Home,Ratnapura,Sabaragamuwa,2024-05-26,6.41283,80.88568,6.45839,80.89886,Typed Address,5262.1,0.1,Very Low,False
EVT24704,Village Perahera,U14827,Rekawa Turtle Conservation,Hambantota,Southern,2025-11-22,6.05042,80.84787,6.05189,80.84729,GPS Auto-Tag,175.4,80.3,Medium,True
EVT24705,Community New Year Carnival,U17345,Sinharaja Forest Reserve Nature Walk,Ratnapura/Galle,Sabaragamuwa,2025-09-12,6.38967,80.5052,6.39073,80.5016,GPS Auto-Tag,414.4,59.6,Low,False
EVT24706,Private Wedding,U00578,Ambalangoda Mask Museum,Galle,Southern,2024-12-09,6.23403,80.06248,6.23153,80.06194,GPS Auto-Tag,283.9,70.1,Medium,True
EVT24707,Food & Craft Fair,U13169,Adam's Peak (Sri Pada) Climb,Ratnapura,Sabaragamuwa,2024-08-30,6.80376,80.50064,6.80437,80.49771,GPS Auto-Tag,329.7,66.2,Medium,True
EVT24708,Corporate Retreat Event,U03003,Trincomalee Whale Watching,Trincomalee,Eastern,2024-12-26,8.56487,81.24368,8.56398,81.2427,GPS Auto-Tag,146.5,83.3,Medium,True
EVT24709,Pop-up Local Festival,U14456,Delft Island,Jaffna,Northern,2025-06-01,9.55539,79.65685,9.565,79.6634,Manual Map Pin,1285.6,20.0,Very Low,False
EVT24710,Food & Craft Fair,U11575,Panama Village,Ampara,Eastern,2023-08-08,6.92991,81.78486,6.93,81.78389,GPS Auto-Tag,107.5,87.4,High,True
EVT24711,Corporate Retreat Event,U09579,Induruwa Turtle Conservation,Galle,Southern,2023-12-15,6.05246,80.04519,6.10411,80.06084,Typed Address,5987.8,0.1,Very Low,False
EVT24712,Private Wedding,U01289,Udawalawe Elephant Transit Home,Ratnapura,Sabaragamuwa,2024-06-25,6.4449,80.8816,6.4426,80.88262,GPS Auto-Tag,279.3,70.5,Medium,True
EVT24713,Beach Party,U10232,Nilaveli Beach,Trincomalee,Eastern,2025-08-02,8.7182,81.20808,8.71384,81.20816,GPS Auto-Tag,484.0,54.6,Low,False
EVT24714,Corporate Retreat Event,U09235,Mirissa Whale Watching & Beach,Matara,Southern,2025-09-29,5.94248,80.47003,5.94175,80.47189,GPS Auto-Tag,221.1,75.9,Medium,True
EVT24715,Full Moon Party,U09524,"New Year's Eve Countdown, Galle Face",Colombo,Western,2024-02-25,6.91398,79.84266,6.91345,79.84398,GPS Auto-Tag,156.7,82.2,Medium,True
EVT24716,Beach Party,U07866,Kumana Bird Sanctuary,Ampara,Eastern,2023-01-20,6.56827,81.65427,6.5676,81.67101,Manual Map Pin,1847.4,9.9,Very Low,False
EVT24717,Corporate Retreat Event,U03141,Nuwara Eliya Gregory Lake Boating,Nuwara Eliya,Central,2023-02-09,6.93553,80.78886,6.93547,80.7891,GPS Auto-Tag,27.2,96.7,High,True
EVT24718,Live Music Night,U15737,Diyasaru Wetland Park,Colombo,Western,2023-01-08,6.88987,79.91806,6.81902,79.93523,Typed Address,8088.3,0.0,Very Low,False
EVT24719,Pop-up Local Festival,U07742,Beddagana Wetland Park,Colombo,Western,2023-07-05,6.8989,79.90469,6.8955,79.90469,GPS Auto-Tag,377.0,62.4,Medium,True
EVT24720,Full Moon Party,U10812,Nuwara Eliya Tea Factory Tour,Nuwara Eliya,Central,2023-03-23,6.96915,80.78509,6.96729,80.78773,GPS Auto-Tag,356.5,64.0,Medium,True
EVT24721,Live Music Night,U15070,Panama Village,Ampara,Eastern,2024-09-13,6.93099,81.78345,6.92859,81.78234,GPS Auto-Tag,293.7,69.3,Medium,True
EVT24722,Full Moon Party,U00444,Kalpitiya Dolphin Watching Eco Tour,Puttalam,North Western,2025-04-05,8.23684,79.79031,8.25147,79.81907,Manual Map Pin,3552.6,1.2,Very Low,False
EVT24723,Pop-up Local Festival,U02740,Yala National Park Safari,Hambantota,Southern,2023-04-24,6.37328,81.54202,6.37443,81.54199,GPS Auto-Tag,127.8,85.2,High,True
EVT24724,Private Wedding,U17437,Panama-Kudumbigala Eco Reserve,Ampara,Eastern,2023-10-02,6.92072,81.76539,6.92085,81.76431,GPS Auto-Tag,119.9,86.1,High,True
EVT24725,Beach Party,U15497,Ambalangoda Mask Museum,Galle,Southern,2023-12-31,6.25703,80.062,6.2582,80.06136,GPS Auto-Tag,148.2,83.1,Medium,True
EVT24726,Village Perahera,U17912,Madunagala Hot Springs,Hambantota,Southern,2025-03-05,6.23437,81.23947,6.24017,81.23077,Manual Map Pin,1155.2,23.6,Very Low,False
EVT24727,Pop-up Local Festival,U08658,Knuckles Conservation Forest Walk,Kandy/Matale,Central,2023-01-09,7.47713,80.77583,7.4766,80.78966,Manual Map Pin,1523.6,14.9,Very Low,False
EVT24728,Beach Party,U11491,"Christmas Celebrations, Negombo",Gampaha,Western,2024-11-13,7.19896,79.83365,7.19849,79.83332,GPS Auto-Tag,63.0,92.4,High,True
EVT24729,Community New Year Carnival,U01961,Beddagana Wetland Park,Colombo,Western,2025-02-24,6.89165,79.89755,6.89304,79.90024,GPS Auto-Tag,335.2,65.8,Medium,True
EVT24730,Beach Party,U16683,"Christmas Celebrations, Negombo",Gampaha,Western,2023-11-12,7.19619,79.83864,7.1979,79.83891,GPS Auto-Tag,192.1,78.7,Medium,True
EVT24731,Food & Craft Fair,U09940,Gal Oya Boat Safari,Ampara,Eastern,2024-07-04,7.16885,81.48197,7.16906,81.48088,GPS Auto-Tag,122.4,85.8,High,True
EVT24732,Community New Year Carnival,U13459,Pasikuda Beach,Batticaloa,Eastern,2024-11-26,7.94889,81.566,7.96239,81.55254,Manual Map Pin,2106.1,7.2,Very Low,False
EVT24733,Live Music Night,U00827,Dowa Rock Temple,Badulla,Uva,2023-10-25,6.87701,81.05895,6.87213,81.0762,Manual Map Pin,1976.2,8.5,Very Low,False
EVT24734,Beach Party,U15502,Wasgamuwa National Park Safari,Matale/Polonnaruwa,Central,2025-04-25,7.80856,80.93468,7.73923,80.87194,Typed Address,10336.0,0.0,Very Low,False
EVT24735,Corporate Retreat Event,U17804,Ramboda Falls Visit,Nuwara Eliya,Central,2024-07-03,7.0502,80.68161,7.06043,80.70893,Typed Address,3216.5,1.8,Very Low,False
EVT24736,Corporate Retreat Event,U02818,Kandy Lake Evening Walk,Kandy,Central,2023-09-20,7.28996,80.6379,7.26538,80.65135,Manual Map Pin,3104.6,2.1,Very Low,False
EVT24737,Private Wedding,U10389,Horton Plains & World's End Hike,Nuwara Eliya,Central,2023-04-08,6.80367,80.80404,6.80513,80.80686,GPS Auto-Tag,350.6,64.5,Medium,True
EVT24738,Beach Party,U02213,Diyaluma Infinity Pools,Badulla,Uva,2025-11-16,6.73913,81.06272,6.75101,81.06823,Manual Map Pin,1451.8,16.3,Very Low,False
EVT24739,Community New Year Carnival,U00597,Muthurajawela Marsh Boat Safari,Gampaha,Western,2023-10-02,7.06327,79.87615,7.06221,79.87931,GPS Auto-Tag,367.1,63.2,Medium,True
EVT24740,Food & Craft Fair,U10020,Nallur Festival (Nallur Kandaswamy Kovil),Jaffna,Northern,2023-12-28,9.66695,80.02707,9.66562,80.02998,GPS Auto-Tag,351.1,64.5,Medium,True
EVT24741,Pop-up Local Festival,U07525,Wilpattu National Park Safari,Puttalam,North Western,2023-02-15,8.44598,80.04201,8.44428,80.04306,GPS Auto-Tag,221.6,75.8,Medium,True
EVT24742,Pop-up Local Festival,U03170,Bundala Wetland Birdwatching,Hambantota,Southern,2023-05-24,6.17971,81.22184,6.17972,81.22265,GPS Auto-Tag,89.8,89.4,High,True
EVT24743,Beach Party,U15430,Belihuloya River Adventures,Ratnapura,Sabaragamuwa,2024-01-28,6.6716,80.83738,6.67871,80.84437,Manual Map Pin,1102.7,25.2,Very Low,False
EVT24744,Corporate Retreat Event,U00200,Sera Ella Waterfall,Matale,Central,2025-12-30,7.52533,80.66042,7.5374,80.65163,Manual Map Pin,1652.4,12.7,Very Low,False
EVT24745,Beach Party,U07942,Nilaveli Beach,Trincomalee,Eastern,2025-11-09,8.71383,81.18986,8.74318,81.19422,Typed Address,3292.6,1.6,Very Low,False
EVT24746,Private Wedding,U02113,Minneriya Elephant Gathering,Polonnaruwa,North Central,2024-07-18,8.03418,80.89278,8.0341,80.89378,GPS Auto-Tag,110.8,87.1,High,True
EVT24747,Village Perahera,U04295,Muthurajawela Marsh Boat Safari,Gampaha,Western,2024-08-31,7.07569,79.88648,7.07727,79.88549,GPS Auto-Tag,206.8,77.2,Medium,True
EVT24748,Private Wedding,U17274,Rekawa Turtle Conservation,Hambantota,Southern,2024-08-23,6.04204,80.84595,6.04189,80.8453,GPS Auto-Tag,74.3,91.1,High,True
EVT24749,Temple/Kovil Special Pooja,U08266,Wadduwa Beach Escape,Kalutara,Western,2024-10-11,6.64876,79.93536,6.60898,79.91332,Typed Address,5039.8,0.2,Very Low,False
EVT24750,Food & Craft Fair,U02371,Sinhala & Tamil New Year Village Games,Anuradhapura,North Central,2024-10-09,8.30961,80.39783,8.30874,80.39855,GPS Auto-Tag,125.0,85.5,High,True
EVT24751,Temple/Kovil Special Pooja,U01320,Bundala Wetland Birdwatching,Hambantota,Southern,2024-02-18,6.21309,81.20612,6.20975,81.16268,Typed Address,4808.3,0.2,Very Low,False
EVT24752,Food & Craft Fair,U02001,Hakgala Botanical Garden,Nuwara Eliya,Central,2024-01-14,6.92063,80.79091,6.91746,80.79135,GPS Auto-Tag,355.5,64.1,Medium,True
EVT24753,Live Music Night,U07712,Sinharaja Rainforest Trekking,Ratnapura/Galle,Sabaragamuwa,2025-10-06,6.41142,80.49787,6.41408,80.49809,GPS Auto-Tag,295.8,69.1,Medium,True
EVT24754,Community New Year Carnival,U17845,Minneriya-Kaudulla Elephant Corridor,Polonnaruwa,North Central,2025-01-05,8.07527,80.96977,8.09218,80.98325,Typed Address,2390.7,5.0,Very Low,False
EVT24755,Community New Year Carnival,U12549,Kalpitiya Kite Surfing,Puttalam,North Western,2025-11-07,8.21493,79.74819,8.14348,79.74867,Typed Address,7930.2,0.0,Very Low,False
EVT24756,Beach Party,U09862,Pigeon Island Snorkeling,Trincomalee,Eastern,2025-11-23,8.70492,81.21922,8.70177,81.21948,GPS Auto-Tag,350.9,64.5,Medium,True
EVT24757,Village Perahera,U02512,Kalametiya Bird Sanctuary,Hambantota,Southern,2024-08-13,6.06902,80.94744,6.06595,80.94855,GPS Auto-Tag,362.5,63.6,Medium,True
EVT24758,Private Wedding,U03402,Nuwara Eliya Gregory Lake Boating,Nuwara Eliya,Central,2024-03-13,6.93696,80.76634,6.9367,80.76686,GPS Auto-Tag,64.3,92.3,High,True
EVT24759,Community New Year Carnival,U08794,Royal Botanical Garden Peradeniya,Kandy,Central,2024-10-11,7.26791,80.60861,7.21769,80.63069,Typed Address,6081.6,0.0,Very Low,False
EVT24760,Full Moon Party,U11269,Kandy Esala Perahera,Kandy,Central,2025-06-18,7.30985,80.63547,7.22801,80.68381,Typed Address,10527.8,0.0,Very Low,False
EVT24761,Corporate Retreat Event,U10010,Sinhala & Tamil New Year Village Games,Anuradhapura,North Central,2023-04-10,8.32304,80.40505,8.32603,80.3931,Manual Map Pin,1352.8,18.4,Very Low,False
EVT24762,Food & Craft Fair,U17773,Kandy Lake Evening Walk,Kandy,Central,2024-11-13,7.28981,80.63678,7.26953,80.62366,Typed Address,2674.8,3.5,Very Low,False
EVT24763,Pop-up Local Festival,U05210,Thalangama Wetland Birdwatching,Colombo,Western,2025-09-16,6.87642,79.93199,6.87787,79.93214,GPS Auto-Tag,162.1,81.7,Medium,True
EVT24764,Private Wedding,U12032,Madu Ganga Mangrove Boat Tour,Galle,Southern,2023-09-17,6.26967,80.0702,6.27183,80.06955,GPS Auto-Tag,250.2,73.1,Medium,True
EVT24765,Community New Year Carnival,U12839,"New Year's Eve Countdown, Galle Face",Colombo,Western,2025-03-13,6.92738,79.85291,6.91764,79.85995,Manual Map Pin,1331.4,18.9,Very Low,False
EVT24766,Food & Craft Fair,U12764,Bambarakanda Falls,Badulla,Uva,2023-07-27,6.80034,80.79417,6.8393,80.75993,Typed Address,5739.4,0.1,Very Low,False
EVT24767,Village Perahera,U09016,Bogoda Wooden Bridge,Badulla,Uva,2024-02-06,6.97376,81.00855,6.97251,81.00693,GPS Auto-Tag,226.5,75.3,Medium,True
EVT24768,Private Wedding,U00546,Minneriya Elephant Gathering,Polonnaruwa,North Central,2024-03-16,8.01604,80.90119,8.01653,80.90502,GPS Auto-Tag,424.8,58.8,Low,False
EVT24769,Food & Craft Fair,U08928,Diyasaru Wetland Park,Colombo,Western,2025-07-16,6.921,79.92334,6.9229,79.90478,Manual Map Pin,2055.4,7.7,Very Low,False
EVT24770,Village Perahera,U07301,Panama-Kudumbigala Eco Reserve,Ampara,Eastern,2025-03-28,6.90022,81.78767,6.90037,81.77847,Manual Map Pin,1013.8,28.2,Very Low,False
EVT24771,Pop-up Local Festival,U13926,Sera Ella Waterfall,Matale,Central,2024-05-19,7.53438,80.70294,7.53715,80.69915,Manual Map Pin,518.3,52.3,Low,False
EVT24772,Community New Year Carnival,U10197,Wewurukannala & Buduruwagala Carvings,Badulla/Monaragala,Uva,2024-10-02,6.7205,81.16395,6.72005,81.16458,GPS Auto-Tag,86.3,89.8,High,True
EVT24773,Full Moon Party,U03489,Ella Rock & Little Adam's Peak Hike,Badulla,Uva,2024-08-08,6.86388,81.05546,6.86747,81.06447,Manual Map Pin,1069.8,26.3,Very Low,False
EVT24774,Beach Party,U14618,"Christmas Celebrations, Negombo",Gampaha,Western,2024-01-19,7.20056,79.83873,7.19304,79.85018,Manual Map Pin,1511.5,15.1,Very Low,False
EVT24775,Beach Party,U06836,Kalametiya Bird Sanctuary,Hambantota,Southern,2023-08-24,6.06985,80.95281,6.07006,80.96127,Manual Map Pin,933.5,31.1,Low,False
EVT24776,Pop-up Local Festival,U07672,Nainativu & Nagadeepa,Jaffna,Northern,2024-10-23,9.5766,79.75989,9.5755,79.76067,GPS Auto-Tag,149.1,83.0,Medium,True
EVT24777,Beach Party,U06512,Udawalawe National Park Safari,Ratnapura/Moneragala,Sabaragamuwa,2025-02-05,6.47641,80.87502,6.52442,80.86843,Typed Address,5378.3,0.1,Very Low,False
EVT24778,Beach Party,U16830,Delft Island,Jaffna,Northern,2023-08-13,9.52567,79.65322,9.52951,79.64027,Typed Address,1481.0,15.7,Very Low,False
EVT24779,Temple/Kovil Special Pooja,U11186,Adam's Peak (Sri Pada) Climb,Ratnapura,Sabaragamuwa,2024-05-27,6.81582,80.51587,6.81643,80.51512,GPS Auto-Tag,106.9,87.5,High,True
EVT24780,Full Moon Party,U08610,Induruwa Turtle Conservation,Galle,Southern,2024-06-06,6.04176,80.02713,5.97437,80.01099,Typed Address,7690.6,0.0,Very Low,False
EVT24781,Village Perahera,U06459,Lipton's Seat Viewpoint,Badulla,Uva,2025-06-13,6.82226,81.06176,6.82092,81.06406,GPS Auto-Tag,293.8,69.3,Medium,True
EVT24782,Full Moon Party,U14226,Meemure Village,Kandy,Central,2024-10-10,7.47248,80.81124,7.48619,80.80227,Manual Map Pin,1814.2,10.4,Very Low,False
EVT24783,Corporate Retreat Event,U16241,Hurulu Eco Park,Polonnaruwa,North Central,2023-06-23,8.1586,80.88451,8.16309,80.89171,Manual Map Pin,934.6,31.1,Low,False
EVT24784,Pop-up Local Festival,U10359,Hakgala Botanical Garden,Nuwara Eliya,Central,2024-11-28,6.91696,80.79491,6.91498,80.79274,GPS Auto-Tag,324.7,66.6,Medium,True
EVT24785,Full Moon Party,U06215,Sera Ella Waterfall,Matale,Central,2024-11-22,7.53388,80.67398,7.53781,80.66917,Manual Map Pin,685.7,42.4,Low,False
EVT24786,Village Perahera,U02921,Hiriwadunna Village,Anuradhapura,North Central,2025-01-04,7.97539,80.7581,7.97862,80.73871,Manual Map Pin,2162.4,6.7,Very Low,False
EVT24787,Full Moon Party,U16936,Colombo Galle Face & City Tour,Colombo,Western,2025-01-21,6.91773,79.86323,6.99442,79.92085,Typed Address,10619.3,0.0,Very Low,False
EVT24788,Pop-up Local Festival,U06235,Mulkirigala Rock Monastery,Hambantota,Southern,2023-06-22,6.17874,80.87215,6.19032,80.89021,Manual Map Pin,2372.1,5.2,Very Low,False
EVT24789,Live Music Night,U15619,Arugam Bay Surfing,Ampara,Eastern,2024-12-04,6.85016,81.81783,6.82551,81.8363,Typed Address,3411.1,1.4,Very Low,False
EVT24790,Beach Party,U01339,Bundala Wetland Birdwatching,Hambantota,Southern,2025-05-04,6.2131,81.22188,6.21518,81.22375,GPS Auto-Tag,310.2,67.9,Medium,True
EVT24791,Pop-up Local Festival,U02579,Ravana Caves & Ella Wala Pool,Badulla,Uva,2024-11-15,6.84951,81.02648,6.84388,81.02244,Manual Map Pin,767.5,38.3,Low,False
EVT24792,Community New Year Carnival,U04484,Victoria Park Nuwara Eliya,Nuwara Eliya,Central,2025-09-30,6.96892,80.76078,6.96822,80.76101,GPS Auto-Tag,80.9,90.4,High,True
EVT24793,Food & Craft Fair,U04487,Horton Plains Cloud Forest Eco Walk,Nuwara Eliya,Central,2024-09-30,6.81827,80.80263,6.81838,80.80191,GPS Auto-Tag,80.0,90.5,High,True
EVT24794,Corporate Retreat Event,U14925,Anawilundawa Ramsar Wetland,Puttalam,North Western,2025-03-16,7.73976,79.81409,7.70216,79.79682,Typed Address,4585.8,0.3,Very Low,False
EVT24795,Temple/Kovil Special Pooja,U17345,Arugam Bay Surfing,Ampara,Eastern,2025-12-02,6.8415,81.84134,6.8391,81.83777,GPS Auto-Tag,475.0,55.2,Low,False
EVT24796,Corporate Retreat Event,U04351,Laxapana Falls Trek,Nuwara Eliya,Central,2024-03-10,6.93489,80.4921,6.9254,80.40918,Typed Address,9196.5,0.0,Very Low,False
EVT24797,Full Moon Party,U06762,Panama-Kudumbigala Eco Reserve,Ampara,Eastern,2023-06-27,6.8869,81.78075,6.88732,81.77853,GPS Auto-Tag,249.0,73.3,Medium,True
EVT24798,Community New Year Carnival,U08843,Lipton's Seat Viewpoint,Badulla,Uva,2025-07-28,6.80547,81.07088,6.79329,81.07253,Manual Map Pin,1364.0,18.2,Very Low,False
EVT24799,Full Moon Party,U09421,Kalametiya Bird Sanctuary,Hambantota,Southern,2024-03-25,6.07315,80.9376,6.076,80.9373,GPS Auto-Tag,317.6,67.2,Medium,True
EVT24800,Live Music Night,U04091,Beddagana Wetland Park,Colombo,Western,2023-10-05,6.89895,79.92606,6.90019,79.9259,GPS Auto-Tag,137.8,84.2,Medium,True
EVT24801,Live Music Night,U02793,Anawilundawa Ramsar Wetland,Puttalam,North Western,2023-10-03,7.73205,79.80418,7.74874,79.80469,Manual Map Pin,1853.4,9.9,Very Low,False
EVT24802,Community New Year Carnival,U12840,Kandy Esala Perahera,Kandy,Central,2024-02-17,7.28229,80.63321,7.28278,80.63275,GPS Auto-Tag,73.7,91.2,High,True
EVT24803,Full Moon Party,U04934,Ramboda Falls Visit,Nuwara Eliya,Central,2023-04-26,7.05162,80.70233,7.05212,80.70201,GPS Auto-Tag,65.4,92.2,High,True
EVT24804,Community New Year Carnival,U14443,Nuwara Eliya Tea Factory Tour,Nuwara Eliya,Central,2025-08-09,6.95151,80.77105,6.94999,80.77322,GPS Auto-Tag,293.4,69.3,Medium,True
EVT24805,Private Wedding,U15367,Galle Fort Walking Tour,Galle,Southern,2025-03-22,6.02279,80.20708,6.02075,80.2102,Manual Map Pin,412.5,59.7,Low,False
EVT24806,Temple/Kovil Special Pooja,U14596,Peak Wilderness Sanctuary Trek,Ratnapura,Sabaragamuwa,2023-10-21,6.80751,80.49232,6.80777,80.49121,GPS Auto-Tag,125.9,85.4,High,True
EVT24807,Beach Party,U07474,Knuckles Mountain Range Trekking,Kandy/Matale,Central,2025-06-11,7.46507,80.79025,7.46383,80.79027,GPS Auto-Tag,137.6,84.2,Medium,True
EVT24808,Beach Party,U04073,Thalangama Wetland Birdwatching,Colombo,Western,2025-11-27,6.88096,79.93994,6.87698,79.94636,Manual Map Pin,833.9,35.3,Low,False
EVT24809,Food & Craft Fair,U06114,Mirissa Whale Watching & Beach,Matara,Southern,2024-01-27,5.95311,80.45441,5.95298,80.45315,GPS Auto-Tag,139.8,84.0,Medium,True
EVT24810,Village Perahera,U11979,Knuckles Conservation Forest Walk,Kandy/Matale,Central,2025-10-03,7.49043,80.78057,7.48738,80.78385,GPS Auto-Tag,495.1,53.9,Low,False
EVT24811,Food & Craft Fair,U08674,Pigeon Island Snorkeling,Trincomalee,Eastern,2023-02-14,8.71094,81.19611,8.71442,81.18509,Typed Address,1269.3,20.5,Very Low,False
EVT24812,Corporate Retreat Event,U16467,Polonnaruwa Cycling Tour,Polonnaruwa,North Central,2024-07-17,7.92895,81.00575,7.93303,81.01276,Manual Map Pin,894.5,32.7,Low,False
EVT24813,Temple/Kovil Special Pooja,U11818,Kalpitiya Dolphin Watching Eco Tour,Puttalam,North Western,2024-05-02,8.23544,79.75875,8.26651,79.77276,Typed Address,3776.8,0.9,Very Low,False
EVT24814,Food & Craft Fair,U13468,Trincomalee Whale Watching,Trincomalee,Eastern,2025-01-22,8.56288,81.22174,8.56279,81.22004,GPS Auto-Tag,187.6,79.1,Medium,True
EVT24815,Corporate Retreat Event,U13611,Vidattaltivu Lagoon,Mannar,Northern,2023-01-14,8.95252,80.04105,8.95191,80.03983,GPS Auto-Tag,149.8,82.9,Medium,True
EVT24816,Beach Party,U00980,Horton Plains & World's End Hike,Nuwara Eliya,Central,2025-09-05,6.81122,80.79629,6.80823,80.7949,GPS Auto-Tag,365.0,63.4,Medium,True
EVT24817,Full Moon Party,U00612,Anawilundawa Ramsar Wetland,Puttalam,North Western,2024-10-02,7.73906,79.82796,7.73512,79.8194,Manual Map Pin,1038.2,27.3,Very Low,False
EVT24818,Corporate Retreat Event,U04579,Udawalawe National Park Safari,Ratnapura/Moneragala,Sabaragamuwa,2023-06-08,6.48794,80.87994,6.48599,80.881,GPS Auto-Tag,246.2,73.5,Medium,True
EVT24819,Community New Year Carnival,U06183,Minneriya Elephant Gathering,Polonnaruwa,North Central,2024-12-27,8.02244,80.89911,8.01685,80.88652,Manual Map Pin,1516.1,15.0,Very Low,False
EVT24820,Private Wedding,U17435,Anawilundawa Ramsar Wetland,Puttalam,North Western,2023-09-08,7.73763,79.81486,7.68233,79.66892,Typed Address,17186.0,0.0,Very Low,False
EVT24821,Full Moon Party,U08703,Anawilundawa Ramsar Wetland,Puttalam,North Western,2024-06-18,7.72883,79.83865,7.73102,79.83789,GPS Auto-Tag,257.2,72.5,Medium,True
EVT24822,Pop-up Local Festival,U02311,Sinhala & Tamil New Year Village Games,Anuradhapura,North Central,2023-09-21,8.31233,80.42131,8.31842,80.42131,Manual Map Pin,675.5,43.0,Low,False
EVT24823,Private Wedding,U03505,Mannar Bird Migration Watching,Mannar,Northern,2025-01-26,8.97947,79.87924,8.98004,79.8791,GPS Auto-Tag,64.6,92.2,High,True
EVT24824,Beach Party,U16518,"New Year's Eve Countdown, Galle Face",Colombo,Western,2025-03-22,6.92681,79.8379,6.9227,79.84574,Manual Map Pin,976.7,29.5,Very Low,False
EVT24825,Private Wedding,U14458,Knuckles Conservation Forest Walk,Kandy/Matale,Central,2025-07-16,7.46385,80.77506,7.47782,80.75516,Typed Address,2683.4,3.5,Very Low,False
EVT24826,Village Perahera,U05953,Kalpitiya Dolphin Watching Eco Tour,Puttalam,North Western,2025-01-20,8.23479,79.77415,8.23503,79.77093,GPS Auto-Tag,354.2,64.2,Medium,True
EVT24827,Corporate Retreat Event,U15122,Pasikuda Beach,Batticaloa,Eastern,2023-04-28,7.94018,81.555,7.93957,81.55694,GPS Auto-Tag,224.2,75.6,Medium,True
EVT24828,Private Wedding,U09445,Bambarakanda Falls,Badulla,Uva,2025-04-30,6.76408,80.79175,6.76638,80.79165,GPS Auto-Tag,255.6,72.7,Medium,True
EVT24829,Food & Craft Fair,U02700,Madu Ganga Mangrove Boat Tour,Galle,Southern,2025-02-17,6.25119,80.04843,6.25247,80.04629,GPS Auto-Tag,274.8,70.9,Medium,True
EVT24830,Full Moon Party,U01542,Laxapana Falls Trek,Nuwara Eliya,Central,2025-11-05,6.92547,80.50133,6.92735,80.50223,GPS Auto-Tag,231.6,74.9,Medium,True
EVT24831,Private Wedding,U06444,"New Year's Eve Countdown, Galle Face",Colombo,Western,2023-01-10,6.91688,79.84411,6.91755,79.84582,GPS Auto-Tag,202.5,77.6,Medium,True
EVT24832,Private Wedding,U14977,Kitulgala White Water Rafting,Kegalle,Sabaragamuwa,2025-02-03,6.99628,80.4304,7.05639,80.35225,Typed Address,10892.8,0.0,Very Low,False
EVT24833,Full Moon Party,U05404,Victoria Park Nuwara Eliya,Nuwara Eliya,Central,2023-10-29,6.97951,80.76973,6.95901,80.74175,Typed Address,3831.8,0.8,Very Low,False
EVT24834,Live Music Night,U11182,Wadduwa Beach Escape,Kalutara,Western,2025-07-12,6.65213,79.93222,6.65124,79.9322,GPS Auto-Tag,98.9,88.4,High,True
EVT24835,Full Moon Party,U05105,Kataragama Esala Perahera,Monaragala,Uva,2024-04-23,6.41508,81.35399,6.41522,81.35903,Manual Map Pin,556.2,49.9,Low,False
EVT24836,Temple/Kovil Special Pooja,U15130,Aluvihare Rock Monastery,Matale,Central,2024-12-28,7.48315,80.61564,7.4851,80.6159,GPS Auto-Tag,218.2,76.1,Medium,True
EVT24837,Private Wedding,U14105,Hakgala Botanical Garden,Nuwara Eliya,Central,2025-09-03,6.91498,80.79783,6.91349,80.79903,GPS Auto-Tag,211.6,76.8,Medium,True
EVT24838,Temple/Kovil Special Pooja,U13601,Colombo Galle Face & City Tour,Colombo,Western,2023-01-20,6.93203,79.86301,6.93127,79.86085,GPS Auto-Tag,251.7,73.0,Medium,True
EVT24839,Community New Year Carnival,U11027,Pigeon Island Snorkeling,Trincomalee,Eastern,2025-12-04,8.73107,81.19937,8.73218,81.18772,Manual Map Pin,1284.2,20.1,Very Low,False
EVT24840,Temple/Kovil Special Pooja,U06147,Bellanwila-Attidiya Sanctuary,Colombo,Western,2024-10-11,6.82403,79.87858,6.8238,79.87942,GPS Auto-Tag,96.0,88.7,High,True
EVT24841,Village Perahera,U11276,Ravana Falls Abseiling,Badulla,Uva,2024-06-01,6.88545,81.05266,6.89375,81.05169,Manual Map Pin,926.6,31.4,Low,False
EVT24842,Live Music Night,U08350,Mannar Bird Migration Watching,Mannar,Northern,2025-07-28,8.97128,79.89376,8.9459,79.87772,Typed Address,3320.4,1.6,Very Low,False
EVT24843,Village Perahera,U05968,Anawilundawa Ramsar Wetland,Puttalam,North Western,2025-03-08,7.73319,79.81601,7.72988,79.8164,Manual Map Pin,370.0,63.0,Medium,True
EVT24844,Beach Party,U05607,Ritigala Forest Monastery,Anuradhapura,North Central,2024-03-01,8.10167,80.64968,8.10081,80.64991,GPS Auto-Tag,98.3,88.4,High,True
EVT24845,Beach Party,U05480,Kumana National Park Birding & Safari,Ampara,Eastern,2025-06-10,6.57679,81.665,6.5871,81.68533,Manual Map Pin,2517.3,4.3,Very Low,False
EVT24846,Full Moon Party,U16294,Knuckles Conservation Forest Walk,Kandy/Matale,Central,2025-06-11,7.4705,80.78484,7.46979,80.7841,GPS Auto-Tag,112.7,86.9,High,True
EVT24847,Community New Year Carnival,U01399,Laxapana Falls Trek,Nuwara Eliya,Central,2023-07-27,6.93325,80.51586,6.92238,80.53884,Manual Map Pin,2805.3,3.0,Very Low,False
EVT24848,Food & Craft Fair,U12569,Gal Oya Boat Safari,Ampara,Eastern,2025-02-11,7.16069,81.44283,7.1824,81.40853,Typed Address,4480.6,0.4,Very Low,False
EVT24849,Food & Craft Fair,U16920,Sinharaja Forest Reserve Nature Walk,Ratnapura/Galle,Sabaragamuwa,2023-03-19,6.38906,80.49588,6.3913,80.49517,GPS Auto-Tag,260.5,72.2,Medium,True
EVT24850,Temple/Kovil Special Pooja,U17916,Galle Fort Walking Tour,Galle,Southern,2024-11-28,6.02774,80.23381,6.02834,80.2336,GPS Auto-Tag,70.3,91.6,High,True
EVT24851,Community New Year Carnival,U04269,Madu Ganga Mangrove Boat Tour,Galle,Southern,2023-09-21,6.28251,80.03466,6.27966,80.03411,GPS Auto-Tag,321.8,66.9,Medium,True
EVT24852,Community New Year Carnival,U15225,Kalpitiya Kite Surfing,Puttalam,North Western,2025-06-20,8.24746,79.77623,8.24765,79.77357,GPS Auto-Tag,292.4,69.4,Medium,True
EVT24853,Pop-up Local Festival,U14618,"New Year's Eve Countdown, Galle Face",Colombo,Western,2023-01-21,6.91782,79.84976,6.91657,79.86481,Manual Map Pin,1663.7,12.5,Very Low,False
EVT24854,Private Wedding,U16220,Ritigala Forest Monastery,Anuradhapura,North Central,2025-09-21,8.12583,80.65596,8.12377,80.65731,GPS Auto-Tag,272.9,71.1,Medium,True
EVT24855,Village Perahera,U00464,Sinharaja Rainforest Trekking,Ratnapura/Galle,Sabaragamuwa,2025-01-23,6.42375,80.50082,6.42287,80.50104,GPS Auto-Tag,100.7,88.2,High,True
EVT24856,Temple/Kovil Special Pooja,U17716,Royal Botanical Garden Peradeniya,Kandy,Central,2025-03-14,7.25865,80.6058,7.26011,80.60558,GPS Auto-Tag,164.2,81.4,Medium,True
EVT24857,Temple/Kovil Special Pooja,U01505,Muthurajawela Marsh Boat Safari,Gampaha,Western,2025-10-19,7.08066,79.87535,7.07957,79.87651,GPS Auto-Tag,176.1,80.2,Medium,True
EVT24858,Full Moon Party,U08858,Sinharaja Rainforest Trekking,Ratnapura/Galle,Sabaragamuwa,2024-11-24,6.38199,80.48907,6.37891,80.48724,GPS Auto-Tag,397.3,60.9,Medium,True
EVT24859,Temple/Kovil Special Pooja,U16810,Madunagala Hot Springs,Hambantota,Southern,2023-01-13,6.26001,81.24547,6.30722,81.21678,Typed Address,6122.7,0.0,Very Low,False
EVT24860,Beach Party,U05580,Minneriya Elephant Gathering,Polonnaruwa,North Central,2024-04-02,8.02105,80.89422,8.01986,80.89342,GPS Auto-Tag,158.4,82.0,Medium,True
EVT24861,Pop-up Local Festival,U15653,Rathnapura Gem Mining Tour,Ratnapura,Sabaragamuwa,2024-07-20,6.6869,80.41762,6.6867,80.41955,GPS Auto-Tag,213.2,76.6,Medium,True
EVT24862,Village Perahera,U06915,Ramboda Falls Visit,Nuwara Eliya,Central,2025-11-08,7.02679,80.72157,7.0356,80.72808,Manual Map Pin,1213.1,22.0,Very Low,False
EVT24863,Food & Craft Fair,U16047,Horton Plains Cloud Forest Eco Walk,Nuwara Eliya,Central,2024-02-23,6.80605,80.81698,6.87284,80.87322,Typed Address,9664.0,0.0,Very Low,False
EVT24864,Community New Year Carnival,U12242,Kumana Bird Sanctuary,Ampara,Eastern,2024-01-30,6.57221,81.67777,6.57157,81.6787,GPS Auto-Tag,124.5,85.6,High,True
EVT24865,Full Moon Party,U04003,Lipton's Seat Viewpoint,Badulla,Uva,2025-03-15,6.81556,81.06726,6.85568,81.08477,Typed Address,4854.3,0.2,Very Low,False
EVT24866,Corporate Retreat Event,U02508,Diyaluma Infinity Pools,Badulla,Uva,2023-10-11,6.72484,81.01762,6.72581,81.02994,Manual Map Pin,1361.7,18.2,Very Low,False
EVT24867,Full Moon Party,U05511,Sinhala & Tamil New Year Village Games,Anuradhapura,North Central,2025-10-18,8.31343,80.41083,8.29519,80.51512,Typed Address,11632.0,0.0,Very Low,False
EVT24868,Temple/Kovil Special Pooja,U16116,St. Clair's & Devon Falls Viewpoint,Nuwara Eliya,Central,2023-11-13,7.03114,80.68129,7.02985,80.67314,Manual Map Pin,909.1,32.1,Low,False
EVT24869,Live Music Night,U01289,Madunagala Hot Springs,Hambantota,Southern,2025-09-26,6.24863,81.2351,6.31004,81.18037,Typed Address,9106.4,0.0,Very Low,False
EVT24870,Village Perahera,U05477,Haputale Viewpoint & Tea Estates,Badulla,Uva,2023-03-24,6.76663,80.93479,6.78295,80.86408,Typed Address,8002.0,0.0,Very Low,False
EVT24871,Community New Year Carnival,U07699,Arugam Bay Surfing,Ampara,Eastern,2025-09-15,6.83254,81.82353,6.83085,81.82546,GPS Auto-Tag,283.6,70.2,Medium,True
EVT24872,Community New Year Carnival,U05545,"New Year's Eve Countdown, Galle Face",Colombo,Western,2025-03-02,6.92037,79.83993,6.9204,79.85933,Manual Map Pin,2138.4,6.9,Very Low,False
EVT24873,Beach Party,U09208,Udawalawe National Park Safari,Ratnapura/Moneragala,Sabaragamuwa,2025-09-27,6.46606,80.8863,6.41598,80.93079,Typed Address,7415.5,0.0,Very Low,False
EVT24874,Live Music Night,U04594,Sinharaja Forest Reserve Nature Walk,Ratnapura/Galle,Sabaragamuwa,2025-07-16,6.41224,80.4922,6.42157,80.49092,Manual Map Pin,1044.6,27.1,Very Low,False
EVT24875,Food & Craft Fair,U17497,Vesak Festival (Colombo & Island-wide),Colombo,Western,2023-05-02,6.9238,79.86613,6.93982,79.88108,Typed Address,2423.1,4.8,Very Low,False
EVT24876,Live Music Night,U01959,Yapahuwa Rock Fortress,Kurunegala,North Western,2024-10-27,7.81981,80.20706,7.82271,80.2061,GPS Auto-Tag,338.4,65.5,Medium,True
EVT24877,Food & Craft Fair,U04195,Aluvihare Rock Monastery,Matale,Central,2023-05-21,7.50422,80.61958,7.50636,80.61974,GPS Auto-Tag,238.2,74.2,Medium,True
EVT24878,Community New Year Carnival,U09922,Nuwara Eliya Gregory Lake Boating,Nuwara Eliya,Central,2024-02-29,6.93829,80.78669,6.93671,80.78943,GPS Auto-Tag,350.3,64.5,Medium,True
EVT24879,Full Moon Party,U02781,Horton Plains Cloud Forest Eco Walk,Nuwara Eliya,Central,2025-08-19,6.79652,80.79147,6.86687,80.79225,Typed Address,7808.8,0.0,Very Low,False
EVT24880,Pop-up Local Festival,U00633,Minneriya Elephant Gathering,Polonnaruwa,North Central,2023-11-15,8.03568,80.8844,8.03663,80.87905,Manual Map Pin,597.3,47.4,Low,False
EVT24881,Temple/Kovil Special Pooja,U11120,Minneriya Elephant Gathering,Polonnaruwa,North Central,2024-06-16,8.04225,80.89671,8.00651,80.90074,Typed Address,3992.2,0.7,Very Low,False
EVT24882,Pop-up Local Festival,U04366,Nuwara Eliya Tea Factory Tour,Nuwara Eliya,Central,2023-10-13,6.97134,80.77245,6.97437,80.77202,GPS Auto-Tag,339.5,65.4,Medium,True
EVT24883,Corporate Retreat Event,U16020,Hiriwadunna Village,Anuradhapura,North Central,2023-07-11,7.98096,80.74856,7.98216,80.74691,GPS Auto-Tag,225.2,75.5,Medium,True
EVT24884,Corporate Retreat Event,U11057,Gal Oya Boat Safari,Ampara,Eastern,2025-08-31,7.16664,81.45313,7.17348,81.43635,Manual Map Pin,1998.1,8.2,Very Low,False
EVT24885,Private Wedding,U00368,Laxapana Falls Trek,Nuwara Eliya,Central,2024-05-18,6.92128,80.49468,6.919,80.49451,GPS Auto-Tag,253.6,72.8,Medium,True
EVT24886,Live Music Night,U16039,Royal Botanical Garden Peradeniya,Kandy,Central,2025-08-19,7.26588,80.5893,7.26758,80.5783,Manual Map Pin,1226.0,21.6,Very Low,False
EVT24887,Full Moon Party,U11292,Colombo Galle Face & City Tour,Colombo,Western,2023-11-24,6.92817,79.87567,6.92907,79.87682,GPS Auto-Tag,161.0,81.8,Medium,True
EVT24888,Live Music Night,U05903,Colombo Galle Face & City Tour,Colombo,Western,2023-03-03,6.93183,79.8504,6.95137,79.84656,Manual Map Pin,2209.5,6.3,Very Low,False
EVT24889,Full Moon Party,U09026,Hakgala Botanical Garden,Nuwara Eliya,Central,2024-06-30,6.91985,80.79188,6.92374,80.82932,Typed Address,4147.6,0.6,Very Low,False
EVT24890,Full Moon Party,U11171,Ritigala Forest Monastery,Anuradhapura,North Central,2023-12-02,8.12449,80.64713,8.12759,80.6779,Typed Address,3399.6,1.4,Very Low,False
EVT24891,Temple/Kovil Special Pooja,U03750,Wewurukannala & Buduruwagala Carvings,Badulla/Monaragala,Uva,2023-03-28,6.72741,81.17449,6.73755,81.18552,Manual Map Pin,1656.3,12.6,Very Low,False
EVT24892,Live Music Night,U10137,Kumana National Park Birding & Safari,Ampara,Eastern,2024-11-29,6.54933,81.67589,6.53618,81.66875,Manual Map Pin,1658.4,12.6,Very Low,False
EVT24893,Pop-up Local Festival,U16818,Peak Wilderness Sanctuary Trek,Ratnapura,Sabaragamuwa,2023-08-18,6.80844,80.49895,6.80872,80.49894,GPS Auto-Tag,31.4,96.2,High,True
EVT24894,Live Music Night,U06521,Kayts Island,Jaffna,Northern,2024-12-26,9.68253,79.98826,9.68172,79.98916,GPS Auto-Tag,133.4,84.6,Medium,True
EVT24895,Private Wedding,U13408,Sinharaja Rainforest Trekking,Ratnapura/Galle,Sabaragamuwa,2023-03-06,6.39871,80.5013,6.32031,80.50999,Typed Address,8755.2,0.0,Very Low,False
EVT24896,Beach Party,U07627,Mulkirigala Rock Monastery,Hambantota,Southern,2025-01-05,6.17332,80.86576,6.17382,80.86712,GPS Auto-Tag,159.8,81.9,Medium,True
EVT24897,Food & Craft Fair,U10673,Beddagana Wetland Park,Colombo,Western,2024-06-23,6.90006,79.91044,6.91896,79.90305,Typed Address,2249.5,6.0,Very Low,False
EVT24898,Corporate Retreat Event,U12482,Hakgala Botanical Garden,Nuwara Eliya,Central,2023-08-01,6.92442,80.7912,6.97427,80.77002,Typed Address,6005.0,0.1,Very Low,False
EVT24899,Corporate Retreat Event,U04977,Deepavali Festival (Colombo Kovils),Colombo,Western,2023-12-27,6.88903,79.84608,6.87983,79.84443,Manual Map Pin,1036.9,27.4,Very Low,False
EVT24900,Temple/Kovil Special Pooja,U01906,Minneriya Elephant Gathering,Polonnaruwa,North Central,2024-09-25,8.02899,80.90946,8.03857,80.88918,Typed Address,2469.7,4.6,Very Low,False
EVT24901,Private Wedding,U01316,Tangalle Beach Escape,Hambantota,Southern,2023-03-26,6.0224,80.77593,6.0234,80.77483,GPS Auto-Tag,163.9,81.5,Medium,True
EVT24902,Temple/Kovil Special Pooja,U04174,Kumana Bird Sanctuary,Ampara,Eastern,2023-11-23,6.57413,81.67589,6.57243,81.6735,GPS Auto-Tag,323.8,66.7,Medium,True
EVT24903,Private Wedding,U11880,Hurulu Eco Park,Polonnaruwa,North Central,2025-09-13,8.16567,80.88045,8.16549,80.8814,GPS Auto-Tag,105.5,87.6,High,True
EVT24904,Community New Year Carnival,U08965,Thalangama Wetland Birdwatching,Colombo,Western,2024-09-28,6.90439,79.9416,6.90567,79.94138,GPS Auto-Tag,143.7,83.6,Medium,True
EVT24905,Corporate Retreat Event,U12832,Meemure Village,Kandy,Central,2025-12-31,7.453,80.79029,7.45214,80.78761,GPS Auto-Tag,309.9,67.9,Medium,True
EVT24906,Live Music Night,U01195,Bambarakanda Falls,Badulla,Uva,2023-05-31,6.76729,80.79601,6.76751,80.79619,GPS Auto-Tag,31.2,96.2,High,True
EVT24907,Corporate Retreat Event,U05264,Bundala Wetland Birdwatching,Hambantota,Southern,2025-06-02,6.18115,81.20378,6.18686,81.23956,Typed Address,3999.4,0.7,Very Low,False
EVT24908,Pop-up Local Festival,U10822,Horton Plains Cloud Forest Eco Walk,Nuwara Eliya,Central,2023-09-23,6.80146,80.78816,6.80137,80.80321,Manual Map Pin,1658.5,12.6,Very Low,False
EVT24909,Beach Party,U08391,Hurulu Eco Park,Polonnaruwa,North Central,2025-05-12,8.15506,80.87879,8.15203,80.89123,Manual Map Pin,1407.1,17.2,Very Low,False
EVT24910,Temple/Kovil Special Pooja,U03069,Rekawa Turtle Conservation,Hambantota,Southern,2023-08-03,6.03938,80.82154,6.02001,80.79696,Typed Address,3461.6,1.3,Very Low,False
EVT24911,Live Music Night,U10279,Wewurukannala & Buduruwagala Carvings,Badulla/Monaragala,Uva,2023-12-30,6.69299,81.18611,6.68894,81.18843,Manual Map Pin,517.9,52.3,Low,False
EVT24912,Temple/Kovil Special Pooja,U08407,Mirissa Whale Watching & Beach,Matara,Southern,2024-01-02,5.94177,80.44782,5.95128,80.38795,Typed Address,6693.1,0.0,Very Low,False
EVT24913,Village Perahera,U17790,Delft Island,Jaffna,Northern,2023-09-12,9.50978,79.68651,9.50921,79.68649,GPS Auto-Tag,63.7,92.3,High,True
EVT24914,Corporate Retreat Event,U15597,Kandy Lake Evening Walk,Kandy,Central,2023-05-28,7.28208,80.62193,7.2814,80.62219,GPS Auto-Tag,81.0,90.4,High,True
EVT24915,Beach Party,U10870,Vidattaltivu Lagoon,Mannar,Northern,2023-08-11,8.95833,80.02038,8.97685,80.06965,Typed Address,5780.9,0.1,Very Low,False
EVT24916,Village Perahera,U01088,Delft Island,Jaffna,Northern,2024-05-31,9.55132,79.67025,9.55959,79.68699,Manual Map Pin,2049.5,7.7,Very Low,False
EVT24917,Live Music Night,U09921,Negombo Lagoon Boat Ride,Gampaha,Western,2023-02-02,7.20537,79.81926,7.20648,79.83213,Manual Map Pin,1422.9,16.9,Very Low,False
EVT24918,Food & Craft Fair,U15157,Mulkirigala Rock Monastery,Hambantota,Southern,2024-09-12,6.15114,80.88837,6.1393,80.87219,Typed Address,2216.9,6.3,Very Low,False
EVT24919,Full Moon Party,U01303,Pasikuda Beach,Batticaloa,Eastern,2024-01-20,7.92256,81.55348,7.92764,81.55705,Manual Map Pin,687.9,42.3,Low,False
EVT24920,Pop-up Local Festival,U00413,Bentota River Safari & Beach,Galle,Southern,2024-04-25,6.4242,80.01498,6.42539,80.01337,GPS Auto-Tag,221.2,75.8,Medium,True
EVT24921,Pop-up Local Festival,U03296,Kalpitiya Kite Surfing,Puttalam,North Western,2025-03-21,8.23672,79.7567,8.22498,79.7469,Manual Map Pin,1690.8,12.1,Very Low,False
EVT24922,Corporate Retreat Event,U06264,Anawilundawa Ramsar Wetland,Puttalam,North Western,2023-08-06,7.719,79.82853,7.72131,79.8428,Manual Map Pin,1591.2,13.7,Very Low,False
EVT24923,Corporate Retreat Event,U13296,Belihuloya River Adventures,Ratnapura,Sabaragamuwa,2023-12-27,6.69189,80.82407,6.69249,80.82469,GPS Auto-Tag,95.5,88.7,High,True
EVT24924,Full Moon Party,U07789,Panama-Kudumbigala Eco Reserve,Ampara,Eastern,2023-04-14,6.9105,81.78879,6.90926,81.78895,GPS Auto-Tag,138.3,84.1,Medium,True
EVT24925,Pop-up Local Festival,U09911,Kanneliya Rainforest Reserve,Galle,Southern,2023-06-11,6.23825,80.36453,6.23547,80.36559,GPS Auto-Tag,329.5,66.2,Medium,True
EVT24926,Private Wedding,U15708,Colombo Galle Face & City Tour,Colombo,Western,2025-05-31,6.92986,79.85196,6.9268,79.85153,GPS Auto-Tag,343.3,65.1,Medium,True
EVT24927,Pop-up Local Festival,U11290,Kayts Island,Jaffna,Northern,2024-08-10,9.67728,79.97685,9.67731,79.97711,GPS Auto-Tag,29.1,96.4,High,True
EVT24928,Temple/Kovil Special Pooja,U08804,Madunagala Hot Springs,Hambantota,Southern,2025-06-28,6.24256,81.25062,6.22593,81.27472,Typed Address,3236.7,1.7,Very Low,False
EVT24929,Community New Year Carnival,U04783,Bogoda Wooden Bridge,Badulla,Uva,2023-03-23,6.97171,81.02235,6.9704,81.0231,GPS Auto-Tag,167.4,81.1,Medium,True
EVT24930,Full Moon Party,U05814,Polonnaruwa Cycling Tour,Polonnaruwa,North Central,2023-09-19,7.93249,81.01428,7.93019,81.01445,Manual Map Pin,256.6,72.6,Medium,True
EVT24931,Beach Party,U03101,Kataragama Esala Perahera,Monaragala,Uva,2025-12-17,6.4285,81.33309,6.42886,81.33367,GPS Auto-Tag,75.7,91.0,High,True
EVT24932,Full Moon Party,U13959,Hakgala Botanical Garden,Nuwara Eliya,Central,2024-05-20,6.91496,80.78496,6.91336,80.78302,GPS Auto-Tag,278.7,70.6,Medium,True
EVT24933,Village Perahera,U05305,Riverston (Mini World's End),Matale,Central,2025-10-12,7.45967,80.73096,7.46059,80.76051,Typed Address,3253.8,1.7,Very Low,False
EVT24934,Food & Craft Fair,U17427,Yala National Park Safari,Hambantota,Southern,2023-01-12,6.36347,81.5181,6.42451,81.46657,Typed Address,8844.4,0.0,Very Low,False
EVT24935,Food & Craft Fair,U08484,Galle Fort Walking Tour,Galle,Southern,2024-04-29,6.03424,80.21173,6.03394,80.21461,GPS Auto-Tag,319.4,67.1,Medium,True
EVT24936,Pop-up Local Festival,U04429,Horton Plains & World's End Hike,Nuwara Eliya,Central,2025-04-04,6.78163,80.77565,6.78096,80.77758,GPS Auto-Tag,225.9,75.4,Medium,True
EVT24937,Live Music Night,U07277,Minneriya Elephant Gathering,Polonnaruwa,North Central,2024-09-25,8.03174,80.91391,8.03989,80.91698,Manual Map Pin,966.2,29.9,Very Low,False
EVT24938,Private Wedding,U10322,Royal Botanical Garden Peradeniya,Kandy,Central,2025-02-07,7.26768,80.60985,7.27507,80.60205,Manual Map Pin,1187.5,22.7,Very Low,False
EVT24939,Community New Year Carnival,U15111,Hakgala Botanical Garden,Nuwara Eliya,Central,2023-03-09,6.93009,80.78264,6.92814,80.78382,GPS Auto-Tag,252.6,72.9,Medium,True
EVT24940,Full Moon Party,U00144,Nuwara Eliya Tea Factory Tour,Nuwara Eliya,Central,2023-11-05,6.9806,80.76859,6.99068,80.77237,Manual Map Pin,1193.8,22.5,Very Low,False
EVT24941,Temple/Kovil Special Pooja,U00937,Adam's Peak (Sri Pada) Climb,Ratnapura,Sabaragamuwa,2024-08-20,6.78969,80.5007,6.78916,80.50007,GPS Auto-Tag,91.3,89.2,High,True
EVT24942,Corporate Retreat Event,U04232,Kanneliya Rainforest Reserve,Galle,Southern,2025-05-16,6.23753,80.35265,6.28373,80.37038,Typed Address,5488.3,0.1,Very Low,False
EVT24943,Community New Year Carnival,U13356,Riverston (Mini World's End),Matale,Central,2024-04-19,7.46347,80.73731,7.46232,80.73634,GPS Auto-Tag,166.9,81.2,Medium,True
EVT24944,Temple/Kovil Special Pooja,U07929,Muthurajawela Marsh Boat Safari,Gampaha,Western,2025-05-25,7.08054,79.88052,7.08364,79.88155,GPS Auto-Tag,362.5,63.6,Medium,True
EVT24945,Corporate Retreat Event,U06117,Horton Plains & World's End Hike,Nuwara Eliya,Central,2023-01-03,6.80719,80.79287,6.80788,80.79362,GPS Auto-Tag,112.1,86.9,High,True
EVT24946,Food & Craft Fair,U12737,Galle Fort Walking Tour,Galle,Southern,2025-08-20,6.01961,80.2215,6.01922,80.22158,GPS Auto-Tag,44.5,94.6,High,True
EVT24947,Temple/Kovil Special Pooja,U13169,Yapahuwa Rock Fortress,Kurunegala,North Western,2024-07-01,7.83574,80.19597,7.83552,80.19864,GPS Auto-Tag,294.1,69.2,Medium,True
EVT24948,Temple/Kovil Special Pooja,U14850,Muhudu Maha Vihara,Hambantota,Southern,2023-06-28,6.34647,81.46358,6.34564,81.4614,GPS Auto-Tag,258.0,72.4,Medium,True
EVT24949,Corporate Retreat Event,U00651,Gal Oya Kudugala Village Eco Trek,Ampara,Eastern,2024-06-08,7.15878,81.44149,7.15753,81.40233,Typed Address,4315.1,0.5,Very Low,False
EVT24950,Private Wedding,U05539,Minneriya-Kaudulla Elephant Corridor,Polonnaruwa,North Central,2023-03-03,8.03882,80.95384,8.0394,80.95458,GPS Auto-Tag,103.8,87.8,High,True
EVT24951,Full Moon Party,U13008,Galle Fort Walking Tour,Galle,Southern,2024-02-07,6.03081,80.20923,6.01122,80.27388,Typed Address,7460.4,0.0,Very Low,False
EVT24952,Food & Craft Fair,U16279,Kanniya Hot Springs,Trincomalee,Eastern,2023-12-29,8.6005,81.16018,8.59957,81.1592,GPS Auto-Tag,148.5,83.1,Medium,True
EVT24953,Corporate Retreat Event,U04941,Knuckles Conservation Forest Walk,Kandy/Matale,Central,2023-08-27,7.48765,80.77661,7.49879,80.78709,Manual Map Pin,1691.3,12.1,Very Low,False
EVT24954,Village Perahera,U02715,Delft Island,Jaffna,Northern,2024-11-21,9.52937,79.66104,9.53192,79.66053,GPS Auto-Tag,288.4,69.7,Medium,True
EVT24955,Village Perahera,U11657,Induruwa Turtle Conservation,Galle,Southern,2025-12-27,6.05552,80.05865,6.08676,80.05946,Manual Map Pin,3468.2,1.3,Very Low,False
EVT24956,Corporate Retreat Event,U00431,Thalangama Wetland Birdwatching,Colombo,Western,2024-09-15,6.90282,79.93046,6.90535,79.93908,Manual Map Pin,990.3,29.0,Very Low,False
EVT24957,Village Perahera,U16666,Sinharaja Rainforest Trekking,Ratnapura/Galle,Sabaragamuwa,2025-03-15,6.39308,80.50365,6.37922,80.44061,Typed Address,7121.4,0.0,Very Low,False
EVT24958,Temple/Kovil Special Pooja,U03127,Knuckles Conservation Forest Walk,Kandy/Matale,Central,2023-10-01,7.4688,80.77478,7.47885,80.77325,Manual Map Pin,1127.6,24.4,Very Low,False
EVT24959,Village Perahera,U09375,Hurulu Eco Park,Polonnaruwa,North Central,2023-07-27,8.16301,80.86141,8.10154,80.85969,Typed Address,6825.9,0.0,Very Low,False
EVT24960,Beach Party,U12170,Rekawa Turtle Conservation,Hambantota,Southern,2023-10-29,6.05352,80.83929,6.05135,80.84039,GPS Auto-Tag,269.9,71.4,Medium,True
EVT24961,Live Music Night,U04966,Udawalawe Elephant Transit Home,Ratnapura,Sabaragamuwa,2025-03-06,6.4348,80.88302,6.48308,80.84129,Typed Address,7064.0,0.0,Very Low,False
EVT24962,Community New Year Carnival,U01458,Nuwara Eliya April Season,Nuwara Eliya,Central,2024-05-07,6.94862,80.79057,6.96372,80.77753,Manual Map Pin,2208.7,6.3,Very Low,False
EVT24963,Pop-up Local Festival,U13889,Kalametiya Bird Sanctuary,Hambantota,Southern,2023-10-19,6.0716,80.92722,6.07074,80.9271,GPS Auto-Tag,96.6,88.6,High,True
EVT24964,Full Moon Party,U03362,Ambalangoda Mask Museum,Galle,Southern,2024-08-20,6.23917,80.0539,6.24083,80.05418,GPS Auto-Tag,186.3,79.2,Medium,True
EVT24965,Full Moon Party,U02436,Panama-Kudumbigala Eco Reserve,Ampara,Eastern,2023-10-20,6.91196,81.78915,6.93456,81.76818,Typed Address,3411.0,1.4,Very Low,False
EVT24966,Community New Year Carnival,U02770,Kumana Bird Sanctuary,Ampara,Eastern,2025-06-03,6.56186,81.67832,6.58023,81.68136,Manual Map Pin,2066.4,7.6,Very Low,False
EVT24967,Beach Party,U13472,Kosgoda Turtle Hatchery,Galle,Southern,2023-11-17,6.08144,79.98935,6.10287,79.99075,Typed Address,2383.6,5.1,Very Low,False
EVT24968,Community New Year Carnival,U07004,Delft Island,Jaffna,Northern,2023-06-24,9.54149,79.64731,9.54157,79.64562,GPS Auto-Tag,185.2,79.3,Medium,True
EVT24969,Temple/Kovil Special Pooja,U08819,Rathnapura Gem Mining Tour,Ratnapura,Sabaragamuwa,2024-03-18,6.69036,80.38562,6.67548,80.381,Manual Map Pin,1727.7,11.5,Very Low,False
EVT24970,Full Moon Party,U08667,Thalangama Wetland Birdwatching,Colombo,Western,2025-10-27,6.87891,79.90541,6.85446,79.87671,Typed Address,4168.1,0.5,Very Low,False
EVT24971,Full Moon Party,U14999,Minneriya-Kaudulla Elephant Corridor,Polonnaruwa,North Central,2024-10-01,8.0415,80.95614,8.03613,80.96487,Manual Map Pin,1130.5,24.3,Very Low,False
EVT24972,Food & Craft Fair,U03995,Sinharaja Forest Reserve Nature Walk,Ratnapura/Galle,Sabaragamuwa,2024-10-24,6.38172,80.49778,6.37944,80.4946,GPS Auto-Tag,432.0,58.3,Low,False
EVT24973,Village Perahera,U11153,Bopath Ella Falls Trek,Ratnapura,Sabaragamuwa,2023-08-20,6.73534,80.37109,6.73343,80.37094,GPS Auto-Tag,213.3,76.6,Medium,True
EVT24974,Community New Year Carnival,U04795,Mulkirigala Rock Monastery,Hambantota,Southern,2025-04-26,6.17464,80.88154,6.17316,80.87956,GPS Auto-Tag,273.3,71.1,Medium,True
EVT24975,Temple/Kovil Special Pooja,U02644,Nuwara Eliya Gregory Lake Boating,Nuwara Eliya,Central,2024-10-28,6.94782,80.79023,6.94706,80.79384,GPS Auto-Tag,407.0,60.1,Medium,True
EVT24976,Live Music Night,U10285,Udawalawe Elephant Transit Home,Ratnapura,Sabaragamuwa,2025-05-05,6.43928,80.88393,6.43634,80.88515,GPS Auto-Tag,352.5,64.4,Medium,True
EVT24977,Beach Party,U16267,Ambalangoda Mask Museum,Galle,Southern,2023-06-18,6.24187,80.05824,6.24413,80.10861,Typed Address,5563.7,0.1,Very Low,False
EVT24978,Pop-up Local Festival,U12271,Kalpitiya Kite Surfing,Puttalam,North Western,2025-04-03,8.23769,79.76629,8.23655,79.75761,Manual Map Pin,961.9,30.0,Low,False
EVT24979,Beach Party,U05764,St. Clair's & Devon Falls Viewpoint,Nuwara Eliya,Central,2024-01-04,7.04102,80.64475,7.03897,80.64308,GPS Auto-Tag,292.8,69.4,Medium,True
EVT24980,Pop-up Local Festival,U11971,Kataragama Esala Perahera,Monaragala,Uva,2025-01-21,6.41085,81.33263,6.40721,81.34122,Manual Map Pin,1029.6,27.6,Very Low,False
EVT24981,Full Moon Party,U16545,Yala National Park Safari,Hambantota,Southern,2023-07-12,6.36766,81.52456,6.36904,81.52311,GPS Auto-Tag,221.9,75.8,Medium,True
EVT24982,Community New Year Carnival,U10057,Lipton's Seat Viewpoint,Badulla,Uva,2023-10-21,6.80402,81.08271,6.80492,81.08146,GPS Auto-Tag,169.7,80.9,Medium,True
EVT24983,Full Moon Party,U07993,Diyasaru Wetland Park,Colombo,Western,2023-06-03,6.89911,79.92203,6.91187,79.92554,Manual Map Pin,1467.8,16.0,Very Low,False
EVT24984,Pop-up Local Festival,U15315,Gal Oya Boat Safari,Ampara,Eastern,2023-04-08,7.16122,81.47639,7.16839,81.48645,Manual Map Pin,1364.0,18.2,Very Low,False
EVT24985,Pop-up Local Festival,U01487,Delft Island,Jaffna,Northern,2025-10-03,9.55294,79.66339,9.55168,79.66126,GPS Auto-Tag,272.0,71.2,Medium,True
EVT24986,Temple/Kovil Special Pooja,U15301,Trincomalee Whale Watching,Trincomalee,Eastern,2023-07-15,8.56681,81.22612,8.57033,81.2299,Manual Map Pin,570.5,49.0,Low,False
EVT24987,Community New Year Carnival,U01023,Ambalangoda Mask Museum,Galle,Southern,2024-03-30,6.22941,80.06637,6.22873,80.06811,GPS Auto-Tag,206.0,77.3,Medium,True
EVT24988,Private Wedding,U08103,Vesak Festival (Colombo & Island-wide),Colombo,Western,2025-06-20,6.91784,79.84829,6.91758,79.84671,GPS Auto-Tag,175.8,80.3,Medium,True
EVT24989,Community New Year Carnival,U13056,Nilaveli Beach,Trincomalee,Eastern,2024-07-02,8.702,81.17365,8.70198,81.17144,GPS Auto-Tag,241.9,73.9,Medium,True
EVT24990,Temple/Kovil Special Pooja,U05297,Hikkaduwa Diving & Surfing,Galle,Southern,2024-12-12,6.13132,80.09597,6.12973,80.09461,GPS Auto-Tag,231.9,74.8,Medium,True
EVT24991,Village Perahera,U00899,Kalpitiya Kite Surfing,Puttalam,North Western,2025-06-07,8.22359,79.76311,8.2246,79.7675,Manual Map Pin,495.1,53.9,Low,False
EVT24992,Temple/Kovil Special Pooja,U06950,Nilaveli Beach,Trincomalee,Eastern,2025-04-04,8.69835,81.18493,8.71208,81.18398,Manual Map Pin,1528.6,14.8,Very Low,False
EVT24993,Village Perahera,U06699,Ella Rock & Little Adam's Peak Hike,Badulla,Uva,2024-06-16,6.85489,81.04857,6.85031,81.0616,Manual Map Pin,1523.6,14.9,Very Low,False
EVT24994,Full Moon Party,U06831,Pigeon Island Snorkeling,Trincomalee,Eastern,2025-03-26,8.69241,81.19364,8.69153,81.19227,GPS Auto-Tag,180.1,79.8,Medium,True
EVT24995,Temple/Kovil Special Pooja,U04881,Udawalawe Elephant Transit Home,Ratnapura,Sabaragamuwa,2024-01-31,6.4256,80.88557,6.4256,80.88473,GPS Auto-Tag,92.6,89.1,High,True
EVT24996,Full Moon Party,U05232,Meemure Village,Kandy,Central,2023-01-29,7.4695,80.79558,7.48047,80.81101,Manual Map Pin,2090.4,7.3,Very Low,False
EVT24997,Live Music Night,U09390,Bambarakanda Falls,Badulla,Uva,2023-05-17,6.78599,80.79315,6.78655,80.79357,GPS Auto-Tag,77.1,90.8,High,True
EVT24998,Beach Party,U11604,Kitulgala White Water Rafting,Kegalle,Sabaragamuwa,2025-06-08,6.97993,80.42336,7.01439,80.40126,Typed Address,4534.9,0.3,Very Low,False
EVT24999,Beach Party,U10112,Sinharaja Rainforest Trekking,Ratnapura/Galle,Sabaragamuwa,2025-12-03,6.3989,80.49427,6.40056,80.49525,GPS Auto-Tag,213.2,76.6,Medium,True
